2025-09-23 14:06:50,349 [Worker-4: Loading available Gradle versions] INFO  o.e.b.c.i.u.g.PublishedGradleVersions - Gradle version information cache is not available. Remote download required.
2025-10-13 10:16:14,586 [Worker-5: Loading available Gradle versions] INFO  o.e.b.c.i.u.g.PublishedGradleVersions - Gradle version information cache is out-of-date. Trying to update.
2025-10-13 10:20:11,636 [Worker-9: Building] INFO  o.e.m.c.i.l.LifecycleMappingFactory - Using org.eclipse.m2e.jdt.JarLifecycleMapping lifecycle mapping for MavenProject: health-insurance-claim-management-system:health-insurance-claim:0.0.1-SNAPSHOT @ C:\Users\2440888\OneDrive - Cognizant\Desktop\Health-Insurance-Claim\health-insurance-claim\pom.xml.
2025-10-13 10:20:19,131 [Worker-9: Building] INFO  o.a.m.s.f.DefaultMavenResourcesFiltering - Copying 1 resource from src\main\resources to target\classes
2025-10-13 10:20:19,187 [Worker-9: Building] INFO  o.a.m.s.f.DefaultMavenResourcesFiltering - Copying 17 resources from src\main\resources to target\classes
2025-10-13 10:20:19,483 [Worker-9: Building] INFO  o.a.m.s.f.DefaultMavenResourcesFiltering - skip non existing resourceDirectory C:\Users\2440888\OneDrive - Cognizant\Desktop\Health-Insurance-Claim\health-insurance-claim\src\test\resources
2025-10-13 10:20:22,175 [Worker-14: Building] INFO  o.a.m.s.f.DefaultMavenResourcesFiltering - Copying 1 resource from src\main\resources to target\classes
2025-10-13 10:20:22,183 [Worker-14: Building] INFO  o.a.m.s.f.DefaultMavenResourcesFiltering - Copying 17 resources from src\main\resources to target\classes
2025-10-13 10:20:22,271 [Worker-14: Building] INFO  o.a.m.s.f.DefaultMavenResourcesFiltering - skip non existing resourceDirectory C:\Users\2440888\OneDrive - Cognizant\Desktop\Health-Insurance-Claim\health-insurance-claim\src\test\resources
2025-10-13 10:28:26,335 [Worker-18: Building] INFO  o.a.m.s.f.DefaultMavenResourcesFiltering - Copying 1 resource from src\main\resources to target\classes
2025-10-13 10:28:26,392 [Worker-18: Building] INFO  o.a.m.s.f.DefaultMavenResourcesFiltering - Copying 17 resources from src\main\resources to target\classes
2025-10-13 10:28:26,605 [Worker-18: Building] INFO  o.a.m.s.f.DefaultMavenResourcesFiltering - skip non existing resourceDirectory C:\Users\2440888\OneDrive - Cognizant\Desktop\Health-Insurance-Claim\health-insurance-claim\src\test\resources
2025-10-13 10:28:40,061 [Worker-19: Building] INFO  o.a.m.s.f.DefaultMavenResourcesFiltering - Copying 1 resource from src\main\resources to target\classes
2025-10-13 10:28:40,093 [Worker-19: Building] INFO  o.a.m.s.f.DefaultMavenResourcesFiltering - Copying 17 resources from src\main\resources to target\classes
2025-10-13 10:28:40,385 [Worker-19: Building] INFO  o.a.m.s.f.DefaultMavenResourcesFiltering - skip non existing resourceDirectory C:\Users\2440888\OneDrive - Cognizant\Desktop\Health-Insurance-Claim\health-insurance-claim\src\test\resources
2025-10-13 10:29:06,462 [Worker-19: Building] INFO  o.a.m.s.f.DefaultMavenResourcesFiltering - Copying 1 resource from src\main\resources to target\classes
2025-10-13 10:29:06,481 [Worker-19: Building] INFO  o.a.m.s.f.DefaultMavenResourcesFiltering - Copying 17 resources from src\main\resources to target\classes
2025-10-13 10:29:06,734 [Worker-19: Building] INFO  o.a.m.s.f.DefaultMavenResourcesFiltering - skip non existing resourceDirectory C:\Users\2440888\OneDrive - Cognizant\Desktop\Health-Insurance-Claim\health-insurance-claim\src\test\resources
2025-10-13 10:29:10,872 [Worker-18: Building] INFO  o.a.m.s.f.DefaultMavenResourcesFiltering - Copying 1 resource from src\main\resources to target\classes
2025-10-13 10:29:10,880 [Worker-18: Building] INFO  o.a.m.s.f.DefaultMavenResourcesFiltering - Copying 17 resources from src\main\resources to target\classes
2025-10-13 10:29:10,896 [Worker-18: Building] INFO  o.a.m.s.f.DefaultMavenResourcesFiltering - skip non existing resourceDirectory C:\Users\2440888\OneDrive - Cognizant\Desktop\Health-Insurance-Claim\health-insurance-claim\src\test\resources
2025-10-13 10:30:49,121 [Worker-18: Building] INFO  o.a.m.s.f.DefaultMavenResourcesFiltering - Copying 1 resource from src\main\resources to target\classes
2025-10-13 10:30:49,158 [Worker-18: Building] INFO  o.a.m.s.f.DefaultMavenResourcesFiltering - Copying 17 resources from src\main\resources to target\classes
2025-10-13 10:30:49,401 [Worker-18: Building] INFO  o.a.m.s.f.DefaultMavenResourcesFiltering - skip non existing resourceDirectory C:\Users\2440888\OneDrive - Cognizant\Desktop\Health-Insurance-Claim\health-insurance-claim\src\test\resources
2025-10-13 10:32:18,462 [Worker-8: Building] INFO  o.a.m.s.f.DefaultMavenResourcesFiltering - Copying 1 resource from src\main\resources to target\classes
2025-10-13 10:32:18,488 [Worker-8: Building] INFO  o.a.m.s.f.DefaultMavenResourcesFiltering - Copying 17 resources from src\main\resources to target\classes
2025-10-13 10:32:18,722 [Worker-8: Building] INFO  o.a.m.s.f.DefaultMavenResourcesFiltering - skip non existing resourceDirectory C:\Users\2440888\OneDrive - Cognizant\Desktop\Health-Insurance-Claim\health-insurance-claim\src\test\resources
2025-10-13 10:32:22,748 [Worker-13: Building] INFO  o.a.m.s.f.DefaultMavenResourcesFiltering - Copying 1 resource from src\main\resources to target\classes
2025-10-13 10:32:22,761 [Worker-13: Building] INFO  o.a.m.s.f.DefaultMavenResourcesFiltering - Copying 17 resources from src\main\resources to target\classes
2025-10-13 10:32:22,777 [Worker-13: Building] INFO  o.a.m.s.f.DefaultMavenResourcesFiltering - skip non existing resourceDirectory C:\Users\2440888\OneDrive - Cognizant\Desktop\Health-Insurance-Claim\health-insurance-claim\src\test\resources
2025-10-13 10:32:25,907 [Worker-20: Building] INFO  o.a.m.s.f.DefaultMavenResourcesFiltering - Copying 1 resource from src\main\resources to target\classes
2025-10-13 10:32:25,925 [Worker-20: Building] INFO  o.a.m.s.f.DefaultMavenResourcesFiltering - Copying 17 resources from src\main\resources to target\classes
2025-10-13 10:32:25,945 [Worker-20: Building] INFO  o.a.m.s.f.DefaultMavenResourcesFiltering - skip non existing resourceDirectory C:\Users\2440888\OneDrive - Cognizant\Desktop\Health-Insurance-Claim\health-insurance-claim\src\test\resources
2025-10-13 10:32:56,525 [Worker-8: Building] INFO  o.a.m.s.f.DefaultMavenResourcesFiltering - Copying 1 resource from src\main\resources to target\classes
2025-10-13 10:32:56,549 [Worker-8: Building] INFO  o.a.m.s.f.DefaultMavenResourcesFiltering - Copying 17 resources from src\main\resources to target\classes
2025-10-13 10:32:56,812 [Worker-8: Building] INFO  o.a.m.s.f.DefaultMavenResourcesFiltering - skip non existing resourceDirectory C:\Users\2440888\OneDrive - Cognizant\Desktop\Health-Insurance-Claim\health-insurance-claim\src\test\resources
2025-10-13 10:33:53,667 [Worker-18: Building] INFO  o.a.m.s.f.DefaultMavenResourcesFiltering - Copying 1 resource from src\main\resources to target\classes
2025-10-13 10:33:53,690 [Worker-18: Building] INFO  o.a.m.s.f.DefaultMavenResourcesFiltering - Copying 17 resources from src\main\resources to target\classes
2025-10-13 10:33:53,857 [Worker-18: Building] INFO  o.a.m.s.f.DefaultMavenResourcesFiltering - skip non existing resourceDirectory C:\Users\2440888\OneDrive - Cognizant\Desktop\Health-Insurance-Claim\health-insurance-claim\src\test\resources
2025-10-13 10:34:10,515 [Worker-6: Building] INFO  o.a.m.s.f.DefaultMavenResourcesFiltering - Copying 1 resource from src\main\resources to target\classes
2025-10-13 10:34:10,531 [Worker-6: Building] INFO  o.a.m.s.f.DefaultMavenResourcesFiltering - Copying 17 resources from src\main\resources to target\classes
2025-10-13 10:34:10,767 [Worker-6: Building] INFO  o.a.m.s.f.DefaultMavenResourcesFiltering - skip non existing resourceDirectory C:\Users\2440888\OneDrive - Cognizant\Desktop\Health-Insurance-Claim\health-insurance-claim\src\test\resources
2025-10-13 10:34:14,709 [Worker-20: Building] INFO  o.a.m.s.f.DefaultMavenResourcesFiltering - Copying 1 resource from src\main\resources to target\classes
2025-10-13 10:34:14,723 [Worker-20: Building] INFO  o.a.m.s.f.DefaultMavenResourcesFiltering - Copying 17 resources from src\main\resources to target\classes
2025-10-13 10:34:14,761 [Worker-20: Building] INFO  o.a.m.s.f.DefaultMavenResourcesFiltering - skip non existing resourceDirectory C:\Users\2440888\OneDrive - Cognizant\Desktop\Health-Insurance-Claim\health-insurance-claim\src\test\resources
2025-10-13 10:35:07,823 [Worker-13: Building] INFO  o.a.m.s.f.DefaultMavenResourcesFiltering - Copying 1 resource from src\main\resources to target\classes
2025-10-13 10:35:07,840 [Worker-13: Building] INFO  o.a.m.s.f.DefaultMavenResourcesFiltering - Copying 17 resources from src\main\resources to target\classes
2025-10-13 10:35:08,083 [Worker-13: Building] INFO  o.a.m.s.f.DefaultMavenResourcesFiltering - skip non existing resourceDirectory C:\Users\2440888\OneDrive - Cognizant\Desktop\Health-Insurance-Claim\health-insurance-claim\src\test\resources
2025-10-13 10:35:11,567 [Worker-13: Building] INFO  o.a.m.s.f.DefaultMavenResourcesFiltering - Copying 1 resource from src\main\resources to target\classes
2025-10-13 10:35:11,573 [Worker-13: Building] INFO  o.a.m.s.f.DefaultMavenResourcesFiltering - Copying 17 resources from src\main\resources to target\classes
2025-10-13 10:35:11,591 [Worker-13: Building] INFO  o.a.m.s.f.DefaultMavenResourcesFiltering - skip non existing resourceDirectory C:\Users\2440888\OneDrive - Cognizant\Desktop\Health-Insurance-Claim\health-insurance-claim\src\test\resources
2025-10-13 10:35:15,781 [Worker-17: Building] INFO  o.a.m.s.f.DefaultMavenResourcesFiltering - Copying 1 resource from src\main\resources to target\classes
2025-10-13 10:35:15,799 [Worker-17: Building] INFO  o.a.m.s.f.DefaultMavenResourcesFiltering - Copying 17 resources from src\main\resources to target\classes
2025-10-13 10:35:15,855 [Worker-17: Building] INFO  o.a.m.s.f.DefaultMavenResourcesFiltering - skip non existing resourceDirectory C:\Users\2440888\OneDrive - Cognizant\Desktop\Health-Insurance-Claim\health-insurance-claim\src\test\resources
2025-10-13 10:35:50,681 [Worker-6: Building] INFO  o.a.m.s.f.DefaultMavenResourcesFiltering - Copying 1 resource from src\main\resources to target\classes
2025-10-13 10:35:50,708 [Worker-6: Building] INFO  o.a.m.s.f.DefaultMavenResourcesFiltering - Copying 17 resources from src\main\resources to target\classes
2025-10-13 10:35:50,921 [Worker-6: Building] INFO  o.a.m.s.f.DefaultMavenResourcesFiltering - skip non existing resourceDirectory C:\Users\2440888\OneDrive - Cognizant\Desktop\Health-Insurance-Claim\health-insurance-claim\src\test\resources
2025-10-13 10:36:11,634 [Worker-17: Building] INFO  o.a.m.s.f.DefaultMavenResourcesFiltering - Copying 1 resource from src\main\resources to target\classes
2025-10-13 10:36:11,659 [Worker-17: Building] INFO  o.a.m.s.f.DefaultMavenResourcesFiltering - Copying 17 resources from src\main\resources to target\classes
2025-10-13 10:36:11,901 [Worker-17: Building] INFO  o.a.m.s.f.DefaultMavenResourcesFiltering - skip non existing resourceDirectory C:\Users\2440888\OneDrive - Cognizant\Desktop\Health-Insurance-Claim\health-insurance-claim\src\test\resources
2025-10-13 10:36:15,167 [Worker-6: Building] INFO  o.a.m.s.f.DefaultMavenResourcesFiltering - Copying 1 resource from src\main\resources to target\classes
2025-10-13 10:36:15,181 [Worker-6: Building] INFO  o.a.m.s.f.DefaultMavenResourcesFiltering - Copying 17 resources from src\main\resources to target\classes
2025-10-13 10:36:15,212 [Worker-6: Building] INFO  o.a.m.s.f.DefaultMavenResourcesFiltering - skip non existing resourceDirectory C:\Users\2440888\OneDrive - Cognizant\Desktop\Health-Insurance-Claim\health-insurance-claim\src\test\resources
2025-10-13 10:37:13,695 [Worker-8: Building] INFO  o.a.m.s.f.DefaultMavenResourcesFiltering - Copying 1 resource from src\main\resources to target\classes
2025-10-13 10:37:13,717 [Worker-8: Building] INFO  o.a.m.s.f.DefaultMavenResourcesFiltering - Copying 17 resources from src\main\resources to target\classes
2025-10-13 10:37:13,941 [Worker-8: Building] INFO  o.a.m.s.f.DefaultMavenResourcesFiltering - skip non existing resourceDirectory C:\Users\2440888\OneDrive - Cognizant\Desktop\Health-Insurance-Claim\health-insurance-claim\src\test\resources
2025-10-13 10:37:40,053 [Worker-8: Building] INFO  o.a.m.s.f.DefaultMavenResourcesFiltering - Copying 1 resource from src\main\resources to target\classes
2025-10-13 10:37:40,086 [Worker-8: Building] INFO  o.a.m.s.f.DefaultMavenResourcesFiltering - Copying 17 resources from src\main\resources to target\classes
2025-10-13 10:37:40,272 [Worker-8: Building] INFO  o.a.m.s.f.DefaultMavenResourcesFiltering - skip non existing resourceDirectory C:\Users\2440888\OneDrive - Cognizant\Desktop\Health-Insurance-Claim\health-insurance-claim\src\test\resources
2025-10-13 10:39:01,645 [Worker-19: Building] INFO  o.a.m.s.f.DefaultMavenResourcesFiltering - Copying 1 resource from src\main\resources to target\classes
2025-10-13 10:39:01,806 [Worker-19: Building] INFO  o.a.m.s.f.DefaultMavenResourcesFiltering - Copying 0 resource from src\main\resources to target\classes
2025-10-13 10:39:01,809 [Worker-19: Building] INFO  o.a.m.s.f.DefaultMavenResourcesFiltering - skip non existing resourceDirectory C:\Users\2440888\OneDrive - Cognizant\Desktop\Health-Insurance-Claim\health-insurance-claim\src\test\resources
2025-10-13 11:12:44,883 [Worker-21: Building Workspace] INFO  o.a.m.s.f.DefaultMavenResourcesFiltering - Copying 0 resource from src\main\resources to target\classes
2025-10-13 11:12:44,988 [Worker-21: Building Workspace] INFO  o.a.m.s.f.DefaultMavenResourcesFiltering - Copying 3 resources from src\main\resources to target\classes
2025-10-13 11:12:45,035 [Worker-21: Building Workspace] INFO  o.a.m.s.f.DefaultMavenResourcesFiltering - skip non existing resourceDirectory C:\Users\2440888\OneDrive - Cognizant\Desktop\Health-Insurance-Claim\health-insurance-claim\src\test\resources
2025-10-13 12:03:24,390 [Worker-24: Building] INFO  o.a.m.s.f.DefaultMavenResourcesFiltering - Copying 0 resource from src\main\resources to target\classes
2025-10-13 12:03:24,478 [Worker-24: Building] INFO  o.a.m.s.f.DefaultMavenResourcesFiltering - Copying 4 resources from src\main\resources to target\classes
2025-10-13 12:03:24,589 [Worker-24: Building] INFO  o.a.m.s.f.DefaultMavenResourcesFiltering - skip non existing resourceDirectory C:\Users\2440888\OneDrive - Cognizant\Desktop\Health-Insurance-Claim\health-insurance-claim\src\test\resources
2025-10-13 12:03:39,968 [Worker-24: Building] INFO  o.a.m.s.f.DefaultMavenResourcesFiltering - Copying 0 resource from src\main\resources to target\classes
2025-10-13 12:03:40,096 [Worker-24: Building] INFO  o.a.m.s.f.DefaultMavenResourcesFiltering - Copying 1 resource from src\main\resources to target\classes
2025-10-13 12:03:40,119 [Worker-24: Building] INFO  o.a.m.s.f.DefaultMavenResourcesFiltering - skip non existing resourceDirectory C:\Users\2440888\OneDrive - Cognizant\Desktop\Health-Insurance-Claim\health-insurance-claim\src\test\resources
2025-10-13 12:03:42,524 [Worker-30: Building] INFO  o.a.m.s.f.DefaultMavenResourcesFiltering - Copying 0 resource from src\main\resources to target\classes
2025-10-13 12:03:42,534 [Worker-30: Building] INFO  o.a.m.s.f.DefaultMavenResourcesFiltering - Copying 1 resource from src\main\resources to target\classes
2025-10-13 12:03:42,554 [Worker-30: Building] INFO  o.a.m.s.f.DefaultMavenResourcesFiltering - skip non existing resourceDirectory C:\Users\2440888\OneDrive - Cognizant\Desktop\Health-Insurance-Claim\health-insurance-claim\src\test\resources
2025-10-13 12:07:46,005 [Worker-28: Building] INFO  o.a.m.s.f.DefaultMavenResourcesFiltering - Copying 0 resource from src\main\resources to target\classes
2025-10-13 12:07:46,089 [Worker-28: Building] INFO  o.a.m.s.f.DefaultMavenResourcesFiltering - Copying 3 resources from src\main\resources to target\classes
2025-10-13 12:07:46,160 [Worker-28: Building] INFO  o.a.m.s.f.DefaultMavenResourcesFiltering - skip non existing resourceDirectory C:\Users\2440888\OneDrive - Cognizant\Desktop\Health-Insurance-Claim\health-insurance-claim\src\test\resources
2025-10-13 12:08:16,626 [Worker-29: Building] INFO  o.a.m.s.f.DefaultMavenResourcesFiltering - Copying 0 resource from src\main\resources to target\classes
2025-10-13 12:08:16,701 [Worker-29: Building] INFO  o.a.m.s.f.DefaultMavenResourcesFiltering - Copying 4 resources from src\main\resources to target\classes
2025-10-13 12:08:16,800 [Worker-29: Building] INFO  o.a.m.s.f.DefaultMavenResourcesFiltering - skip non existing resourceDirectory C:\Users\2440888\OneDrive - Cognizant\Desktop\Health-Insurance-Claim\health-insurance-claim\src\test\resources
2025-10-13 12:09:39,237 [Worker-33: Building] INFO  o.a.m.s.f.DefaultMavenResourcesFiltering - Copying 1 resource from src\main\resources to target\classes
2025-10-13 12:09:39,317 [Worker-33: Building] INFO  o.a.m.s.f.DefaultMavenResourcesFiltering - Copying 17 resources from src\main\resources to target\classes
2025-10-13 12:09:39,483 [Worker-33: Building] INFO  o.a.m.s.f.DefaultMavenResourcesFiltering - skip non existing resourceDirectory C:\Users\2440888\OneDrive - Cognizant\Desktop\Health-Insurance-Claim\health-insurance-claim\src\test\resources
2025-10-13 12:10:16,279 [Worker-32: Building] INFO  o.a.m.s.f.DefaultMavenResourcesFiltering - Copying 1 resource from src\main\resources to target\classes
2025-10-13 12:10:16,300 [Worker-32: Building] INFO  o.a.m.s.f.DefaultMavenResourcesFiltering - Copying 17 resources from src\main\resources to target\classes
2025-10-13 12:10:16,459 [Worker-32: Building] INFO  o.a.m.s.f.DefaultMavenResourcesFiltering - skip non existing resourceDirectory C:\Users\2440888\OneDrive - Cognizant\Desktop\Health-Insurance-Claim\health-insurance-claim\src\test\resources
2025-10-13 12:12:11,196 [Worker-24: Building] INFO  o.a.m.s.f.DefaultMavenResourcesFiltering - Copying 0 resource from src\main\resources to target\classes
2025-10-13 12:12:11,311 [Worker-24: Building] INFO  o.a.m.s.f.DefaultMavenResourcesFiltering - Copying 1 resource from src\main\resources to target\classes
2025-10-13 12:12:11,323 [Worker-24: Building] INFO  o.a.m.s.f.DefaultMavenResourcesFiltering - skip non existing resourceDirectory C:\Users\2440888\OneDrive - Cognizant\Desktop\Health-Insurance-Claim\health-insurance-claim\src\test\resources
2025-10-13 12:13:42,815 [Worker-32: Building] INFO  o.a.m.s.f.DefaultMavenResourcesFiltering - Copying 0 resource from src\main\resources to target\classes
2025-10-13 12:13:42,944 [Worker-32: Building] INFO  o.a.m.s.f.DefaultMavenResourcesFiltering - Copying 1 resource from src\main\resources to target\classes
2025-10-13 12:13:42,955 [Worker-32: Building] INFO  o.a.m.s.f.DefaultMavenResourcesFiltering - skip non existing resourceDirectory C:\Users\2440888\OneDrive - Cognizant\Desktop\Health-Insurance-Claim\health-insurance-claim\src\test\resources
2025-10-13 12:14:50,054 [Worker-28: Building] INFO  o.a.m.s.f.DefaultMavenResourcesFiltering - Copying 0 resource from src\main\resources to target\classes
2025-10-13 12:14:50,180 [Worker-28: Building] INFO  o.a.m.s.f.DefaultMavenResourcesFiltering - Copying 1 resource from src\main\resources to target\classes
2025-10-13 12:14:50,193 [Worker-28: Building] INFO  o.a.m.s.f.DefaultMavenResourcesFiltering - skip non existing resourceDirectory C:\Users\2440888\OneDrive - Cognizant\Desktop\Health-Insurance-Claim\health-insurance-claim\src\test\resources
2025-10-13 12:20:27,966 [Worker-35: Building] INFO  o.e.m.c.i.l.LifecycleMappingFactory - Using org.eclipse.m2e.jdt.JarLifecycleMapping lifecycle mapping for MavenProject: health-insurance-claim-management-system:health-insurance-claim:0.0.1-SNAPSHOT @ C:\Users\2440888\OneDrive - Cognizant\Desktop\Health-Insurance-Claim\health-insurance-claim\pom.xml.
2025-10-13 12:20:28,263 [Worker-35: Building] INFO  o.e.m.c.i.e.AbstractTransferListenerAdapter - Downloading https://repo.maven.apache.org/maven2/org/springframework/boot/spring-boot-starter-thymeleaf/3.3.13/spring-boot-starter-thymeleaf-3.3.13.pom
2025-10-13 12:20:28,296 [Worker-35: Building] INFO  o.e.m.c.i.e.AbstractTransferListenerAdapter - Downloaded https://repo.maven.apache.org/maven2/org/springframework/boot/spring-boot-starter-thymeleaf/3.3.13/spring-boot-starter-thymeleaf-3.3.13.pom
2025-10-13 12:20:33,222 [Worker-35: Building] INFO  o.e.m.c.i.e.AbstractTransferListenerAdapter - Downloading https://repo.maven.apache.org/maven2/org/springframework/boot/spring-boot-starter-thymeleaf/3.3.13/spring-boot-starter-thymeleaf-3.3.13.jar
2025-10-13 12:20:33,260 [Worker-35: Building] INFO  o.e.m.c.i.e.AbstractTransferListenerAdapter - Downloaded https://repo.maven.apache.org/maven2/org/springframework/boot/spring-boot-starter-thymeleaf/3.3.13/spring-boot-starter-thymeleaf-3.3.13.jar
2025-10-13 12:20:34,926 [Worker-35: Building] INFO  o.a.m.s.f.DefaultMavenResourcesFiltering - Copying 0 resource from src\main\resources to target\classes
2025-10-13 12:20:35,045 [Worker-35: Building] INFO  o.a.m.s.f.DefaultMavenResourcesFiltering - Copying 0 resource from src\main\resources to target\classes
2025-10-13 12:20:35,053 [Worker-35: Building] INFO  o.a.m.s.f.DefaultMavenResourcesFiltering - skip non existing resourceDirectory C:\Users\2440888\OneDrive - Cognizant\Desktop\Health-Insurance-Claim\health-insurance-claim\src\test\resources
2025-10-13 12:20:35,398 [Worker-33: Download sources and javadoc] INFO  o.e.m.c.i.e.AbstractTransferListenerAdapter - Downloading https://repo.maven.apache.org/maven2/org/springframework/boot/spring-boot-starter-thymeleaf/3.3.13/spring-boot-starter-thymeleaf-3.3.13-sources.jar
2025-10-13 12:20:35,451 [Worker-33: Download sources and javadoc] INFO  o.e.m.c.i.e.AbstractTransferListenerAdapter - Downloaded https://repo.maven.apache.org/maven2/org/springframework/boot/spring-boot-starter-thymeleaf/3.3.13/spring-boot-starter-thymeleaf-3.3.13-sources.jar
2025-10-13 12:20:35,464 [Worker-33: Download sources and javadoc] INFO  o.e.m.j.internal.DownloadSourcesJob - Downloaded sources for org.springframework.boot:spring-boot-starter-thymeleaf:3.3.13
2025-10-13 12:20:38,800 [Worker-35: Building] INFO  o.a.m.s.f.DefaultMavenResourcesFiltering - Copying 1 resource from src\main\resources to target\classes
2025-10-13 12:20:38,824 [Worker-35: Building] INFO  o.a.m.s.f.DefaultMavenResourcesFiltering - Copying 17 resources from src\main\resources to target\classes
2025-10-13 12:20:39,050 [Worker-35: Building] INFO  o.a.m.s.f.DefaultMavenResourcesFiltering - skip non existing resourceDirectory C:\Users\2440888\OneDrive - Cognizant\Desktop\Health-Insurance-Claim\health-insurance-claim\src\test\resources
2025-10-13 12:22:03,487 [Worker-30: Building] INFO  o.a.m.s.f.DefaultMavenResourcesFiltering - Copying 1 resource from src\main\resources to target\classes
2025-10-13 12:22:03,507 [Worker-30: Building] INFO  o.a.m.s.f.DefaultMavenResourcesFiltering - Copying 17 resources from src\main\resources to target\classes
2025-10-13 12:22:03,648 [Worker-30: Building] INFO  o.a.m.s.f.DefaultMavenResourcesFiltering - skip non existing resourceDirectory C:\Users\2440888\OneDrive - Cognizant\Desktop\Health-Insurance-Claim\health-insurance-claim\src\test\resources
2025-10-13 12:22:14,496 [Worker-36: Building] INFO  o.a.m.s.f.DefaultMavenResourcesFiltering - Copying 1 resource from src\main\resources to target\classes
2025-10-13 12:22:14,517 [Worker-36: Building] INFO  o.a.m.s.f.DefaultMavenResourcesFiltering - Copying 17 resources from src\main\resources to target\classes
2025-10-13 12:22:14,713 [Worker-36: Building] INFO  o.a.m.s.f.DefaultMavenResourcesFiltering - skip non existing resourceDirectory C:\Users\2440888\OneDrive - Cognizant\Desktop\Health-Insurance-Claim\health-insurance-claim\src\test\resources
2025-10-13 12:24:51,581 [Worker-30: Building] INFO  o.a.m.s.f.DefaultMavenResourcesFiltering - Copying 1 resource from src\main\resources to target\classes
2025-10-13 12:24:51,689 [Worker-30: Building] INFO  o.a.m.s.f.DefaultMavenResourcesFiltering - Copying 0 resource from src\main\resources to target\classes
2025-10-13 12:24:51,691 [Worker-30: Building] INFO  o.a.m.s.f.DefaultMavenResourcesFiltering - skip non existing resourceDirectory C:\Users\2440888\OneDrive - Cognizant\Desktop\Health-Insurance-Claim\health-insurance-claim\src\test\resources
2025-10-13 12:25:14,185 [Worker-29: Building] INFO  o.a.m.s.f.DefaultMavenResourcesFiltering - Copying 1 resource from src\main\resources to target\classes
2025-10-13 12:25:14,295 [Worker-29: Building] INFO  o.a.m.s.f.DefaultMavenResourcesFiltering - Copying 0 resource from src\main\resources to target\classes
2025-10-13 12:25:14,297 [Worker-29: Building] INFO  o.a.m.s.f.DefaultMavenResourcesFiltering - skip non existing resourceDirectory C:\Users\2440888\OneDrive - Cognizant\Desktop\Health-Insurance-Claim\health-insurance-claim\src\test\resources
2025-10-13 12:28:08,431 [Worker-28: Building] INFO  o.a.m.s.f.DefaultMavenResourcesFiltering - Copying 0 resource from src\main\resources to target\classes
2025-10-13 12:28:08,524 [Worker-28: Building] INFO  o.a.m.s.f.DefaultMavenResourcesFiltering - Copying 1 resource from src\main\resources to target\classes
2025-10-13 12:28:08,532 [Worker-28: Building] INFO  o.a.m.s.f.DefaultMavenResourcesFiltering - skip non existing resourceDirectory C:\Users\2440888\OneDrive - Cognizant\Desktop\Health-Insurance-Claim\health-insurance-claim\src\test\resources
2025-10-13 12:30:43,322 [Worker-36: Building] INFO  o.a.m.s.f.DefaultMavenResourcesFiltering - Copying 0 resource from src\main\resources to target\classes
2025-10-13 12:30:43,408 [Worker-36: Building] INFO  o.a.m.s.f.DefaultMavenResourcesFiltering - Copying 1 resource from src\main\resources to target\classes
2025-10-13 12:30:43,418 [Worker-36: Building] INFO  o.a.m.s.f.DefaultMavenResourcesFiltering - skip non existing resourceDirectory C:\Users\2440888\OneDrive - Cognizant\Desktop\Health-Insurance-Claim\health-insurance-claim\src\test\resources
2025-10-13 12:32:07,058 [Worker-28: Building] INFO  o.a.m.s.f.DefaultMavenResourcesFiltering - Copying 0 resource from src\main\resources to target\classes
2025-10-13 12:32:07,150 [Worker-28: Building] INFO  o.a.m.s.f.DefaultMavenResourcesFiltering - Copying 1 resource from src\main\resources to target\classes
2025-10-13 12:32:07,159 [Worker-28: Building] INFO  o.a.m.s.f.DefaultMavenResourcesFiltering - skip non existing resourceDirectory C:\Users\2440888\OneDrive - Cognizant\Desktop\Health-Insurance-Claim\health-insurance-claim\src\test\resources
2025-10-13 12:33:37,833 [Worker-37: Building] INFO  o.a.m.s.f.DefaultMavenResourcesFiltering - Copying 0 resource from src\main\resources to target\classes
2025-10-13 12:33:37,925 [Worker-37: Building] INFO  o.a.m.s.f.DefaultMavenResourcesFiltering - Copying 1 resource from src\main\resources to target\classes
2025-10-13 12:33:37,934 [Worker-37: Building] INFO  o.a.m.s.f.DefaultMavenResourcesFiltering - skip non existing resourceDirectory C:\Users\2440888\OneDrive - Cognizant\Desktop\Health-Insurance-Claim\health-insurance-claim\src\test\resources
2025-10-13 12:36:17,664 [Worker-37: Building] INFO  o.a.m.s.f.DefaultMavenResourcesFiltering - Copying 0 resource from src\main\resources to target\classes
2025-10-13 12:36:17,752 [Worker-37: Building] INFO  o.a.m.s.f.DefaultMavenResourcesFiltering - Copying 1 resource from src\main\resources to target\classes
2025-10-13 12:36:17,763 [Worker-37: Building] INFO  o.a.m.s.f.DefaultMavenResourcesFiltering - skip non existing resourceDirectory C:\Users\2440888\OneDrive - Cognizant\Desktop\Health-Insurance-Claim\health-insurance-claim\src\test\resources
2025-10-13 12:38:40,808 [Worker-36: Building] INFO  o.a.m.s.f.DefaultMavenResourcesFiltering - Copying 0 resource from src\main\resources to target\classes
2025-10-13 12:38:40,889 [Worker-36: Building] INFO  o.a.m.s.f.DefaultMavenResourcesFiltering - Copying 1 resource from src\main\resources to target\classes
2025-10-13 12:38:40,899 [Worker-36: Building] INFO  o.a.m.s.f.DefaultMavenResourcesFiltering - skip non existing resourceDirectory C:\Users\2440888\OneDrive - Cognizant\Desktop\Health-Insurance-Claim\health-insurance-claim\src\test\resources
2025-10-13 12:39:47,272 [Worker-33: Building] INFO  o.a.m.s.f.DefaultMavenResourcesFiltering - Copying 0 resource from src\main\resources to target\classes
2025-10-13 12:39:47,383 [Worker-33: Building] INFO  o.a.m.s.f.DefaultMavenResourcesFiltering - Copying 1 resource from src\main\resources to target\classes
2025-10-13 12:39:47,396 [Worker-33: Building] INFO  o.a.m.s.f.DefaultMavenResourcesFiltering - skip non existing resourceDirectory C:\Users\2440888\OneDrive - Cognizant\Desktop\Health-Insurance-Claim\health-insurance-claim\src\test\resources
2025-10-13 12:42:12,320 [Worker-30: Building] INFO  o.a.m.s.f.DefaultMavenResourcesFiltering - Copying 0 resource from src\main\resources to target\classes
2025-10-13 12:42:12,414 [Worker-30: Building] INFO  o.a.m.s.f.DefaultMavenResourcesFiltering - Copying 1 resource from src\main\resources to target\classes
2025-10-13 12:42:12,422 [Worker-30: Building] INFO  o.a.m.s.f.DefaultMavenResourcesFiltering - skip non existing resourceDirectory C:\Users\2440888\OneDrive - Cognizant\Desktop\Health-Insurance-Claim\health-insurance-claim\src\test\resources
2025-10-13 12:42:40,196 [Worker-35: Building] INFO  o.a.m.s.f.DefaultMavenResourcesFiltering - Copying 0 resource from src\main\resources to target\classes
2025-10-13 12:42:40,287 [Worker-35: Building] INFO  o.a.m.s.f.DefaultMavenResourcesFiltering - Copying 1 resource from src\main\resources to target\classes
2025-10-13 12:42:40,297 [Worker-35: Building] INFO  o.a.m.s.f.DefaultMavenResourcesFiltering - skip non existing resourceDirectory C:\Users\2440888\OneDrive - Cognizant\Desktop\Health-Insurance-Claim\health-insurance-claim\src\test\resources
2025-10-13 12:44:47,890 [Worker-36: Building] INFO  o.a.m.s.f.DefaultMavenResourcesFiltering - Copying 0 resource from src\main\resources to target\classes
2025-10-13 12:44:47,979 [Worker-36: Building] INFO  o.a.m.s.f.DefaultMavenResourcesFiltering - Copying 1 resource from src\main\resources to target\classes
2025-10-13 12:44:47,989 [Worker-36: Building] INFO  o.a.m.s.f.DefaultMavenResourcesFiltering - skip non existing resourceDirectory C:\Users\2440888\OneDrive - Cognizant\Desktop\Health-Insurance-Claim\health-insurance-claim\src\test\resources
2025-10-13 12:46:32,247 [Worker-33: Building] INFO  o.a.m.s.f.DefaultMavenResourcesFiltering - Copying 0 resource from src\main\resources to target\classes
2025-10-13 12:46:32,368 [Worker-33: Building] INFO  o.a.m.s.f.DefaultMavenResourcesFiltering - Copying 1 resource from src\main\resources to target\classes
2025-10-13 12:46:32,389 [Worker-33: Building] INFO  o.a.m.s.f.DefaultMavenResourcesFiltering - skip non existing resourceDirectory C:\Users\2440888\OneDrive - Cognizant\Desktop\Health-Insurance-Claim\health-insurance-claim\src\test\resources
2025-10-13 12:46:48,354 [Worker-37: Building] INFO  o.a.m.s.f.DefaultMavenResourcesFiltering - Copying 0 resource from src\main\resources to target\classes
2025-10-13 12:46:48,447 [Worker-37: Building] INFO  o.a.m.s.f.DefaultMavenResourcesFiltering - Copying 1 resource from src\main\resources to target\classes
2025-10-13 12:46:48,456 [Worker-37: Building] INFO  o.a.m.s.f.DefaultMavenResourcesFiltering - skip non existing resourceDirectory C:\Users\2440888\OneDrive - Cognizant\Desktop\Health-Insurance-Claim\health-insurance-claim\src\test\resources
2025-10-13 12:48:46,295 [Worker-29: Building] INFO  o.a.m.s.f.DefaultMavenResourcesFiltering - Copying 0 resource from src\main\resources to target\classes
2025-10-13 12:48:46,414 [Worker-29: Building] INFO  o.a.m.s.f.DefaultMavenResourcesFiltering - Copying 1 resource from src\main\resources to target\classes
2025-10-13 12:48:46,428 [Worker-29: Building] INFO  o.a.m.s.f.DefaultMavenResourcesFiltering - skip non existing resourceDirectory C:\Users\2440888\OneDrive - Cognizant\Desktop\Health-Insurance-Claim\health-insurance-claim\src\test\resources
2025-10-13 12:50:06,309 [Worker-37: Building] INFO  o.a.m.s.f.DefaultMavenResourcesFiltering - Copying 1 resource from src\main\resources to target\classes
2025-10-13 12:50:06,451 [Worker-37: Building] INFO  o.a.m.s.f.DefaultMavenResourcesFiltering - Copying 0 resource from src\main\resources to target\classes
2025-10-13 12:50:06,456 [Worker-37: Building] INFO  o.a.m.s.f.DefaultMavenResourcesFiltering - skip non existing resourceDirectory C:\Users\2440888\OneDrive - Cognizant\Desktop\Health-Insurance-Claim\health-insurance-claim\src\test\resources
2025-10-13 12:51:57,860 [Worker-28: Building] INFO  o.a.m.s.f.DefaultMavenResourcesFiltering - Copying 0 resource from src\main\resources to target\classes
2025-10-13 12:51:57,953 [Worker-28: Building] INFO  o.a.m.s.f.DefaultMavenResourcesFiltering - Copying 0 resource from src\main\resources to target\classes
2025-10-13 12:51:57,955 [Worker-28: Building] INFO  o.a.m.s.f.DefaultMavenResourcesFiltering - skip non existing resourceDirectory C:\Users\2440888\OneDrive - Cognizant\Desktop\Health-Insurance-Claim\health-insurance-claim\src\test\resources
2025-10-13 12:52:00,455 [Worker-34: Building] INFO  o.a.m.s.f.DefaultMavenResourcesFiltering - Copying 1 resource from src\main\resources to target\classes
2025-10-13 12:52:00,478 [Worker-34: Building] INFO  o.a.m.s.f.DefaultMavenResourcesFiltering - Copying 17 resources from src\main\resources to target\classes
2025-10-13 12:52:00,610 [Worker-34: Building] INFO  o.a.m.s.f.DefaultMavenResourcesFiltering - skip non existing resourceDirectory C:\Users\2440888\OneDrive - Cognizant\Desktop\Health-Insurance-Claim\health-insurance-claim\src\test\resources
2025-10-13 12:52:21,790 [Worker-24: Building] INFO  o.a.m.s.f.DefaultMavenResourcesFiltering - Copying 1 resource from src\main\resources to target\classes
2025-10-13 12:52:21,898 [Worker-24: Building] INFO  o.a.m.s.f.DefaultMavenResourcesFiltering - Copying 0 resource from src\main\resources to target\classes
2025-10-13 12:52:21,901 [Worker-24: Building] INFO  o.a.m.s.f.DefaultMavenResourcesFiltering - skip non existing resourceDirectory C:\Users\2440888\OneDrive - Cognizant\Desktop\Health-Insurance-Claim\health-insurance-claim\src\test\resources
2025-10-13 12:53:14,041 [Worker-37: Building] INFO  o.a.m.s.f.DefaultMavenResourcesFiltering - Copying 1 resource from src\main\resources to target\classes
2025-10-13 12:53:14,060 [Worker-37: Building] INFO  o.a.m.s.f.DefaultMavenResourcesFiltering - Copying 17 resources from src\main\resources to target\classes
2025-10-13 12:53:14,250 [Worker-37: Building] INFO  o.a.m.s.f.DefaultMavenResourcesFiltering - skip non existing resourceDirectory C:\Users\2440888\OneDrive - Cognizant\Desktop\Health-Insurance-Claim\health-insurance-claim\src\test\resources
2025-10-13 12:56:33,119 [Worker-36: Building] INFO  o.a.m.s.f.DefaultMavenResourcesFiltering - Copying 0 resource from src\main\resources to target\classes
2025-10-13 12:56:33,221 [Worker-36: Building] INFO  o.a.m.s.f.DefaultMavenResourcesFiltering - Copying 1 resource from src\main\resources to target\classes
2025-10-13 12:56:33,230 [Worker-36: Building] INFO  o.a.m.s.f.DefaultMavenResourcesFiltering - skip non existing resourceDirectory C:\Users\2440888\OneDrive - Cognizant\Desktop\Health-Insurance-Claim\health-insurance-claim\src\test\resources
2025-10-13 13:02:04,366 [Worker-24: Building] INFO  o.a.m.s.f.DefaultMavenResourcesFiltering - Copying 1 resource from src\main\resources to target\classes
2025-10-13 13:02:04,416 [Worker-24: Building] INFO  o.a.m.s.f.DefaultMavenResourcesFiltering - Copying 17 resources from src\main\resources to target\classes
2025-10-13 13:02:04,668 [Worker-24: Building] INFO  o.a.m.s.f.DefaultMavenResourcesFiltering - skip non existing resourceDirectory C:\Users\2440888\OneDrive - Cognizant\Desktop\Health-Insurance-Claim\health-insurance-claim\src\test\resources
2025-10-13 13:04:31,627 [Worker-35: Building] INFO  o.a.m.s.f.DefaultMavenResourcesFiltering - Copying 0 resource from src\main\resources to target\classes
2025-10-13 13:04:31,730 [Worker-35: Building] INFO  o.a.m.s.f.DefaultMavenResourcesFiltering - Copying 1 resource from src\main\resources to target\classes
2025-10-13 13:04:31,742 [Worker-35: Building] INFO  o.a.m.s.f.DefaultMavenResourcesFiltering - skip non existing resourceDirectory C:\Users\2440888\OneDrive - Cognizant\Desktop\Health-Insurance-Claim\health-insurance-claim\src\test\resources
2025-10-13 13:30:48,455 [Worker-38: Building] INFO  o.a.m.s.f.DefaultMavenResourcesFiltering - Copying 1 resource from src\main\resources to target\classes
2025-10-13 13:30:48,480 [Worker-38: Building] INFO  o.a.m.s.f.DefaultMavenResourcesFiltering - Copying 17 resources from src\main\resources to target\classes
2025-10-13 13:30:48,666 [Worker-38: Building] INFO  o.a.m.s.f.DefaultMavenResourcesFiltering - skip non existing resourceDirectory C:\Users\2440888\OneDrive - Cognizant\Desktop\Health-Insurance-Claim\health-insurance-claim\src\test\resources
2025-10-13 13:30:58,668 [Worker-39: Building] INFO  o.a.m.s.f.DefaultMavenResourcesFiltering - Copying 1 resource from src\main\resources to target\classes
2025-10-13 13:30:58,690 [Worker-39: Building] INFO  o.a.m.s.f.DefaultMavenResourcesFiltering - Copying 17 resources from src\main\resources to target\classes
2025-10-13 13:30:58,916 [Worker-39: Building] INFO  o.a.m.s.f.DefaultMavenResourcesFiltering - skip non existing resourceDirectory C:\Users\2440888\OneDrive - Cognizant\Desktop\Health-Insurance-Claim\health-insurance-claim\src\test\resources
2025-10-13 13:31:11,933 [Worker-41: Building] INFO  o.a.m.s.f.DefaultMavenResourcesFiltering - Copying 1 resource from src\main\resources to target\classes
2025-10-13 13:31:11,977 [Worker-41: Building] INFO  o.a.m.s.f.DefaultMavenResourcesFiltering - Copying 17 resources from src\main\resources to target\classes
2025-10-13 13:31:12,304 [Worker-41: Building] INFO  o.a.m.s.f.DefaultMavenResourcesFiltering - skip non existing resourceDirectory C:\Users\2440888\OneDrive - Cognizant\Desktop\Health-Insurance-Claim\health-insurance-claim\src\test\resources
2025-10-13 13:31:35,999 [Worker-40: Building] INFO  o.a.m.s.f.DefaultMavenResourcesFiltering - Copying 0 resource from src\main\resources to target\classes
2025-10-13 13:31:36,136 [Worker-40: Building] INFO  o.a.m.s.f.DefaultMavenResourcesFiltering - Copying 1 resource from src\main\resources to target\classes
2025-10-13 13:31:36,155 [Worker-40: Building] INFO  o.a.m.s.f.DefaultMavenResourcesFiltering - skip non existing resourceDirectory C:\Users\2440888\OneDrive - Cognizant\Desktop\Health-Insurance-Claim\health-insurance-claim\src\test\resources
2025-10-13 13:31:59,946 [Worker-38: Building] INFO  o.a.m.s.f.DefaultMavenResourcesFiltering - Copying 0 resource from src\main\resources to target\classes
2025-10-13 13:32:00,060 [Worker-38: Building] INFO  o.a.m.s.f.DefaultMavenResourcesFiltering - Copying 1 resource from src\main\resources to target\classes
2025-10-13 13:32:00,073 [Worker-38: Building] INFO  o.a.m.s.f.DefaultMavenResourcesFiltering - skip non existing resourceDirectory C:\Users\2440888\OneDrive - Cognizant\Desktop\Health-Insurance-Claim\health-insurance-claim\src\test\resources
2025-10-13 13:36:42,854 [Worker-41: Building] INFO  o.a.m.s.f.DefaultMavenResourcesFiltering - Copying 0 resource from src\main\resources to target\classes
2025-10-13 13:36:42,962 [Worker-41: Building] INFO  o.a.m.s.f.DefaultMavenResourcesFiltering - Copying 1 resource from src\main\resources to target\classes
2025-10-13 13:36:42,971 [Worker-41: Building] INFO  o.a.m.s.f.DefaultMavenResourcesFiltering - skip non existing resourceDirectory C:\Users\2440888\OneDrive - Cognizant\Desktop\Health-Insurance-Claim\health-insurance-claim\src\test\resources
2025-10-13 13:37:35,071 [Worker-28: Building] INFO  o.a.m.s.f.DefaultMavenResourcesFiltering - Copying 1 resource from src\main\resources to target\classes
2025-10-13 13:37:35,093 [Worker-28: Building] INFO  o.a.m.s.f.DefaultMavenResourcesFiltering - Copying 17 resources from src\main\resources to target\classes
2025-10-13 13:37:35,289 [Worker-28: Building] INFO  o.a.m.s.f.DefaultMavenResourcesFiltering - skip non existing resourceDirectory C:\Users\2440888\OneDrive - Cognizant\Desktop\Health-Insurance-Claim\health-insurance-claim\src\test\resources
2025-10-13 13:40:19,023 [Worker-38: Building] INFO  o.a.m.s.f.DefaultMavenResourcesFiltering - Copying 0 resource from src\main\resources to target\classes
2025-10-13 13:40:19,133 [Worker-38: Building] INFO  o.a.m.s.f.DefaultMavenResourcesFiltering - Copying 1 resource from src\main\resources to target\classes
2025-10-13 13:40:19,168 [Worker-38: Building] INFO  o.a.m.s.f.DefaultMavenResourcesFiltering - skip non existing resourceDirectory C:\Users\2440888\OneDrive - Cognizant\Desktop\Health-Insurance-Claim\health-insurance-claim\src\test\resources
2025-10-13 13:40:42,205 [Worker-33: Building] INFO  o.a.m.s.f.DefaultMavenResourcesFiltering - Copying 1 resource from src\main\resources to target\classes
2025-10-13 13:40:42,223 [Worker-33: Building] INFO  o.a.m.s.f.DefaultMavenResourcesFiltering - Copying 17 resources from src\main\resources to target\classes
2025-10-13 13:40:42,370 [Worker-33: Building] INFO  o.a.m.s.f.DefaultMavenResourcesFiltering - skip non existing resourceDirectory C:\Users\2440888\OneDrive - Cognizant\Desktop\Health-Insurance-Claim\health-insurance-claim\src\test\resources
2025-10-13 13:46:58,521 [Worker-30: Building] INFO  o.a.m.s.f.DefaultMavenResourcesFiltering - Copying 0 resource from src\main\resources to target\classes
2025-10-13 13:46:58,619 [Worker-30: Building] INFO  o.a.m.s.f.DefaultMavenResourcesFiltering - Copying 1 resource from src\main\resources to target\classes
2025-10-13 13:46:58,631 [Worker-30: Building] INFO  o.a.m.s.f.DefaultMavenResourcesFiltering - skip non existing resourceDirectory C:\Users\2440888\OneDrive - Cognizant\Desktop\Health-Insurance-Claim\health-insurance-claim\src\test\resources
2025-10-13 13:51:06,508 [Worker-40: Building] INFO  o.a.m.s.f.DefaultMavenResourcesFiltering - Copying 1 resource from src\main\resources to target\classes
2025-10-13 13:51:06,556 [Worker-40: Building] INFO  o.a.m.s.f.DefaultMavenResourcesFiltering - Copying 17 resources from src\main\resources to target\classes
2025-10-13 13:51:06,714 [Worker-40: Building] INFO  o.a.m.s.f.DefaultMavenResourcesFiltering - skip non existing resourceDirectory C:\Users\2440888\OneDrive - Cognizant\Desktop\Health-Insurance-Claim\health-insurance-claim\src\test\resources
2025-10-13 15:59:06,466 [Worker-46: Building] INFO  o.a.m.s.f.DefaultMavenResourcesFiltering - Copying 1 resource from src\main\resources to target\classes
2025-10-13 15:59:06,609 [Worker-46: Building] INFO  o.a.m.s.f.DefaultMavenResourcesFiltering - Copying 17 resources from src\main\resources to target\classes
2025-10-13 15:59:06,838 [Worker-46: Building] INFO  o.a.m.s.f.DefaultMavenResourcesFiltering - skip non existing resourceDirectory C:\Users\2440888\OneDrive - Cognizant\Desktop\Health-Insurance-Claim\health-insurance-claim\src\test\resources
2025-10-13 16:01:17,429 [Worker-44: Building] INFO  o.a.m.s.f.DefaultMavenResourcesFiltering - Copying 1 resource from src\main\resources to target\classes
2025-10-13 16:01:17,449 [Worker-44: Building] INFO  o.a.m.s.f.DefaultMavenResourcesFiltering - Copying 17 resources from src\main\resources to target\classes
2025-10-13 16:01:17,653 [Worker-44: Building] INFO  o.a.m.s.f.DefaultMavenResourcesFiltering - skip non existing resourceDirectory C:\Users\2440888\OneDrive - Cognizant\Desktop\Health-Insurance-Claim\health-insurance-claim\src\test\resources
2025-10-13 16:01:49,999 [Worker-41: Building] INFO  o.a.m.s.f.DefaultMavenResourcesFiltering - Copying 1 resource from src\main\resources to target\classes
2025-10-13 16:01:50,034 [Worker-41: Building] INFO  o.a.m.s.f.DefaultMavenResourcesFiltering - Copying 17 resources from src\main\resources to target\classes
2025-10-13 16:01:50,271 [Worker-41: Building] INFO  o.a.m.s.f.DefaultMavenResourcesFiltering - skip non existing resourceDirectory C:\Users\2440888\OneDrive - Cognizant\Desktop\Health-Insurance-Claim\health-insurance-claim\src\test\resources
2025-10-13 16:01:56,531 [Worker-46: Building] INFO  o.a.m.s.f.DefaultMavenResourcesFiltering - Copying 1 resource from src\main\resources to target\classes
2025-10-13 16:01:56,543 [Worker-46: Building] INFO  o.a.m.s.f.DefaultMavenResourcesFiltering - Copying 17 resources from src\main\resources to target\classes
2025-10-13 16:01:56,560 [Worker-46: Building] INFO  o.a.m.s.f.DefaultMavenResourcesFiltering - skip non existing resourceDirectory C:\Users\2440888\OneDrive - Cognizant\Desktop\Health-Insurance-Claim\health-insurance-claim\src\test\resources
2025-10-13 16:02:22,018 [Worker-41: Building] INFO  o.a.m.s.f.DefaultMavenResourcesFiltering - Copying 1 resource from src\main\resources to target\classes
2025-10-13 16:02:22,043 [Worker-41: Building] INFO  o.a.m.s.f.DefaultMavenResourcesFiltering - Copying 17 resources from src\main\resources to target\classes
2025-10-13 16:02:22,251 [Worker-41: Building] INFO  o.a.m.s.f.DefaultMavenResourcesFiltering - skip non existing resourceDirectory C:\Users\2440888\OneDrive - Cognizant\Desktop\Health-Insurance-Claim\health-insurance-claim\src\test\resources
2025-10-13 16:02:41,998 [Worker-44: Building] INFO  o.a.m.s.f.DefaultMavenResourcesFiltering - Copying 1 resource from src\main\resources to target\classes
2025-10-13 16:02:42,101 [Worker-44: Building] INFO  o.a.m.s.f.DefaultMavenResourcesFiltering - Copying 17 resources from src\main\resources to target\classes
2025-10-13 16:02:42,365 [Worker-44: Building] INFO  o.a.m.s.f.DefaultMavenResourcesFiltering - skip non existing resourceDirectory C:\Users\2440888\OneDrive - Cognizant\Desktop\Health-Insurance-Claim\health-insurance-claim\src\test\resources
2025-10-13 16:03:23,684 [Worker-45: Building] INFO  o.a.m.s.f.DefaultMavenResourcesFiltering - Copying 1 resource from src\main\resources to target\classes
2025-10-13 16:03:23,704 [Worker-45: Building] INFO  o.a.m.s.f.DefaultMavenResourcesFiltering - Copying 17 resources from src\main\resources to target\classes
2025-10-13 16:03:23,916 [Worker-45: Building] INFO  o.a.m.s.f.DefaultMavenResourcesFiltering - skip non existing resourceDirectory C:\Users\2440888\OneDrive - Cognizant\Desktop\Health-Insurance-Claim\health-insurance-claim\src\test\resources
2025-10-13 16:03:32,332 [Worker-48: Building] INFO  o.a.m.s.f.DefaultMavenResourcesFiltering - Copying 1 resource from src\main\resources to target\classes
2025-10-13 16:03:32,340 [Worker-48: Building] INFO  o.a.m.s.f.DefaultMavenResourcesFiltering - Copying 17 resources from src\main\resources to target\classes
2025-10-13 16:03:32,355 [Worker-48: Building] INFO  o.a.m.s.f.DefaultMavenResourcesFiltering - skip non existing resourceDirectory C:\Users\2440888\OneDrive - Cognizant\Desktop\Health-Insurance-Claim\health-insurance-claim\src\test\resources
2025-10-13 16:04:01,500 [Worker-41: Building] INFO  o.a.m.s.f.DefaultMavenResourcesFiltering - Copying 1 resource from src\main\resources to target\classes
2025-10-13 16:04:01,530 [Worker-41: Building] INFO  o.a.m.s.f.DefaultMavenResourcesFiltering - Copying 17 resources from src\main\resources to target\classes
2025-10-13 16:04:01,748 [Worker-41: Building] INFO  o.a.m.s.f.DefaultMavenResourcesFiltering - skip non existing resourceDirectory C:\Users\2440888\OneDrive - Cognizant\Desktop\Health-Insurance-Claim\health-insurance-claim\src\test\resources
2025-10-13 16:04:06,694 [Worker-46: Building] INFO  o.a.m.s.f.DefaultMavenResourcesFiltering - Copying 1 resource from src\main\resources to target\classes
2025-10-13 16:04:06,701 [Worker-46: Building] INFO  o.a.m.s.f.DefaultMavenResourcesFiltering - Copying 17 resources from src\main\resources to target\classes
2025-10-13 16:04:06,715 [Worker-46: Building] INFO  o.a.m.s.f.DefaultMavenResourcesFiltering - skip non existing resourceDirectory C:\Users\2440888\OneDrive - Cognizant\Desktop\Health-Insurance-Claim\health-insurance-claim\src\test\resources
2025-10-13 16:04:11,822 [Worker-45: Building] INFO  o.a.m.s.f.DefaultMavenResourcesFiltering - Copying 1 resource from src\main\resources to target\classes
2025-10-13 16:04:11,841 [Worker-45: Building] INFO  o.a.m.s.f.DefaultMavenResourcesFiltering - Copying 17 resources from src\main\resources to target\classes
2025-10-13 16:04:12,045 [Worker-45: Building] INFO  o.a.m.s.f.DefaultMavenResourcesFiltering - skip non existing resourceDirectory C:\Users\2440888\OneDrive - Cognizant\Desktop\Health-Insurance-Claim\health-insurance-claim\src\test\resources
2025-10-13 16:04:31,596 [Worker-48: Building] INFO  o.a.m.s.f.DefaultMavenResourcesFiltering - Copying 1 resource from src\main\resources to target\classes
2025-10-13 16:04:31,625 [Worker-48: Building] INFO  o.a.m.s.f.DefaultMavenResourcesFiltering - Copying 17 resources from src\main\resources to target\classes
2025-10-13 16:04:31,828 [Worker-48: Building] INFO  o.a.m.s.f.DefaultMavenResourcesFiltering - skip non existing resourceDirectory C:\Users\2440888\OneDrive - Cognizant\Desktop\Health-Insurance-Claim\health-insurance-claim\src\test\resources
2025-10-13 16:04:41,902 [Worker-45: Building] INFO  o.a.m.s.f.DefaultMavenResourcesFiltering - Copying 1 resource from src\main\resources to target\classes
2025-10-13 16:04:41,926 [Worker-45: Building] INFO  o.a.m.s.f.DefaultMavenResourcesFiltering - Copying 17 resources from src\main\resources to target\classes
2025-10-13 16:04:42,157 [Worker-45: Building] INFO  o.a.m.s.f.DefaultMavenResourcesFiltering - skip non existing resourceDirectory C:\Users\2440888\OneDrive - Cognizant\Desktop\Health-Insurance-Claim\health-insurance-claim\src\test\resources
2025-10-13 16:04:58,762 [Worker-47: Building] INFO  o.a.m.s.f.DefaultMavenResourcesFiltering - Copying 1 resource from src\main\resources to target\classes
2025-10-13 16:04:58,793 [Worker-47: Building] INFO  o.a.m.s.f.DefaultMavenResourcesFiltering - Copying 17 resources from src\main\resources to target\classes
2025-10-13 16:04:59,021 [Worker-47: Building] INFO  o.a.m.s.f.DefaultMavenResourcesFiltering - skip non existing resourceDirectory C:\Users\2440888\OneDrive - Cognizant\Desktop\Health-Insurance-Claim\health-insurance-claim\src\test\resources
2025-10-13 16:05:16,073 [Worker-44: Building] INFO  o.a.m.s.f.DefaultMavenResourcesFiltering - Copying 1 resource from src\main\resources to target\classes
2025-10-13 16:05:16,088 [Worker-44: Building] INFO  o.a.m.s.f.DefaultMavenResourcesFiltering - Copying 17 resources from src\main\resources to target\classes
2025-10-13 16:05:16,367 [Worker-44: Building] INFO  o.a.m.s.f.DefaultMavenResourcesFiltering - skip non existing resourceDirectory C:\Users\2440888\OneDrive - Cognizant\Desktop\Health-Insurance-Claim\health-insurance-claim\src\test\resources
2025-10-13 16:07:09,266 [Worker-45: Building] INFO  o.a.m.s.f.DefaultMavenResourcesFiltering - Copying 1 resource from src\main\resources to target\classes
2025-10-13 16:07:09,298 [Worker-45: Building] INFO  o.a.m.s.f.DefaultMavenResourcesFiltering - Copying 17 resources from src\main\resources to target\classes
2025-10-13 16:07:09,534 [Worker-45: Building] INFO  o.a.m.s.f.DefaultMavenResourcesFiltering - skip non existing resourceDirectory C:\Users\2440888\OneDrive - Cognizant\Desktop\Health-Insurance-Claim\health-insurance-claim\src\test\resources
2025-10-13 16:09:04,799 [Worker-44: Building] INFO  o.a.m.s.f.DefaultMavenResourcesFiltering - Copying 1 resource from src\main\resources to target\classes
2025-10-13 16:09:04,869 [Worker-44: Building] INFO  o.a.m.s.f.DefaultMavenResourcesFiltering - Copying 17 resources from src\main\resources to target\classes
2025-10-13 16:09:05,093 [Worker-44: Building] INFO  o.a.m.s.f.DefaultMavenResourcesFiltering - skip non existing resourceDirectory C:\Users\2440888\OneDrive - Cognizant\Desktop\Health-Insurance-Claim\health-insurance-claim\src\test\resources
2025-10-13 16:10:12,327 [Worker-42: Building] INFO  o.a.m.s.f.DefaultMavenResourcesFiltering - Copying 1 resource from src\main\resources to target\classes
2025-10-13 16:10:12,363 [Worker-42: Building] INFO  o.a.m.s.f.DefaultMavenResourcesFiltering - Copying 17 resources from src\main\resources to target\classes
2025-10-13 16:10:12,639 [Worker-42: Building] INFO  o.a.m.s.f.DefaultMavenResourcesFiltering - skip non existing resourceDirectory C:\Users\2440888\OneDrive - Cognizant\Desktop\Health-Insurance-Claim\health-insurance-claim\src\test\resources
2025-10-13 16:10:29,299 [Worker-42: Building] INFO  o.a.m.s.f.DefaultMavenResourcesFiltering - Copying 1 resource from src\main\resources to target\classes
2025-10-13 16:10:29,320 [Worker-42: Building] INFO  o.a.m.s.f.DefaultMavenResourcesFiltering - Copying 17 resources from src\main\resources to target\classes
2025-10-13 16:10:29,518 [Worker-42: Building] INFO  o.a.m.s.f.DefaultMavenResourcesFiltering - skip non existing resourceDirectory C:\Users\2440888\OneDrive - Cognizant\Desktop\Health-Insurance-Claim\health-insurance-claim\src\test\resources
2025-10-13 16:10:31,559 [Worker-48: Building] INFO  o.a.m.s.f.DefaultMavenResourcesFiltering - Copying 1 resource from src\main\resources to target\classes
2025-10-13 16:10:31,573 [Worker-48: Building] INFO  o.a.m.s.f.DefaultMavenResourcesFiltering - Copying 17 resources from src\main\resources to target\classes
2025-10-13 16:10:31,594 [Worker-48: Building] INFO  o.a.m.s.f.DefaultMavenResourcesFiltering - skip non existing resourceDirectory C:\Users\2440888\OneDrive - Cognizant\Desktop\Health-Insurance-Claim\health-insurance-claim\src\test\resources
2025-10-13 16:15:11,716 [Worker-47: Building] INFO  o.a.m.s.f.DefaultMavenResourcesFiltering - Copying 1 resource from src\main\resources to target\classes
2025-10-13 16:15:11,742 [Worker-47: Building] INFO  o.a.m.s.f.DefaultMavenResourcesFiltering - Copying 17 resources from src\main\resources to target\classes
2025-10-13 16:15:11,987 [Worker-47: Building] INFO  o.a.m.s.f.DefaultMavenResourcesFiltering - skip non existing resourceDirectory C:\Users\2440888\OneDrive - Cognizant\Desktop\Health-Insurance-Claim\health-insurance-claim\src\test\resources
2025-10-13 16:17:56,906 [Worker-42: Building] INFO  o.a.m.s.f.DefaultMavenResourcesFiltering - Copying 1 resource from src\main\resources to target\classes
2025-10-13 16:17:56,941 [Worker-42: Building] INFO  o.a.m.s.f.DefaultMavenResourcesFiltering - Copying 17 resources from src\main\resources to target\classes
2025-10-13 16:17:57,190 [Worker-42: Building] INFO  o.a.m.s.f.DefaultMavenResourcesFiltering - skip non existing resourceDirectory C:\Users\2440888\OneDrive - Cognizant\Desktop\Health-Insurance-Claim\health-insurance-claim\src\test\resources
2025-10-13 16:21:36,761 [Worker-47: Launching Executing clean in C__Users_2440888_OneDrive - Cognizant_Desktop_Health-Insurance-Claim_health-insurance-claim] INFO  o.eclipse.m2e.core.internal.Bundles - getClasspathEntries(Bundle=org.eclipse.m2e.maven.runtime_3.9.900.20250220-2013 [364])
2025-10-13 16:21:36,814 [Worker-47: Launching Executing clean in C__Users_2440888_OneDrive - Cognizant_Desktop_Health-Insurance-Claim_health-insurance-claim] INFO  o.eclipse.m2e.core.internal.Bundles - 	Entry: C:\Spring Tool Suite 4.31.0\sts-4.31.0.RELEASE\plugins\org.eclipse.m2e.maven.runtime_3.9.900.20250220-2013
2025-10-13 16:21:36,817 [Worker-47: Launching Executing clean in C__Users_2440888_OneDrive - Cognizant_Desktop_Health-Insurance-Claim_health-insurance-claim] INFO  o.eclipse.m2e.core.internal.Bundles - 	Entry: C:\Spring Tool Suite 4.31.0\sts-4.31.0.RELEASE\plugins\org.eclipse.m2e.maven.runtime_3.9.900.20250220-2013\jars\aopalliance-1.0.jar
2025-10-13 16:21:36,820 [Worker-47: Launching Executing clean in C__Users_2440888_OneDrive - Cognizant_Desktop_Health-Insurance-Claim_health-insurance-claim] INFO  o.eclipse.m2e.core.internal.Bundles - 	Entry: C:\Spring Tool Suite 4.31.0\sts-4.31.0.RELEASE\plugins\org.eclipse.m2e.maven.runtime_3.9.900.20250220-2013\jars\guice-5.1.0.jar
2025-10-13 16:21:36,823 [Worker-47: Launching Executing clean in C__Users_2440888_OneDrive - Cognizant_Desktop_Health-Insurance-Claim_health-insurance-claim] INFO  o.eclipse.m2e.core.internal.Bundles - 	Entry: C:\Spring Tool Suite 4.31.0\sts-4.31.0.RELEASE\plugins\org.eclipse.m2e.maven.runtime_3.9.900.20250220-2013\jars\httpclient-4.5.14.jar
2025-10-13 16:21:36,825 [Worker-47: Launching Executing clean in C__Users_2440888_OneDrive - Cognizant_Desktop_Health-Insurance-Claim_health-insurance-claim] INFO  o.eclipse.m2e.core.internal.Bundles - 	Entry: C:\Spring Tool Suite 4.31.0\sts-4.31.0.RELEASE\plugins\org.eclipse.m2e.maven.runtime_3.9.900.20250220-2013\jars\httpcore-4.4.16.jar
2025-10-13 16:21:36,828 [Worker-47: Launching Executing clean in C__Users_2440888_OneDrive - Cognizant_Desktop_Health-Insurance-Claim_health-insurance-claim] INFO  o.eclipse.m2e.core.internal.Bundles - 	Entry: C:\Spring Tool Suite 4.31.0\sts-4.31.0.RELEASE\plugins\org.eclipse.m2e.maven.runtime_3.9.900.20250220-2013\jars\jansi-2.4.1.jar
2025-10-13 16:21:36,831 [Worker-47: Launching Executing clean in C__Users_2440888_OneDrive - Cognizant_Desktop_Health-Insurance-Claim_health-insurance-claim] INFO  o.eclipse.m2e.core.internal.Bundles - 	Entry: C:\Spring Tool Suite 4.31.0\sts-4.31.0.RELEASE\plugins\org.eclipse.m2e.maven.runtime_3.9.900.20250220-2013\jars\jcl-over-slf4j-1.7.36.jar
2025-10-13 16:21:36,833 [Worker-47: Launching Executing clean in C__Users_2440888_OneDrive - Cognizant_Desktop_Health-Insurance-Claim_health-insurance-claim] INFO  o.eclipse.m2e.core.internal.Bundles - 	Entry: C:\Spring Tool Suite 4.31.0\sts-4.31.0.RELEASE\plugins\org.eclipse.m2e.maven.runtime_3.9.900.20250220-2013\jars\maven-artifact-3.9.9.jar
2025-10-13 16:21:36,835 [Worker-47: Launching Executing clean in C__Users_2440888_OneDrive - Cognizant_Desktop_Health-Insurance-Claim_health-insurance-claim] INFO  o.eclipse.m2e.core.internal.Bundles - 	Entry: C:\Spring Tool Suite 4.31.0\sts-4.31.0.RELEASE\plugins\org.eclipse.m2e.maven.runtime_3.9.900.20250220-2013\jars\maven-builder-support-3.9.9.jar
2025-10-13 16:21:36,838 [Worker-47: Launching Executing clean in C__Users_2440888_OneDrive - Cognizant_Desktop_Health-Insurance-Claim_health-insurance-claim] INFO  o.eclipse.m2e.core.internal.Bundles - 	Entry: C:\Spring Tool Suite 4.31.0\sts-4.31.0.RELEASE\plugins\org.eclipse.m2e.maven.runtime_3.9.900.20250220-2013\jars\maven-compat-3.9.9.jar
2025-10-13 16:21:36,842 [Worker-47: Launching Executing clean in C__Users_2440888_OneDrive - Cognizant_Desktop_Health-Insurance-Claim_health-insurance-claim] INFO  o.eclipse.m2e.core.internal.Bundles - 	Entry: C:\Spring Tool Suite 4.31.0\sts-4.31.0.RELEASE\plugins\org.eclipse.m2e.maven.runtime_3.9.900.20250220-2013\jars\maven-core-3.9.9.jar
2025-10-13 16:21:36,844 [Worker-47: Launching Executing clean in C__Users_2440888_OneDrive - Cognizant_Desktop_Health-Insurance-Claim_health-insurance-claim] INFO  o.eclipse.m2e.core.internal.Bundles - 	Entry: C:\Spring Tool Suite 4.31.0\sts-4.31.0.RELEASE\plugins\org.eclipse.m2e.maven.runtime_3.9.900.20250220-2013\jars\maven-embedder-3.9.9.jar
2025-10-13 16:21:36,846 [Worker-47: Launching Executing clean in C__Users_2440888_OneDrive - Cognizant_Desktop_Health-Insurance-Claim_health-insurance-claim] INFO  o.eclipse.m2e.core.internal.Bundles - 	Entry: C:\Spring Tool Suite 4.31.0\sts-4.31.0.RELEASE\plugins\org.eclipse.m2e.maven.runtime_3.9.900.20250220-2013\jars\maven-model-3.9.9.jar
2025-10-13 16:21:36,847 [Worker-47: Launching Executing clean in C__Users_2440888_OneDrive - Cognizant_Desktop_Health-Insurance-Claim_health-insurance-claim] INFO  o.eclipse.m2e.core.internal.Bundles - 	Entry: C:\Spring Tool Suite 4.31.0\sts-4.31.0.RELEASE\plugins\org.eclipse.m2e.maven.runtime_3.9.900.20250220-2013\jars\maven-model-builder-3.9.9.jar
2025-10-13 16:21:36,848 [Worker-47: Launching Executing clean in C__Users_2440888_OneDrive - Cognizant_Desktop_Health-Insurance-Claim_health-insurance-claim] INFO  o.eclipse.m2e.core.internal.Bundles - 	Entry: C:\Spring Tool Suite 4.31.0\sts-4.31.0.RELEASE\plugins\org.eclipse.m2e.maven.runtime_3.9.900.20250220-2013\jars\maven-plugin-api-3.9.9.jar
2025-10-13 16:21:36,851 [Worker-47: Launching Executing clean in C__Users_2440888_OneDrive - Cognizant_Desktop_Health-Insurance-Claim_health-insurance-claim] INFO  o.eclipse.m2e.core.internal.Bundles - 	Entry: C:\Spring Tool Suite 4.31.0\sts-4.31.0.RELEASE\plugins\org.eclipse.m2e.maven.runtime_3.9.900.20250220-2013\jars\maven-repository-metadata-3.9.9.jar
2025-10-13 16:21:36,853 [Worker-47: Launching Executing clean in C__Users_2440888_OneDrive - Cognizant_Desktop_Health-Insurance-Claim_health-insurance-claim] INFO  o.eclipse.m2e.core.internal.Bundles - 	Entry: C:\Spring Tool Suite 4.31.0\sts-4.31.0.RELEASE\plugins\org.eclipse.m2e.maven.runtime_3.9.900.20250220-2013\jars\maven-resolver-api-1.9.22.jar
2025-10-13 16:21:36,855 [Worker-47: Launching Executing clean in C__Users_2440888_OneDrive - Cognizant_Desktop_Health-Insurance-Claim_health-insurance-claim] INFO  o.eclipse.m2e.core.internal.Bundles - 	Entry: C:\Spring Tool Suite 4.31.0\sts-4.31.0.RELEASE\plugins\org.eclipse.m2e.maven.runtime_3.9.900.20250220-2013\jars\maven-resolver-connector-basic-1.9.22.jar
2025-10-13 16:21:36,857 [Worker-47: Launching Executing clean in C__Users_2440888_OneDrive - Cognizant_Desktop_Health-Insurance-Claim_health-insurance-claim] INFO  o.eclipse.m2e.core.internal.Bundles - 	Entry: C:\Spring Tool Suite 4.31.0\sts-4.31.0.RELEASE\plugins\org.eclipse.m2e.maven.runtime_3.9.900.20250220-2013\jars\maven-resolver-impl-1.9.22.jar
2025-10-13 16:21:36,859 [Worker-47: Launching Executing clean in C__Users_2440888_OneDrive - Cognizant_Desktop_Health-Insurance-Claim_health-insurance-claim] INFO  o.eclipse.m2e.core.internal.Bundles - 	Entry: C:\Spring Tool Suite 4.31.0\sts-4.31.0.RELEASE\plugins\org.eclipse.m2e.maven.runtime_3.9.900.20250220-2013\jars\maven-resolver-named-locks-1.9.22.jar
2025-10-13 16:21:36,860 [Worker-47: Launching Executing clean in C__Users_2440888_OneDrive - Cognizant_Desktop_Health-Insurance-Claim_health-insurance-claim] INFO  o.eclipse.m2e.core.internal.Bundles - 	Entry: C:\Spring Tool Suite 4.31.0\sts-4.31.0.RELEASE\plugins\org.eclipse.m2e.maven.runtime_3.9.900.20250220-2013\jars\maven-resolver-provider-3.9.9.jar
2025-10-13 16:21:36,862 [Worker-47: Launching Executing clean in C__Users_2440888_OneDrive - Cognizant_Desktop_Health-Insurance-Claim_health-insurance-claim] INFO  o.eclipse.m2e.core.internal.Bundles - 	Entry: C:\Spring Tool Suite 4.31.0\sts-4.31.0.RELEASE\plugins\org.eclipse.m2e.maven.runtime_3.9.900.20250220-2013\jars\maven-resolver-spi-1.9.22.jar
2025-10-13 16:21:36,863 [Worker-47: Launching Executing clean in C__Users_2440888_OneDrive - Cognizant_Desktop_Health-Insurance-Claim_health-insurance-claim] INFO  o.eclipse.m2e.core.internal.Bundles - 	Entry: C:\Spring Tool Suite 4.31.0\sts-4.31.0.RELEASE\plugins\org.eclipse.m2e.maven.runtime_3.9.900.20250220-2013\jars\maven-resolver-transport-file-1.9.22.jar
2025-10-13 16:21:36,864 [Worker-47: Launching Executing clean in C__Users_2440888_OneDrive - Cognizant_Desktop_Health-Insurance-Claim_health-insurance-claim] INFO  o.eclipse.m2e.core.internal.Bundles - 	Entry: C:\Spring Tool Suite 4.31.0\sts-4.31.0.RELEASE\plugins\org.eclipse.m2e.maven.runtime_3.9.900.20250220-2013\jars\maven-resolver-transport-http-1.9.22.jar
2025-10-13 16:21:36,865 [Worker-47: Launching Executing clean in C__Users_2440888_OneDrive - Cognizant_Desktop_Health-Insurance-Claim_health-insurance-claim] INFO  o.eclipse.m2e.core.internal.Bundles - 	Entry: C:\Spring Tool Suite 4.31.0\sts-4.31.0.RELEASE\plugins\org.eclipse.m2e.maven.runtime_3.9.900.20250220-2013\jars\maven-resolver-transport-wagon-1.9.22.jar
2025-10-13 16:21:36,866 [Worker-47: Launching Executing clean in C__Users_2440888_OneDrive - Cognizant_Desktop_Health-Insurance-Claim_health-insurance-claim] INFO  o.eclipse.m2e.core.internal.Bundles - 	Entry: C:\Spring Tool Suite 4.31.0\sts-4.31.0.RELEASE\plugins\org.eclipse.m2e.maven.runtime_3.9.900.20250220-2013\jars\maven-resolver-util-1.9.22.jar
2025-10-13 16:21:36,868 [Worker-47: Launching Executing clean in C__Users_2440888_OneDrive - Cognizant_Desktop_Health-Insurance-Claim_health-insurance-claim] INFO  o.eclipse.m2e.core.internal.Bundles - 	Entry: C:\Spring Tool Suite 4.31.0\sts-4.31.0.RELEASE\plugins\org.eclipse.m2e.maven.runtime_3.9.900.20250220-2013\jars\maven-settings-3.9.9.jar
2025-10-13 16:21:36,869 [Worker-47: Launching Executing clean in C__Users_2440888_OneDrive - Cognizant_Desktop_Health-Insurance-Claim_health-insurance-claim] INFO  o.eclipse.m2e.core.internal.Bundles - 	Entry: C:\Spring Tool Suite 4.31.0\sts-4.31.0.RELEASE\plugins\org.eclipse.m2e.maven.runtime_3.9.900.20250220-2013\jars\maven-settings-builder-3.9.9.jar
2025-10-13 16:21:36,870 [Worker-47: Launching Executing clean in C__Users_2440888_OneDrive - Cognizant_Desktop_Health-Insurance-Claim_health-insurance-claim] INFO  o.eclipse.m2e.core.internal.Bundles - 	Entry: C:\Spring Tool Suite 4.31.0\sts-4.31.0.RELEASE\plugins\org.eclipse.m2e.maven.runtime_3.9.900.20250220-2013\jars\maven-shared-utils-3.4.2.jar
2025-10-13 16:21:36,871 [Worker-47: Launching Executing clean in C__Users_2440888_OneDrive - Cognizant_Desktop_Health-Insurance-Claim_health-insurance-claim] INFO  o.eclipse.m2e.core.internal.Bundles - 	Entry: C:\Spring Tool Suite 4.31.0\sts-4.31.0.RELEASE\plugins\org.eclipse.m2e.maven.runtime_3.9.900.20250220-2013\jars\org.eclipse.sisu.inject-0.9.0.M3.jar
2025-10-13 16:21:36,872 [Worker-47: Launching Executing clean in C__Users_2440888_OneDrive - Cognizant_Desktop_Health-Insurance-Claim_health-insurance-claim] INFO  o.eclipse.m2e.core.internal.Bundles - 	Entry: C:\Spring Tool Suite 4.31.0\sts-4.31.0.RELEASE\plugins\org.eclipse.m2e.maven.runtime_3.9.900.20250220-2013\jars\org.eclipse.sisu.plexus-0.9.0.M3.jar
2025-10-13 16:21:36,873 [Worker-47: Launching Executing clean in C__Users_2440888_OneDrive - Cognizant_Desktop_Health-Insurance-Claim_health-insurance-claim] INFO  o.eclipse.m2e.core.internal.Bundles - 	Entry: C:\Spring Tool Suite 4.31.0\sts-4.31.0.RELEASE\plugins\org.eclipse.m2e.maven.runtime_3.9.900.20250220-2013\jars\plexus-build-api-0.0.7.jar
2025-10-13 16:21:36,873 [Worker-47: Launching Executing clean in C__Users_2440888_OneDrive - Cognizant_Desktop_Health-Insurance-Claim_health-insurance-claim] INFO  o.eclipse.m2e.core.internal.Bundles - 	Entry: C:\Spring Tool Suite 4.31.0\sts-4.31.0.RELEASE\plugins\org.eclipse.m2e.maven.runtime_3.9.900.20250220-2013\jars\plexus-build-api-1.2.0.jar
2025-10-13 16:21:36,874 [Worker-47: Launching Executing clean in C__Users_2440888_OneDrive - Cognizant_Desktop_Health-Insurance-Claim_health-insurance-claim] INFO  o.eclipse.m2e.core.internal.Bundles - 	Entry: C:\Spring Tool Suite 4.31.0\sts-4.31.0.RELEASE\plugins\org.eclipse.m2e.maven.runtime_3.9.900.20250220-2013\jars\plexus-cipher-2.0.jar
2025-10-13 16:21:36,875 [Worker-47: Launching Executing clean in C__Users_2440888_OneDrive - Cognizant_Desktop_Health-Insurance-Claim_health-insurance-claim] INFO  o.eclipse.m2e.core.internal.Bundles - 	Entry: C:\Spring Tool Suite 4.31.0\sts-4.31.0.RELEASE\plugins\org.eclipse.m2e.maven.runtime_3.9.900.20250220-2013\jars\plexus-classworlds-2.8.0.jar
2025-10-13 16:21:36,877 [Worker-47: Launching Executing clean in C__Users_2440888_OneDrive - Cognizant_Desktop_Health-Insurance-Claim_health-insurance-claim] INFO  o.eclipse.m2e.core.internal.Bundles - 	Entry: C:\Spring Tool Suite 4.31.0\sts-4.31.0.RELEASE\plugins\org.eclipse.m2e.maven.runtime_3.9.900.20250220-2013\jars\plexus-component-annotations-2.1.0.jar
2025-10-13 16:21:36,879 [Worker-47: Launching Executing clean in C__Users_2440888_OneDrive - Cognizant_Desktop_Health-Insurance-Claim_health-insurance-claim] INFO  o.eclipse.m2e.core.internal.Bundles - 	Entry: C:\Spring Tool Suite 4.31.0\sts-4.31.0.RELEASE\plugins\org.eclipse.m2e.maven.runtime_3.9.900.20250220-2013\jars\plexus-interpolation-1.27.jar
2025-10-13 16:21:36,881 [Worker-47: Launching Executing clean in C__Users_2440888_OneDrive - Cognizant_Desktop_Health-Insurance-Claim_health-insurance-claim] INFO  o.eclipse.m2e.core.internal.Bundles - 	Entry: C:\Spring Tool Suite 4.31.0\sts-4.31.0.RELEASE\plugins\org.eclipse.m2e.maven.runtime_3.9.900.20250220-2013\jars\plexus-sec-dispatcher-2.0.jar
2025-10-13 16:21:36,882 [Worker-47: Launching Executing clean in C__Users_2440888_OneDrive - Cognizant_Desktop_Health-Insurance-Claim_health-insurance-claim] INFO  o.eclipse.m2e.core.internal.Bundles - 	Entry: C:\Spring Tool Suite 4.31.0\sts-4.31.0.RELEASE\plugins\org.eclipse.m2e.maven.runtime_3.9.900.20250220-2013\jars\plexus-utils-3.5.1.jar
2025-10-13 16:21:36,884 [Worker-47: Launching Executing clean in C__Users_2440888_OneDrive - Cognizant_Desktop_Health-Insurance-Claim_health-insurance-claim] INFO  o.eclipse.m2e.core.internal.Bundles - 	Entry: C:\Spring Tool Suite 4.31.0\sts-4.31.0.RELEASE\plugins\org.eclipse.m2e.maven.runtime_3.9.900.20250220-2013\jars\plexus-xml-3.0.1.jar
2025-10-13 16:21:36,885 [Worker-47: Launching Executing clean in C__Users_2440888_OneDrive - Cognizant_Desktop_Health-Insurance-Claim_health-insurance-claim] INFO  o.eclipse.m2e.core.internal.Bundles - 	Entry: C:\Spring Tool Suite 4.31.0\sts-4.31.0.RELEASE\plugins\org.eclipse.m2e.maven.runtime_3.9.900.20250220-2013\jars\wagon-file-3.5.3.jar
2025-10-13 16:21:36,886 [Worker-47: Launching Executing clean in C__Users_2440888_OneDrive - Cognizant_Desktop_Health-Insurance-Claim_health-insurance-claim] INFO  o.eclipse.m2e.core.internal.Bundles - 	Entry: C:\Spring Tool Suite 4.31.0\sts-4.31.0.RELEASE\plugins\org.eclipse.m2e.maven.runtime_3.9.900.20250220-2013\jars\wagon-http-3.5.3.jar
2025-10-13 16:21:36,889 [Worker-47: Launching Executing clean in C__Users_2440888_OneDrive - Cognizant_Desktop_Health-Insurance-Claim_health-insurance-claim] INFO  o.eclipse.m2e.core.internal.Bundles - 	Entry: C:\Spring Tool Suite 4.31.0\sts-4.31.0.RELEASE\plugins\org.eclipse.m2e.maven.runtime_3.9.900.20250220-2013\jars\wagon-http-shared-3.5.3.jar
2025-10-13 16:21:36,891 [Worker-47: Launching Executing clean in C__Users_2440888_OneDrive - Cognizant_Desktop_Health-Insurance-Claim_health-insurance-claim] INFO  o.eclipse.m2e.core.internal.Bundles - 	Entry: C:\Spring Tool Suite 4.31.0\sts-4.31.0.RELEASE\plugins\org.eclipse.m2e.maven.runtime_3.9.900.20250220-2013\jars\wagon-provider-api-3.5.3.jar
2025-10-13 16:21:36,896 [Worker-47: Launching Executing clean in C__Users_2440888_OneDrive - Cognizant_Desktop_Health-Insurance-Claim_health-insurance-claim] INFO  o.eclipse.m2e.core.internal.Bundles - getClasspathEntries(Bundle=com.google.guava_33.4.8.jre [31])
2025-10-13 16:21:36,898 [Worker-47: Launching Executing clean in C__Users_2440888_OneDrive - Cognizant_Desktop_Health-Insurance-Claim_health-insurance-claim] INFO  o.eclipse.m2e.core.internal.Bundles - 	Entry: C:\Spring Tool Suite 4.31.0\sts-4.31.0.RELEASE\plugins\com.google.guava_33.4.8.jre.jar
2025-10-13 16:21:36,898 [Worker-47: Launching Executing clean in C__Users_2440888_OneDrive - Cognizant_Desktop_Health-Insurance-Claim_health-insurance-claim] INFO  o.eclipse.m2e.core.internal.Bundles - getClasspathEntries(Bundle=slf4j.api_2.0.17 [613])
2025-10-13 16:21:36,900 [Worker-47: Launching Executing clean in C__Users_2440888_OneDrive - Cognizant_Desktop_Health-Insurance-Claim_health-insurance-claim] INFO  o.eclipse.m2e.core.internal.Bundles - 	Entry: C:\Spring Tool Suite 4.31.0\sts-4.31.0.RELEASE\plugins\slf4j.api_2.0.17.jar
2025-10-13 16:21:36,901 [Worker-47: Launching Executing clean in C__Users_2440888_OneDrive - Cognizant_Desktop_Health-Insurance-Claim_health-insurance-claim] INFO  o.eclipse.m2e.core.internal.Bundles - getClasspathEntries(Bundle=jakarta.inject.jakarta.inject-api_1.0.5 [46])
2025-10-13 16:21:36,905 [Worker-47: Launching Executing clean in C__Users_2440888_OneDrive - Cognizant_Desktop_Health-Insurance-Claim_health-insurance-claim] INFO  o.eclipse.m2e.core.internal.Bundles - 	Entry: C:\Spring Tool Suite 4.31.0\sts-4.31.0.RELEASE\plugins\jakarta.inject.jakarta.inject-api_1.0.5.jar
2025-10-13 16:21:36,905 [Worker-47: Launching Executing clean in C__Users_2440888_OneDrive - Cognizant_Desktop_Health-Insurance-Claim_health-insurance-claim] INFO  o.eclipse.m2e.core.internal.Bundles - getClasspathEntries(Bundle=javax.annotation_1.3.5.v20200909-1856 [55])
2025-10-13 16:21:36,907 [Worker-47: Launching Executing clean in C__Users_2440888_OneDrive - Cognizant_Desktop_Health-Insurance-Claim_health-insurance-claim] INFO  o.eclipse.m2e.core.internal.Bundles - 	Entry: C:\Spring Tool Suite 4.31.0\sts-4.31.0.RELEASE\plugins\javax.annotation_1.3.5.v20200909-1856.jar
2025-10-13 16:21:36,907 [Worker-47: Launching Executing clean in C__Users_2440888_OneDrive - Cognizant_Desktop_Health-Insurance-Claim_health-insurance-claim] INFO  o.eclipse.m2e.core.internal.Bundles - getClasspathEntries(Bundle=org.apache.commons.cli_1.9.0 [79])
2025-10-13 16:21:36,908 [Worker-47: Launching Executing clean in C__Users_2440888_OneDrive - Cognizant_Desktop_Health-Insurance-Claim_health-insurance-claim] INFO  o.eclipse.m2e.core.internal.Bundles - 	Entry: C:\Spring Tool Suite 4.31.0\sts-4.31.0.RELEASE\plugins\org.apache.commons.cli_1.9.0.jar
2025-10-13 16:21:36,908 [Worker-47: Launching Executing clean in C__Users_2440888_OneDrive - Cognizant_Desktop_Health-Insurance-Claim_health-insurance-claim] INFO  o.eclipse.m2e.core.internal.Bundles - getClasspathEntries(Bundle=org.apache.commons.commons-codec_1.16.0 [81])
2025-10-13 16:21:36,911 [Worker-47: Launching Executing clean in C__Users_2440888_OneDrive - Cognizant_Desktop_Health-Insurance-Claim_health-insurance-claim] INFO  o.eclipse.m2e.core.internal.Bundles - 	Entry: C:\Spring Tool Suite 4.31.0\sts-4.31.0.RELEASE\plugins\org.apache.commons.commons-codec_1.16.0.jar
2025-10-13 16:21:36,911 [Worker-47: Launching Executing clean in C__Users_2440888_OneDrive - Cognizant_Desktop_Health-Insurance-Claim_health-insurance-claim] INFO  o.eclipse.m2e.core.internal.Bundles - getClasspathEntries(Bundle=com.google.guava.failureaccess_1.0.3 [32])
2025-10-13 16:21:36,914 [Worker-47: Launching Executing clean in C__Users_2440888_OneDrive - Cognizant_Desktop_Health-Insurance-Claim_health-insurance-claim] INFO  o.eclipse.m2e.core.internal.Bundles - 	Entry: C:\Spring Tool Suite 4.31.0\sts-4.31.0.RELEASE\plugins\com.google.guava.failureaccess_1.0.3.jar
2025-10-13 16:21:36,963 [Worker-47: Launching Executing clean in C__Users_2440888_OneDrive - Cognizant_Desktop_Health-Insurance-Claim_health-insurance-claim] INFO  o.e.m.i.launch.MavenLaunchDelegate - Run build in "C:\Users\2440888\OneDrive - Cognizant\Desktop\Health-Insurance-Claim\health-insurance-claim":
2025-10-13 16:21:36,965 [Worker-47: Launching Executing clean in C__Users_2440888_OneDrive - Cognizant_Desktop_Health-Insurance-Claim_health-insurance-claim] INFO  o.e.m.i.launch.MavenLaunchDelegate -  mvn  -B -Dstyle.color=always clean
2025-10-13 16:21:57,689 [Worker-50: Building] INFO  o.a.m.s.f.DefaultMavenResourcesFiltering - Copying 1 resource from src\main\resources to target\classes
2025-10-13 16:21:57,706 [Worker-50: Building] INFO  o.a.m.s.f.DefaultMavenResourcesFiltering - Copying 17 resources from src\main\resources to target\classes
2025-10-13 16:21:58,225 [Worker-50: Building] INFO  o.a.m.s.f.DefaultMavenResourcesFiltering - skip non existing resourceDirectory C:\Users\2440888\OneDrive - Cognizant\Desktop\Health-Insurance-Claim\health-insurance-claim\src\test\resources
2025-10-13 16:22:09,751 [main] INFO  o.e.m2e.actions.ExecutePomAction - Creating new launch configuration
2025-10-13 16:22:14,414 [Worker-47: Launching health-insurance-claim] INFO  o.eclipse.m2e.core.internal.Bundles - getClasspathEntries(Bundle=org.eclipse.m2e.maven.runtime_3.9.900.20250220-2013 [364])
2025-10-13 16:22:14,437 [Worker-47: Launching health-insurance-claim] INFO  o.eclipse.m2e.core.internal.Bundles - 	Entry: C:\Spring Tool Suite 4.31.0\sts-4.31.0.RELEASE\plugins\org.eclipse.m2e.maven.runtime_3.9.900.20250220-2013
2025-10-13 16:22:14,437 [Worker-47: Launching health-insurance-claim] INFO  o.eclipse.m2e.core.internal.Bundles - 	Entry: C:\Spring Tool Suite 4.31.0\sts-4.31.0.RELEASE\plugins\org.eclipse.m2e.maven.runtime_3.9.900.20250220-2013\jars\aopalliance-1.0.jar
2025-10-13 16:22:14,438 [Worker-47: Launching health-insurance-claim] INFO  o.eclipse.m2e.core.internal.Bundles - 	Entry: C:\Spring Tool Suite 4.31.0\sts-4.31.0.RELEASE\plugins\org.eclipse.m2e.maven.runtime_3.9.900.20250220-2013\jars\guice-5.1.0.jar
2025-10-13 16:22:14,438 [Worker-47: Launching health-insurance-claim] INFO  o.eclipse.m2e.core.internal.Bundles - 	Entry: C:\Spring Tool Suite 4.31.0\sts-4.31.0.RELEASE\plugins\org.eclipse.m2e.maven.runtime_3.9.900.20250220-2013\jars\httpclient-4.5.14.jar
2025-10-13 16:22:14,438 [Worker-47: Launching health-insurance-claim] INFO  o.eclipse.m2e.core.internal.Bundles - 	Entry: C:\Spring Tool Suite 4.31.0\sts-4.31.0.RELEASE\plugins\org.eclipse.m2e.maven.runtime_3.9.900.20250220-2013\jars\httpcore-4.4.16.jar
2025-10-13 16:22:14,438 [Worker-47: Launching health-insurance-claim] INFO  o.eclipse.m2e.core.internal.Bundles - 	Entry: C:\Spring Tool Suite 4.31.0\sts-4.31.0.RELEASE\plugins\org.eclipse.m2e.maven.runtime_3.9.900.20250220-2013\jars\jansi-2.4.1.jar
2025-10-13 16:22:14,438 [Worker-47: Launching health-insurance-claim] INFO  o.eclipse.m2e.core.internal.Bundles - 	Entry: C:\Spring Tool Suite 4.31.0\sts-4.31.0.RELEASE\plugins\org.eclipse.m2e.maven.runtime_3.9.900.20250220-2013\jars\jcl-over-slf4j-1.7.36.jar
2025-10-13 16:22:14,439 [Worker-47: Launching health-insurance-claim] INFO  o.eclipse.m2e.core.internal.Bundles - 	Entry: C:\Spring Tool Suite 4.31.0\sts-4.31.0.RELEASE\plugins\org.eclipse.m2e.maven.runtime_3.9.900.20250220-2013\jars\maven-artifact-3.9.9.jar
2025-10-13 16:22:14,439 [Worker-47: Launching health-insurance-claim] INFO  o.eclipse.m2e.core.internal.Bundles - 	Entry: C:\Spring Tool Suite 4.31.0\sts-4.31.0.RELEASE\plugins\org.eclipse.m2e.maven.runtime_3.9.900.20250220-2013\jars\maven-builder-support-3.9.9.jar
2025-10-13 16:22:14,439 [Worker-47: Launching health-insurance-claim] INFO  o.eclipse.m2e.core.internal.Bundles - 	Entry: C:\Spring Tool Suite 4.31.0\sts-4.31.0.RELEASE\plugins\org.eclipse.m2e.maven.runtime_3.9.900.20250220-2013\jars\maven-compat-3.9.9.jar
2025-10-13 16:22:14,439 [Worker-47: Launching health-insurance-claim] INFO  o.eclipse.m2e.core.internal.Bundles - 	Entry: C:\Spring Tool Suite 4.31.0\sts-4.31.0.RELEASE\plugins\org.eclipse.m2e.maven.runtime_3.9.900.20250220-2013\jars\maven-core-3.9.9.jar
2025-10-13 16:22:14,439 [Worker-47: Launching health-insurance-claim] INFO  o.eclipse.m2e.core.internal.Bundles - 	Entry: C:\Spring Tool Suite 4.31.0\sts-4.31.0.RELEASE\plugins\org.eclipse.m2e.maven.runtime_3.9.900.20250220-2013\jars\maven-embedder-3.9.9.jar
2025-10-13 16:22:14,439 [Worker-47: Launching health-insurance-claim] INFO  o.eclipse.m2e.core.internal.Bundles - 	Entry: C:\Spring Tool Suite 4.31.0\sts-4.31.0.RELEASE\plugins\org.eclipse.m2e.maven.runtime_3.9.900.20250220-2013\jars\maven-model-3.9.9.jar
2025-10-13 16:22:14,440 [Worker-47: Launching health-insurance-claim] INFO  o.eclipse.m2e.core.internal.Bundles - 	Entry: C:\Spring Tool Suite 4.31.0\sts-4.31.0.RELEASE\plugins\org.eclipse.m2e.maven.runtime_3.9.900.20250220-2013\jars\maven-model-builder-3.9.9.jar
2025-10-13 16:22:14,440 [Worker-47: Launching health-insurance-claim] INFO  o.eclipse.m2e.core.internal.Bundles - 	Entry: C:\Spring Tool Suite 4.31.0\sts-4.31.0.RELEASE\plugins\org.eclipse.m2e.maven.runtime_3.9.900.20250220-2013\jars\maven-plugin-api-3.9.9.jar
2025-10-13 16:22:14,440 [Worker-47: Launching health-insurance-claim] INFO  o.eclipse.m2e.core.internal.Bundles - 	Entry: C:\Spring Tool Suite 4.31.0\sts-4.31.0.RELEASE\plugins\org.eclipse.m2e.maven.runtime_3.9.900.20250220-2013\jars\maven-repository-metadata-3.9.9.jar
2025-10-13 16:22:14,440 [Worker-47: Launching health-insurance-claim] INFO  o.eclipse.m2e.core.internal.Bundles - 	Entry: C:\Spring Tool Suite 4.31.0\sts-4.31.0.RELEASE\plugins\org.eclipse.m2e.maven.runtime_3.9.900.20250220-2013\jars\maven-resolver-api-1.9.22.jar
2025-10-13 16:22:14,441 [Worker-47: Launching health-insurance-claim] INFO  o.eclipse.m2e.core.internal.Bundles - 	Entry: C:\Spring Tool Suite 4.31.0\sts-4.31.0.RELEASE\plugins\org.eclipse.m2e.maven.runtime_3.9.900.20250220-2013\jars\maven-resolver-connector-basic-1.9.22.jar
2025-10-13 16:22:14,441 [Worker-47: Launching health-insurance-claim] INFO  o.eclipse.m2e.core.internal.Bundles - 	Entry: C:\Spring Tool Suite 4.31.0\sts-4.31.0.RELEASE\plugins\org.eclipse.m2e.maven.runtime_3.9.900.20250220-2013\jars\maven-resolver-impl-1.9.22.jar
2025-10-13 16:22:14,442 [Worker-47: Launching health-insurance-claim] INFO  o.eclipse.m2e.core.internal.Bundles - 	Entry: C:\Spring Tool Suite 4.31.0\sts-4.31.0.RELEASE\plugins\org.eclipse.m2e.maven.runtime_3.9.900.20250220-2013\jars\maven-resolver-named-locks-1.9.22.jar
2025-10-13 16:22:14,443 [Worker-47: Launching health-insurance-claim] INFO  o.eclipse.m2e.core.internal.Bundles - 	Entry: C:\Spring Tool Suite 4.31.0\sts-4.31.0.RELEASE\plugins\org.eclipse.m2e.maven.runtime_3.9.900.20250220-2013\jars\maven-resolver-provider-3.9.9.jar
2025-10-13 16:22:14,443 [Worker-47: Launching health-insurance-claim] INFO  o.eclipse.m2e.core.internal.Bundles - 	Entry: C:\Spring Tool Suite 4.31.0\sts-4.31.0.RELEASE\plugins\org.eclipse.m2e.maven.runtime_3.9.900.20250220-2013\jars\maven-resolver-spi-1.9.22.jar
2025-10-13 16:22:14,444 [Worker-47: Launching health-insurance-claim] INFO  o.eclipse.m2e.core.internal.Bundles - 	Entry: C:\Spring Tool Suite 4.31.0\sts-4.31.0.RELEASE\plugins\org.eclipse.m2e.maven.runtime_3.9.900.20250220-2013\jars\maven-resolver-transport-file-1.9.22.jar
2025-10-13 16:22:14,444 [Worker-47: Launching health-insurance-claim] INFO  o.eclipse.m2e.core.internal.Bundles - 	Entry: C:\Spring Tool Suite 4.31.0\sts-4.31.0.RELEASE\plugins\org.eclipse.m2e.maven.runtime_3.9.900.20250220-2013\jars\maven-resolver-transport-http-1.9.22.jar
2025-10-13 16:22:14,445 [Worker-47: Launching health-insurance-claim] INFO  o.eclipse.m2e.core.internal.Bundles - 	Entry: C:\Spring Tool Suite 4.31.0\sts-4.31.0.RELEASE\plugins\org.eclipse.m2e.maven.runtime_3.9.900.20250220-2013\jars\maven-resolver-transport-wagon-1.9.22.jar
2025-10-13 16:22:14,445 [Worker-47: Launching health-insurance-claim] INFO  o.eclipse.m2e.core.internal.Bundles - 	Entry: C:\Spring Tool Suite 4.31.0\sts-4.31.0.RELEASE\plugins\org.eclipse.m2e.maven.runtime_3.9.900.20250220-2013\jars\maven-resolver-util-1.9.22.jar
2025-10-13 16:22:14,446 [Worker-47: Launching health-insurance-claim] INFO  o.eclipse.m2e.core.internal.Bundles - 	Entry: C:\Spring Tool Suite 4.31.0\sts-4.31.0.RELEASE\plugins\org.eclipse.m2e.maven.runtime_3.9.900.20250220-2013\jars\maven-settings-3.9.9.jar
2025-10-13 16:22:14,446 [Worker-47: Launching health-insurance-claim] INFO  o.eclipse.m2e.core.internal.Bundles - 	Entry: C:\Spring Tool Suite 4.31.0\sts-4.31.0.RELEASE\plugins\org.eclipse.m2e.maven.runtime_3.9.900.20250220-2013\jars\maven-settings-builder-3.9.9.jar
2025-10-13 16:22:14,447 [Worker-47: Launching health-insurance-claim] INFO  o.eclipse.m2e.core.internal.Bundles - 	Entry: C:\Spring Tool Suite 4.31.0\sts-4.31.0.RELEASE\plugins\org.eclipse.m2e.maven.runtime_3.9.900.20250220-2013\jars\maven-shared-utils-3.4.2.jar
2025-10-13 16:22:14,447 [Worker-47: Launching health-insurance-claim] INFO  o.eclipse.m2e.core.internal.Bundles - 	Entry: C:\Spring Tool Suite 4.31.0\sts-4.31.0.RELEASE\plugins\org.eclipse.m2e.maven.runtime_3.9.900.20250220-2013\jars\org.eclipse.sisu.inject-0.9.0.M3.jar
2025-10-13 16:22:14,447 [Worker-47: Launching health-insurance-claim] INFO  o.eclipse.m2e.core.internal.Bundles - 	Entry: C:\Spring Tool Suite 4.31.0\sts-4.31.0.RELEASE\plugins\org.eclipse.m2e.maven.runtime_3.9.900.20250220-2013\jars\org.eclipse.sisu.plexus-0.9.0.M3.jar
2025-10-13 16:22:14,448 [Worker-47: Launching health-insurance-claim] INFO  o.eclipse.m2e.core.internal.Bundles - 	Entry: C:\Spring Tool Suite 4.31.0\sts-4.31.0.RELEASE\plugins\org.eclipse.m2e.maven.runtime_3.9.900.20250220-2013\jars\plexus-build-api-0.0.7.jar
2025-10-13 16:22:14,448 [Worker-47: Launching health-insurance-claim] INFO  o.eclipse.m2e.core.internal.Bundles - 	Entry: C:\Spring Tool Suite 4.31.0\sts-4.31.0.RELEASE\plugins\org.eclipse.m2e.maven.runtime_3.9.900.20250220-2013\jars\plexus-build-api-1.2.0.jar
2025-10-13 16:22:14,448 [Worker-47: Launching health-insurance-claim] INFO  o.eclipse.m2e.core.internal.Bundles - 	Entry: C:\Spring Tool Suite 4.31.0\sts-4.31.0.RELEASE\plugins\org.eclipse.m2e.maven.runtime_3.9.900.20250220-2013\jars\plexus-cipher-2.0.jar
2025-10-13 16:22:14,448 [Worker-47: Launching health-insurance-claim] INFO  o.eclipse.m2e.core.internal.Bundles - 	Entry: C:\Spring Tool Suite 4.31.0\sts-4.31.0.RELEASE\plugins\org.eclipse.m2e.maven.runtime_3.9.900.20250220-2013\jars\plexus-classworlds-2.8.0.jar
2025-10-13 16:22:14,448 [Worker-47: Launching health-insurance-claim] INFO  o.eclipse.m2e.core.internal.Bundles - 	Entry: C:\Spring Tool Suite 4.31.0\sts-4.31.0.RELEASE\plugins\org.eclipse.m2e.maven.runtime_3.9.900.20250220-2013\jars\plexus-component-annotations-2.1.0.jar
2025-10-13 16:22:14,448 [Worker-47: Launching health-insurance-claim] INFO  o.eclipse.m2e.core.internal.Bundles - 	Entry: C:\Spring Tool Suite 4.31.0\sts-4.31.0.RELEASE\plugins\org.eclipse.m2e.maven.runtime_3.9.900.20250220-2013\jars\plexus-interpolation-1.27.jar
2025-10-13 16:22:14,449 [Worker-47: Launching health-insurance-claim] INFO  o.eclipse.m2e.core.internal.Bundles - 	Entry: C:\Spring Tool Suite 4.31.0\sts-4.31.0.RELEASE\plugins\org.eclipse.m2e.maven.runtime_3.9.900.20250220-2013\jars\plexus-sec-dispatcher-2.0.jar
2025-10-13 16:22:14,449 [Worker-47: Launching health-insurance-claim] INFO  o.eclipse.m2e.core.internal.Bundles - 	Entry: C:\Spring Tool Suite 4.31.0\sts-4.31.0.RELEASE\plugins\org.eclipse.m2e.maven.runtime_3.9.900.20250220-2013\jars\plexus-utils-3.5.1.jar
2025-10-13 16:22:14,449 [Worker-47: Launching health-insurance-claim] INFO  o.eclipse.m2e.core.internal.Bundles - 	Entry: C:\Spring Tool Suite 4.31.0\sts-4.31.0.RELEASE\plugins\org.eclipse.m2e.maven.runtime_3.9.900.20250220-2013\jars\plexus-xml-3.0.1.jar
2025-10-13 16:22:14,449 [Worker-47: Launching health-insurance-claim] INFO  o.eclipse.m2e.core.internal.Bundles - 	Entry: C:\Spring Tool Suite 4.31.0\sts-4.31.0.RELEASE\plugins\org.eclipse.m2e.maven.runtime_3.9.900.20250220-2013\jars\wagon-file-3.5.3.jar
2025-10-13 16:22:14,449 [Worker-47: Launching health-insurance-claim] INFO  o.eclipse.m2e.core.internal.Bundles - 	Entry: C:\Spring Tool Suite 4.31.0\sts-4.31.0.RELEASE\plugins\org.eclipse.m2e.maven.runtime_3.9.900.20250220-2013\jars\wagon-http-3.5.3.jar
2025-10-13 16:22:14,449 [Worker-47: Launching health-insurance-claim] INFO  o.eclipse.m2e.core.internal.Bundles - 	Entry: C:\Spring Tool Suite 4.31.0\sts-4.31.0.RELEASE\plugins\org.eclipse.m2e.maven.runtime_3.9.900.20250220-2013\jars\wagon-http-shared-3.5.3.jar
2025-10-13 16:22:14,450 [Worker-47: Launching health-insurance-claim] INFO  o.eclipse.m2e.core.internal.Bundles - 	Entry: C:\Spring Tool Suite 4.31.0\sts-4.31.0.RELEASE\plugins\org.eclipse.m2e.maven.runtime_3.9.900.20250220-2013\jars\wagon-provider-api-3.5.3.jar
2025-10-13 16:22:14,450 [Worker-47: Launching health-insurance-claim] INFO  o.eclipse.m2e.core.internal.Bundles - getClasspathEntries(Bundle=com.google.guava_33.4.8.jre [31])
2025-10-13 16:22:14,450 [Worker-47: Launching health-insurance-claim] INFO  o.eclipse.m2e.core.internal.Bundles - 	Entry: C:\Spring Tool Suite 4.31.0\sts-4.31.0.RELEASE\plugins\com.google.guava_33.4.8.jre.jar
2025-10-13 16:22:14,450 [Worker-47: Launching health-insurance-claim] INFO  o.eclipse.m2e.core.internal.Bundles - getClasspathEntries(Bundle=slf4j.api_2.0.17 [613])
2025-10-13 16:22:14,451 [Worker-47: Launching health-insurance-claim] INFO  o.eclipse.m2e.core.internal.Bundles - 	Entry: C:\Spring Tool Suite 4.31.0\sts-4.31.0.RELEASE\plugins\slf4j.api_2.0.17.jar
2025-10-13 16:22:14,451 [Worker-47: Launching health-insurance-claim] INFO  o.eclipse.m2e.core.internal.Bundles - getClasspathEntries(Bundle=jakarta.inject.jakarta.inject-api_1.0.5 [46])
2025-10-13 16:22:14,451 [Worker-47: Launching health-insurance-claim] INFO  o.eclipse.m2e.core.internal.Bundles - 	Entry: C:\Spring Tool Suite 4.31.0\sts-4.31.0.RELEASE\plugins\jakarta.inject.jakarta.inject-api_1.0.5.jar
2025-10-13 16:22:14,451 [Worker-47: Launching health-insurance-claim] INFO  o.eclipse.m2e.core.internal.Bundles - getClasspathEntries(Bundle=javax.annotation_1.3.5.v20200909-1856 [55])
2025-10-13 16:22:14,451 [Worker-47: Launching health-insurance-claim] INFO  o.eclipse.m2e.core.internal.Bundles - 	Entry: C:\Spring Tool Suite 4.31.0\sts-4.31.0.RELEASE\plugins\javax.annotation_1.3.5.v20200909-1856.jar
2025-10-13 16:22:14,451 [Worker-47: Launching health-insurance-claim] INFO  o.eclipse.m2e.core.internal.Bundles - getClasspathEntries(Bundle=org.apache.commons.cli_1.9.0 [79])
2025-10-13 16:22:14,451 [Worker-47: Launching health-insurance-claim] INFO  o.eclipse.m2e.core.internal.Bundles - 	Entry: C:\Spring Tool Suite 4.31.0\sts-4.31.0.RELEASE\plugins\org.apache.commons.cli_1.9.0.jar
2025-10-13 16:22:14,451 [Worker-47: Launching health-insurance-claim] INFO  o.eclipse.m2e.core.internal.Bundles - getClasspathEntries(Bundle=org.apache.commons.commons-codec_1.16.0 [81])
2025-10-13 16:22:14,452 [Worker-47: Launching health-insurance-claim] INFO  o.eclipse.m2e.core.internal.Bundles - 	Entry: C:\Spring Tool Suite 4.31.0\sts-4.31.0.RELEASE\plugins\org.apache.commons.commons-codec_1.16.0.jar
2025-10-13 16:22:14,452 [Worker-47: Launching health-insurance-claim] INFO  o.eclipse.m2e.core.internal.Bundles - getClasspathEntries(Bundle=com.google.guava.failureaccess_1.0.3 [32])
2025-10-13 16:22:14,452 [Worker-47: Launching health-insurance-claim] INFO  o.eclipse.m2e.core.internal.Bundles - 	Entry: C:\Spring Tool Suite 4.31.0\sts-4.31.0.RELEASE\plugins\com.google.guava.failureaccess_1.0.3.jar
2025-10-13 16:22:14,461 [Worker-47: Launching health-insurance-claim] INFO  o.e.m.i.launch.MavenLaunchDelegate - Run build in "C:\Users\2440888\OneDrive - Cognizant\Desktop\Health-Insurance-Claim\health-insurance-claim":
2025-10-13 16:22:14,461 [Worker-47: Launching health-insurance-claim] INFO  o.e.m.i.launch.MavenLaunchDelegate -  mvn  -B -Dstyle.color=always 
2025-10-13 16:23:15,130 [Worker-50: Updating Maven Project] INFO  o.e.m.c.i.p.ProjectConfigurationManager - Update started
2025-10-13 16:23:21,194 [Worker-50: Updating Maven Project] INFO  o.e.m.c.i.l.LifecycleMappingFactory - Using org.eclipse.m2e.jdt.JarLifecycleMapping lifecycle mapping for MavenProject: health-insurance-claim-management-system:health-insurance-claim:0.0.1-SNAPSHOT @ C:\Users\2440888\OneDrive - Cognizant\Desktop\Health-Insurance-Claim\health-insurance-claim\pom.xml.
2025-10-13 16:23:28,917 [Worker-50: Updating Maven Project] INFO  o.e.m.j.i.AbstractJavaProjectConfigurator - Adding source folder /health-insurance-claim/src/main/java
2025-10-13 16:23:28,928 [Worker-50: Updating Maven Project] INFO  o.e.m.j.i.AbstractJavaProjectConfigurator - Adding resource folder /health-insurance-claim/src/main/resources
2025-10-13 16:23:28,929 [Worker-50: Updating Maven Project] INFO  o.e.m.j.i.AbstractJavaProjectConfigurator - Adding resource folder /health-insurance-claim/src/main/resources
2025-10-13 16:23:28,929 [Worker-50: Updating Maven Project] INFO  o.e.m.j.i.AbstractJavaProjectConfigurator - Adding source folder /health-insurance-claim/src/test/java
2025-10-13 16:23:28,930 [Worker-50: Updating Maven Project] INFO  o.e.m.j.i.AbstractJavaProjectConfigurator - Adding resource folder /health-insurance-claim/src/test/resources
2025-10-13 16:23:29,631 [Worker-50: Updating Maven Project] INFO  o.e.m.c.i.p.ProjectConfigurationManager - Update completed for 1 poms: local refresh takes 1.00 sec, refresh facades takes 11.00 sec, update config takes 1.00 sec 
2025-10-13 16:23:30,780 [Worker-57: Building] INFO  o.a.m.s.f.DefaultMavenResourcesFiltering - Copying 1 resource from src\main\resources to target\classes
2025-10-13 16:23:30,837 [Worker-57: Building] INFO  o.a.m.s.f.DefaultMavenResourcesFiltering - Copying 17 resources from src\main\resources to target\classes
2025-10-13 16:23:31,041 [Worker-57: Building] INFO  o.a.m.s.f.DefaultMavenResourcesFiltering - skip non existing resourceDirectory C:\Users\2440888\OneDrive - Cognizant\Desktop\Health-Insurance-Claim\health-insurance-claim\src\test\resources
2025-10-13 16:26:36,948 [Worker-55: Building] INFO  o.a.m.s.f.DefaultMavenResourcesFiltering - Copying 1 resource from src\main\resources to target\classes
2025-10-13 16:26:36,987 [Worker-55: Building] INFO  o.a.m.s.f.DefaultMavenResourcesFiltering - Copying 17 resources from src\main\resources to target\classes
2025-10-13 16:26:37,242 [Worker-55: Building] INFO  o.a.m.s.f.DefaultMavenResourcesFiltering - skip non existing resourceDirectory C:\Users\2440888\OneDrive - Cognizant\Desktop\Health-Insurance-Claim\health-insurance-claim\src\test\resources
2025-10-13 16:31:47,620 [Worker-61: Building] INFO  o.a.m.s.f.DefaultMavenResourcesFiltering - Copying 1 resource from src\main\resources to target\classes
2025-10-13 16:31:47,792 [Worker-61: Building] INFO  o.a.m.s.f.DefaultMavenResourcesFiltering - Copying 17 resources from src\main\resources to target\classes
2025-10-13 16:31:48,070 [Worker-61: Building] INFO  o.a.m.s.f.DefaultMavenResourcesFiltering - skip non existing resourceDirectory C:\Users\2440888\OneDrive - Cognizant\Desktop\Health-Insurance-Claim\health-insurance-claim\src\test\resources
2025-10-13 16:32:00,968 [Worker-50: Building] INFO  o.a.m.s.f.DefaultMavenResourcesFiltering - Copying 0 resource from src\main\resources to target\classes
2025-10-13 16:32:01,140 [Worker-50: Building] INFO  o.a.m.s.f.DefaultMavenResourcesFiltering - Copying 0 resource from src\main\resources to target\classes
2025-10-13 16:32:01,142 [Worker-50: Building] INFO  o.a.m.s.f.DefaultMavenResourcesFiltering - skip non existing resourceDirectory C:\Users\2440888\OneDrive - Cognizant\Desktop\Health-Insurance-Claim\health-insurance-claim\src\test\resources
2025-10-13 16:35:34,425 [Worker-62: Building] INFO  o.a.m.s.f.DefaultMavenResourcesFiltering - Copying 1 resource from src\main\resources to target\classes
2025-10-13 16:35:34,441 [Worker-62: Building] INFO  o.a.m.s.f.DefaultMavenResourcesFiltering - Copying 17 resources from src\main\resources to target\classes
2025-10-13 16:35:34,719 [Worker-62: Building] INFO  o.a.m.s.f.DefaultMavenResourcesFiltering - skip non existing resourceDirectory C:\Users\2440888\OneDrive - Cognizant\Desktop\Health-Insurance-Claim\health-insurance-claim\src\test\resources
2025-10-13 16:35:49,956 [Worker-50: Building] INFO  o.a.m.s.f.DefaultMavenResourcesFiltering - Copying 1 resource from src\main\resources to target\classes
2025-10-13 16:35:50,009 [Worker-50: Building] INFO  o.a.m.s.f.DefaultMavenResourcesFiltering - Copying 17 resources from src\main\resources to target\classes
2025-10-13 16:35:50,357 [Worker-50: Building] INFO  o.a.m.s.f.DefaultMavenResourcesFiltering - skip non existing resourceDirectory C:\Users\2440888\OneDrive - Cognizant\Desktop\Health-Insurance-Claim\health-insurance-claim\src\test\resources
2025-10-13 18:51:10,345 [Worker-6: Loading available Gradle versions] INFO  o.e.b.c.i.u.g.PublishedGradleVersions - Gradle version information cache is up-to-date. Trying to read.
2025-10-13 21:16:10,640 [Worker-5: Loading available Gradle versions] INFO  o.e.b.c.i.u.g.PublishedGradleVersions - Gradle version information cache is up-to-date. Trying to read.
2025-10-13 21:28:39,643 [Worker-8: Building] INFO  o.a.m.s.f.DefaultMavenResourcesFiltering - Copying 1 resource from src\main\resources to target\classes
2025-10-13 21:28:39,686 [Worker-8: Building] INFO  o.a.m.s.f.DefaultMavenResourcesFiltering - Copying 17 resources from src\main\resources to target\classes
2025-10-13 21:28:39,927 [Worker-8: Building] INFO  o.a.m.s.f.DefaultMavenResourcesFiltering - skip non existing resourceDirectory C:\Users\2440888\OneDrive - Cognizant\Desktop\Health-Insurance-Claim\health-insurance-claim\src\test\resources
2025-10-13 21:50:29,568 [Worker-19: Building] INFO  o.a.m.s.f.DefaultMavenResourcesFiltering - Copying 1 resource from src\main\resources to target\classes
2025-10-13 21:50:29,653 [Worker-19: Building] INFO  o.a.m.s.f.DefaultMavenResourcesFiltering - Copying 17 resources from src\main\resources to target\classes
2025-10-13 21:50:29,949 [Worker-19: Building] INFO  o.a.m.s.f.DefaultMavenResourcesFiltering - skip non existing resourceDirectory C:\Users\2440888\OneDrive - Cognizant\Desktop\Health-Insurance-Claim\health-insurance-claim\src\test\resources
2025-10-13 21:50:42,544 [Worker-8: Building] INFO  o.a.m.s.f.DefaultMavenResourcesFiltering - Copying 1 resource from src\main\resources to target\classes
2025-10-13 21:50:42,584 [Worker-8: Building] INFO  o.a.m.s.f.DefaultMavenResourcesFiltering - Copying 17 resources from src\main\resources to target\classes
2025-10-13 21:50:42,849 [Worker-8: Building] INFO  o.a.m.s.f.DefaultMavenResourcesFiltering - skip non existing resourceDirectory C:\Users\2440888\OneDrive - Cognizant\Desktop\Health-Insurance-Claim\health-insurance-claim\src\test\resources
2025-10-13 21:51:41,424 [Worker-8: Building] INFO  o.a.m.s.f.DefaultMavenResourcesFiltering - Copying 1 resource from src\main\resources to target\classes
2025-10-13 21:51:41,453 [Worker-8: Building] INFO  o.a.m.s.f.DefaultMavenResourcesFiltering - Copying 17 resources from src\main\resources to target\classes
2025-10-13 21:51:41,697 [Worker-8: Building] INFO  o.a.m.s.f.DefaultMavenResourcesFiltering - skip non existing resourceDirectory C:\Users\2440888\OneDrive - Cognizant\Desktop\Health-Insurance-Claim\health-insurance-claim\src\test\resources
2025-10-13 21:52:09,337 [Worker-18: Building] INFO  o.a.m.s.f.DefaultMavenResourcesFiltering - Copying 1 resource from src\main\resources to target\classes
2025-10-13 21:52:09,363 [Worker-18: Building] INFO  o.a.m.s.f.DefaultMavenResourcesFiltering - Copying 17 resources from src\main\resources to target\classes
2025-10-13 21:52:09,586 [Worker-18: Building] INFO  o.a.m.s.f.DefaultMavenResourcesFiltering - skip non existing resourceDirectory C:\Users\2440888\OneDrive - Cognizant\Desktop\Health-Insurance-Claim\health-insurance-claim\src\test\resources
2025-10-13 21:52:30,671 [Worker-20: Building] INFO  o.a.m.s.f.DefaultMavenResourcesFiltering - Copying 1 resource from src\main\resources to target\classes
2025-10-13 21:52:30,703 [Worker-20: Building] INFO  o.a.m.s.f.DefaultMavenResourcesFiltering - Copying 17 resources from src\main\resources to target\classes
2025-10-13 21:52:31,026 [Worker-20: Building] INFO  o.a.m.s.f.DefaultMavenResourcesFiltering - skip non existing resourceDirectory C:\Users\2440888\OneDrive - Cognizant\Desktop\Health-Insurance-Claim\health-insurance-claim\src\test\resources
2025-10-13 21:52:45,421 [Worker-20: Building] INFO  o.a.m.s.f.DefaultMavenResourcesFiltering - Copying 1 resource from src\main\resources to target\classes
2025-10-13 21:52:45,442 [Worker-20: Building] INFO  o.a.m.s.f.DefaultMavenResourcesFiltering - Copying 17 resources from src\main\resources to target\classes
2025-10-13 21:52:45,592 [Worker-20: Building] INFO  o.a.m.s.f.DefaultMavenResourcesFiltering - skip non existing resourceDirectory C:\Users\2440888\OneDrive - Cognizant\Desktop\Health-Insurance-Claim\health-insurance-claim\src\test\resources
2025-10-13 21:53:57,148 [Worker-19: Building] INFO  o.a.m.s.f.DefaultMavenResourcesFiltering - Copying 1 resource from src\main\resources to target\classes
2025-10-13 21:53:57,175 [Worker-19: Building] INFO  o.a.m.s.f.DefaultMavenResourcesFiltering - Copying 17 resources from src\main\resources to target\classes
2025-10-13 21:53:57,359 [Worker-19: Building] INFO  o.a.m.s.f.DefaultMavenResourcesFiltering - skip non existing resourceDirectory C:\Users\2440888\OneDrive - Cognizant\Desktop\Health-Insurance-Claim\health-insurance-claim\src\test\resources
2025-10-13 21:55:27,280 [Worker-19: Building] INFO  o.a.m.s.f.DefaultMavenResourcesFiltering - Copying 1 resource from src\main\resources to target\classes
2025-10-13 21:55:27,314 [Worker-19: Building] INFO  o.a.m.s.f.DefaultMavenResourcesFiltering - Copying 17 resources from src\main\resources to target\classes
2025-10-13 21:55:27,561 [Worker-19: Building] INFO  o.a.m.s.f.DefaultMavenResourcesFiltering - skip non existing resourceDirectory C:\Users\2440888\OneDrive - Cognizant\Desktop\Health-Insurance-Claim\health-insurance-claim\src\test\resources
2025-10-13 21:58:10,323 [Worker-8: Building] INFO  o.a.m.s.f.DefaultMavenResourcesFiltering - Copying 1 resource from src\main\resources to target\classes
2025-10-13 21:58:10,351 [Worker-8: Building] INFO  o.a.m.s.f.DefaultMavenResourcesFiltering - Copying 17 resources from src\main\resources to target\classes
2025-10-13 21:58:10,571 [Worker-8: Building] INFO  o.a.m.s.f.DefaultMavenResourcesFiltering - skip non existing resourceDirectory C:\Users\2440888\OneDrive - Cognizant\Desktop\Health-Insurance-Claim\health-insurance-claim\src\test\resources
2025-10-13 21:58:15,849 [Worker-19: Building] INFO  o.a.m.s.f.DefaultMavenResourcesFiltering - Copying 1 resource from src\main\resources to target\classes
2025-10-13 21:58:15,865 [Worker-19: Building] INFO  o.a.m.s.f.DefaultMavenResourcesFiltering - Copying 17 resources from src\main\resources to target\classes
2025-10-13 21:58:15,877 [Worker-19: Building] INFO  o.a.m.s.f.DefaultMavenResourcesFiltering - skip non existing resourceDirectory C:\Users\2440888\OneDrive - Cognizant\Desktop\Health-Insurance-Claim\health-insurance-claim\src\test\resources
2025-10-13 21:59:59,060 [Worker-8: Building] INFO  o.a.m.s.f.DefaultMavenResourcesFiltering - Copying 1 resource from src\main\resources to target\classes
2025-10-13 21:59:59,112 [Worker-8: Building] INFO  o.a.m.s.f.DefaultMavenResourcesFiltering - Copying 17 resources from src\main\resources to target\classes
2025-10-13 21:59:59,364 [Worker-8: Building] INFO  o.a.m.s.f.DefaultMavenResourcesFiltering - skip non existing resourceDirectory C:\Users\2440888\OneDrive - Cognizant\Desktop\Health-Insurance-Claim\health-insurance-claim\src\test\resources
2025-10-13 22:00:13,821 [Worker-19: Building] INFO  o.a.m.s.f.DefaultMavenResourcesFiltering - Copying 1 resource from src\main\resources to target\classes
2025-10-13 22:00:13,863 [Worker-19: Building] INFO  o.a.m.s.f.DefaultMavenResourcesFiltering - Copying 17 resources from src\main\resources to target\classes
2025-10-13 22:00:14,147 [Worker-19: Building] INFO  o.a.m.s.f.DefaultMavenResourcesFiltering - skip non existing resourceDirectory C:\Users\2440888\OneDrive - Cognizant\Desktop\Health-Insurance-Claim\health-insurance-claim\src\test\resources
2025-10-13 22:01:09,074 [Worker-19: Building] INFO  o.a.m.s.f.DefaultMavenResourcesFiltering - Copying 1 resource from src\main\resources to target\classes
2025-10-13 22:01:09,101 [Worker-19: Building] INFO  o.a.m.s.f.DefaultMavenResourcesFiltering - Copying 17 resources from src\main\resources to target\classes
2025-10-13 22:01:09,321 [Worker-19: Building] INFO  o.a.m.s.f.DefaultMavenResourcesFiltering - skip non existing resourceDirectory C:\Users\2440888\OneDrive - Cognizant\Desktop\Health-Insurance-Claim\health-insurance-claim\src\test\resources
2025-10-13 22:01:12,480 [Worker-18: Building] INFO  o.a.m.s.f.DefaultMavenResourcesFiltering - Copying 1 resource from src\main\resources to target\classes
2025-10-13 22:01:12,497 [Worker-18: Building] INFO  o.a.m.s.f.DefaultMavenResourcesFiltering - Copying 17 resources from src\main\resources to target\classes
2025-10-13 22:01:12,514 [Worker-18: Building] INFO  o.a.m.s.f.DefaultMavenResourcesFiltering - skip non existing resourceDirectory C:\Users\2440888\OneDrive - Cognizant\Desktop\Health-Insurance-Claim\health-insurance-claim\src\test\resources
2025-10-13 22:03:07,673 [Worker-20: Building] INFO  o.a.m.s.f.DefaultMavenResourcesFiltering - Copying 1 resource from src\main\resources to target\classes
2025-10-13 22:03:07,711 [Worker-20: Building] INFO  o.a.m.s.f.DefaultMavenResourcesFiltering - Copying 17 resources from src\main\resources to target\classes
2025-10-13 22:03:07,907 [Worker-20: Building] INFO  o.a.m.s.f.DefaultMavenResourcesFiltering - skip non existing resourceDirectory C:\Users\2440888\OneDrive - Cognizant\Desktop\Health-Insurance-Claim\health-insurance-claim\src\test\resources
2025-10-13 22:03:24,578 [Worker-18: Building] INFO  o.a.m.s.f.DefaultMavenResourcesFiltering - Copying 0 resource from src\main\resources to target\classes
2025-10-13 22:03:24,670 [Worker-18: Building] INFO  o.a.m.s.f.DefaultMavenResourcesFiltering - Copying 0 resource from src\main\resources to target\classes
2025-10-13 22:03:24,673 [Worker-18: Building] INFO  o.a.m.s.f.DefaultMavenResourcesFiltering - skip non existing resourceDirectory C:\Users\2440888\OneDrive - Cognizant\Desktop\Health-Insurance-Claim\health-insurance-claim\src\test\resources
2025-10-13 22:05:38,180 [Worker-18: Building] INFO  o.a.m.s.f.DefaultMavenResourcesFiltering - Copying 1 resource from src\main\resources to target\classes
2025-10-13 22:05:38,206 [Worker-18: Building] INFO  o.a.m.s.f.DefaultMavenResourcesFiltering - Copying 17 resources from src\main\resources to target\classes
2025-10-13 22:05:38,435 [Worker-18: Building] INFO  o.a.m.s.f.DefaultMavenResourcesFiltering - skip non existing resourceDirectory C:\Users\2440888\OneDrive - Cognizant\Desktop\Health-Insurance-Claim\health-insurance-claim\src\test\resources
2025-10-13 22:06:18,346 [Worker-8: Building] INFO  o.a.m.s.f.DefaultMavenResourcesFiltering - Copying 1 resource from src\main\resources to target\classes
2025-10-13 22:06:18,401 [Worker-8: Building] INFO  o.a.m.s.f.DefaultMavenResourcesFiltering - Copying 17 resources from src\main\resources to target\classes
2025-10-13 22:06:18,602 [Worker-8: Building] INFO  o.a.m.s.f.DefaultMavenResourcesFiltering - skip non existing resourceDirectory C:\Users\2440888\OneDrive - Cognizant\Desktop\Health-Insurance-Claim\health-insurance-claim\src\test\resources
2025-10-13 22:07:05,921 [Worker-21: Building] INFO  o.a.m.s.f.DefaultMavenResourcesFiltering - Copying 1 resource from src\main\resources to target\classes
2025-10-13 22:07:05,953 [Worker-21: Building] INFO  o.a.m.s.f.DefaultMavenResourcesFiltering - Copying 17 resources from src\main\resources to target\classes
2025-10-13 22:07:06,219 [Worker-21: Building] INFO  o.a.m.s.f.DefaultMavenResourcesFiltering - skip non existing resourceDirectory C:\Users\2440888\OneDrive - Cognizant\Desktop\Health-Insurance-Claim\health-insurance-claim\src\test\resources
2025-10-13 22:07:22,143 [Worker-20: Building] INFO  o.a.m.s.f.DefaultMavenResourcesFiltering - Copying 1 resource from src\main\resources to target\classes
2025-10-13 22:07:22,185 [Worker-20: Building] INFO  o.a.m.s.f.DefaultMavenResourcesFiltering - Copying 17 resources from src\main\resources to target\classes
2025-10-13 22:07:22,371 [Worker-20: Building] INFO  o.a.m.s.f.DefaultMavenResourcesFiltering - skip non existing resourceDirectory C:\Users\2440888\OneDrive - Cognizant\Desktop\Health-Insurance-Claim\health-insurance-claim\src\test\resources
2025-10-13 22:07:37,477 [Worker-19: Building] INFO  o.a.m.s.f.DefaultMavenResourcesFiltering - Copying 1 resource from src\main\resources to target\classes
2025-10-13 22:07:37,536 [Worker-19: Building] INFO  o.a.m.s.f.DefaultMavenResourcesFiltering - Copying 17 resources from src\main\resources to target\classes
2025-10-13 22:07:37,784 [Worker-19: Building] INFO  o.a.m.s.f.DefaultMavenResourcesFiltering - skip non existing resourceDirectory C:\Users\2440888\OneDrive - Cognizant\Desktop\Health-Insurance-Claim\health-insurance-claim\src\test\resources
2025-10-13 22:08:33,182 [Worker-21: Building] INFO  o.a.m.s.f.DefaultMavenResourcesFiltering - Copying 1 resource from src\main\resources to target\classes
2025-10-13 22:08:33,209 [Worker-21: Building] INFO  o.a.m.s.f.DefaultMavenResourcesFiltering - Copying 17 resources from src\main\resources to target\classes
2025-10-13 22:08:33,456 [Worker-21: Building] INFO  o.a.m.s.f.DefaultMavenResourcesFiltering - skip non existing resourceDirectory C:\Users\2440888\OneDrive - Cognizant\Desktop\Health-Insurance-Claim\health-insurance-claim\src\test\resources
2025-10-13 22:08:40,448 [Worker-20: Building] INFO  o.a.m.s.f.DefaultMavenResourcesFiltering - Copying 1 resource from src\main\resources to target\classes
2025-10-13 22:08:40,457 [Worker-20: Building] INFO  o.a.m.s.f.DefaultMavenResourcesFiltering - Copying 17 resources from src\main\resources to target\classes
2025-10-13 22:08:40,467 [Worker-20: Building] INFO  o.a.m.s.f.DefaultMavenResourcesFiltering - skip non existing resourceDirectory C:\Users\2440888\OneDrive - Cognizant\Desktop\Health-Insurance-Claim\health-insurance-claim\src\test\resources
2025-10-13 22:09:10,434 [Worker-8: Building] INFO  o.a.m.s.f.DefaultMavenResourcesFiltering - Copying 1 resource from src\main\resources to target\classes
2025-10-13 22:09:10,459 [Worker-8: Building] INFO  o.a.m.s.f.DefaultMavenResourcesFiltering - Copying 17 resources from src\main\resources to target\classes
2025-10-13 22:09:10,704 [Worker-8: Building] INFO  o.a.m.s.f.DefaultMavenResourcesFiltering - skip non existing resourceDirectory C:\Users\2440888\OneDrive - Cognizant\Desktop\Health-Insurance-Claim\health-insurance-claim\src\test\resources
2025-10-13 22:09:19,562 [Worker-19: Building] INFO  o.a.m.s.f.DefaultMavenResourcesFiltering - Copying 1 resource from src\main\resources to target\classes
2025-10-13 22:09:19,581 [Worker-19: Building] INFO  o.a.m.s.f.DefaultMavenResourcesFiltering - Copying 17 resources from src\main\resources to target\classes
2025-10-13 22:09:19,591 [Worker-19: Building] INFO  o.a.m.s.f.DefaultMavenResourcesFiltering - skip non existing resourceDirectory C:\Users\2440888\OneDrive - Cognizant\Desktop\Health-Insurance-Claim\health-insurance-claim\src\test\resources
2025-10-13 22:09:53,189 [Worker-20: Building] INFO  o.a.m.s.f.DefaultMavenResourcesFiltering - Copying 1 resource from src\main\resources to target\classes
2025-10-13 22:09:53,216 [Worker-20: Building] INFO  o.a.m.s.f.DefaultMavenResourcesFiltering - Copying 17 resources from src\main\resources to target\classes
2025-10-13 22:09:53,438 [Worker-20: Building] INFO  o.a.m.s.f.DefaultMavenResourcesFiltering - skip non existing resourceDirectory C:\Users\2440888\OneDrive - Cognizant\Desktop\Health-Insurance-Claim\health-insurance-claim\src\test\resources
2025-10-13 22:10:13,461 [Worker-22: Building] INFO  o.a.m.s.f.DefaultMavenResourcesFiltering - Copying 1 resource from src\main\resources to target\classes
2025-10-13 22:10:13,490 [Worker-22: Building] INFO  o.a.m.s.f.DefaultMavenResourcesFiltering - Copying 17 resources from src\main\resources to target\classes
2025-10-13 22:10:13,719 [Worker-22: Building] INFO  o.a.m.s.f.DefaultMavenResourcesFiltering - skip non existing resourceDirectory C:\Users\2440888\OneDrive - Cognizant\Desktop\Health-Insurance-Claim\health-insurance-claim\src\test\resources
2025-10-13 22:10:26,552 [Worker-20: Building] INFO  o.a.m.s.f.DefaultMavenResourcesFiltering - Copying 1 resource from src\main\resources to target\classes
2025-10-13 22:10:26,591 [Worker-20: Building] INFO  o.a.m.s.f.DefaultMavenResourcesFiltering - Copying 17 resources from src\main\resources to target\classes
2025-10-13 22:10:26,778 [Worker-20: Building] INFO  o.a.m.s.f.DefaultMavenResourcesFiltering - skip non existing resourceDirectory C:\Users\2440888\OneDrive - Cognizant\Desktop\Health-Insurance-Claim\health-insurance-claim\src\test\resources
2025-10-13 22:11:01,519 [Worker-17: Building] INFO  o.a.m.s.f.DefaultMavenResourcesFiltering - Copying 1 resource from src\main\resources to target\classes
2025-10-13 22:11:01,542 [Worker-17: Building] INFO  o.a.m.s.f.DefaultMavenResourcesFiltering - Copying 17 resources from src\main\resources to target\classes
2025-10-13 22:11:01,772 [Worker-17: Building] INFO  o.a.m.s.f.DefaultMavenResourcesFiltering - skip non existing resourceDirectory C:\Users\2440888\OneDrive - Cognizant\Desktop\Health-Insurance-Claim\health-insurance-claim\src\test\resources
2025-10-13 22:11:51,297 [Worker-18: Building] INFO  o.a.m.s.f.DefaultMavenResourcesFiltering - Copying 1 resource from src\main\resources to target\classes
2025-10-13 22:11:51,322 [Worker-18: Building] INFO  o.a.m.s.f.DefaultMavenResourcesFiltering - Copying 17 resources from src\main\resources to target\classes
2025-10-13 22:11:51,539 [Worker-18: Building] INFO  o.a.m.s.f.DefaultMavenResourcesFiltering - skip non existing resourceDirectory C:\Users\2440888\OneDrive - Cognizant\Desktop\Health-Insurance-Claim\health-insurance-claim\src\test\resources
2025-10-13 22:12:06,011 [Worker-22: Building] INFO  o.a.m.s.f.DefaultMavenResourcesFiltering - Copying 1 resource from src\main\resources to target\classes
2025-10-13 22:12:06,028 [Worker-22: Building] INFO  o.a.m.s.f.DefaultMavenResourcesFiltering - Copying 17 resources from src\main\resources to target\classes
2025-10-13 22:12:06,178 [Worker-22: Building] INFO  o.a.m.s.f.DefaultMavenResourcesFiltering - skip non existing resourceDirectory C:\Users\2440888\OneDrive - Cognizant\Desktop\Health-Insurance-Claim\health-insurance-claim\src\test\resources
2025-10-13 22:12:11,328 [Worker-18: Building] INFO  o.a.m.s.f.DefaultMavenResourcesFiltering - Copying 1 resource from src\main\resources to target\classes
2025-10-13 22:12:11,343 [Worker-18: Building] INFO  o.a.m.s.f.DefaultMavenResourcesFiltering - Copying 17 resources from src\main\resources to target\classes
2025-10-13 22:12:11,361 [Worker-18: Building] INFO  o.a.m.s.f.DefaultMavenResourcesFiltering - skip non existing resourceDirectory C:\Users\2440888\OneDrive - Cognizant\Desktop\Health-Insurance-Claim\health-insurance-claim\src\test\resources
2025-10-13 22:12:32,165 [Worker-8: Building] INFO  o.a.m.s.f.DefaultMavenResourcesFiltering - Copying 1 resource from src\main\resources to target\classes
2025-10-13 22:12:32,193 [Worker-8: Building] INFO  o.a.m.s.f.DefaultMavenResourcesFiltering - Copying 17 resources from src\main\resources to target\classes
2025-10-13 22:12:32,385 [Worker-8: Building] INFO  o.a.m.s.f.DefaultMavenResourcesFiltering - skip non existing resourceDirectory C:\Users\2440888\OneDrive - Cognizant\Desktop\Health-Insurance-Claim\health-insurance-claim\src\test\resources
2025-10-13 22:12:38,823 [Worker-18: Building] INFO  o.a.m.s.f.DefaultMavenResourcesFiltering - Copying 1 resource from src\main\resources to target\classes
2025-10-13 22:12:38,834 [Worker-18: Building] INFO  o.a.m.s.f.DefaultMavenResourcesFiltering - Copying 17 resources from src\main\resources to target\classes
2025-10-13 22:12:38,842 [Worker-18: Building] INFO  o.a.m.s.f.DefaultMavenResourcesFiltering - skip non existing resourceDirectory C:\Users\2440888\OneDrive - Cognizant\Desktop\Health-Insurance-Claim\health-insurance-claim\src\test\resources
2025-10-13 22:13:21,187 [Worker-22: Building] INFO  o.a.m.s.f.DefaultMavenResourcesFiltering - Copying 1 resource from src\main\resources to target\classes
2025-10-13 22:13:21,209 [Worker-22: Building] INFO  o.a.m.s.f.DefaultMavenResourcesFiltering - Copying 17 resources from src\main\resources to target\classes
2025-10-13 22:13:21,440 [Worker-22: Building] INFO  o.a.m.s.f.DefaultMavenResourcesFiltering - skip non existing resourceDirectory C:\Users\2440888\OneDrive - Cognizant\Desktop\Health-Insurance-Claim\health-insurance-claim\src\test\resources
2025-10-13 22:13:33,152 [Worker-23: Building] INFO  o.a.m.s.f.DefaultMavenResourcesFiltering - Copying 1 resource from src\main\resources to target\classes
2025-10-13 22:13:33,172 [Worker-23: Building] INFO  o.a.m.s.f.DefaultMavenResourcesFiltering - Copying 17 resources from src\main\resources to target\classes
2025-10-13 22:13:33,348 [Worker-23: Building] INFO  o.a.m.s.f.DefaultMavenResourcesFiltering - skip non existing resourceDirectory C:\Users\2440888\OneDrive - Cognizant\Desktop\Health-Insurance-Claim\health-insurance-claim\src\test\resources
2025-10-13 22:16:14,342 [Worker-18: Building] INFO  o.a.m.s.f.DefaultMavenResourcesFiltering - Copying 1 resource from src\main\resources to target\classes
2025-10-13 22:16:14,357 [Worker-18: Building] INFO  o.a.m.s.f.DefaultMavenResourcesFiltering - Copying 17 resources from src\main\resources to target\classes
2025-10-13 22:16:14,560 [Worker-18: Building] INFO  o.a.m.s.f.DefaultMavenResourcesFiltering - skip non existing resourceDirectory C:\Users\2440888\OneDrive - Cognizant\Desktop\Health-Insurance-Claim\health-insurance-claim\src\test\resources
2025-10-13 22:17:01,455 [Worker-18: Building] INFO  o.a.m.s.f.DefaultMavenResourcesFiltering - Copying 1 resource from src\main\resources to target\classes
2025-10-13 22:17:01,499 [Worker-18: Building] INFO  o.a.m.s.f.DefaultMavenResourcesFiltering - Copying 17 resources from src\main\resources to target\classes
2025-10-13 22:17:01,719 [Worker-18: Building] INFO  o.a.m.s.f.DefaultMavenResourcesFiltering - skip non existing resourceDirectory C:\Users\2440888\OneDrive - Cognizant\Desktop\Health-Insurance-Claim\health-insurance-claim\src\test\resources
2025-10-13 22:17:10,207 [Worker-20: Building] INFO  o.a.m.s.f.DefaultMavenResourcesFiltering - Copying 1 resource from src\main\resources to target\classes
2025-10-13 22:17:10,216 [Worker-20: Building] INFO  o.a.m.s.f.DefaultMavenResourcesFiltering - Copying 17 resources from src\main\resources to target\classes
2025-10-13 22:17:10,224 [Worker-20: Building] INFO  o.a.m.s.f.DefaultMavenResourcesFiltering - skip non existing resourceDirectory C:\Users\2440888\OneDrive - Cognizant\Desktop\Health-Insurance-Claim\health-insurance-claim\src\test\resources
2025-10-13 22:17:19,232 [Worker-19: Building] INFO  o.a.m.s.f.DefaultMavenResourcesFiltering - Copying 1 resource from src\main\resources to target\classes
2025-10-13 22:17:19,255 [Worker-19: Building] INFO  o.a.m.s.f.DefaultMavenResourcesFiltering - Copying 17 resources from src\main\resources to target\classes
2025-10-13 22:17:19,476 [Worker-19: Building] INFO  o.a.m.s.f.DefaultMavenResourcesFiltering - skip non existing resourceDirectory C:\Users\2440888\OneDrive - Cognizant\Desktop\Health-Insurance-Claim\health-insurance-claim\src\test\resources
2025-10-13 22:17:29,923 [Worker-21: Building] INFO  o.a.m.s.f.DefaultMavenResourcesFiltering - Copying 1 resource from src\main\resources to target\classes
2025-10-13 22:17:29,956 [Worker-21: Building] INFO  o.a.m.s.f.DefaultMavenResourcesFiltering - Copying 17 resources from src\main\resources to target\classes
2025-10-13 22:17:30,176 [Worker-21: Building] INFO  o.a.m.s.f.DefaultMavenResourcesFiltering - skip non existing resourceDirectory C:\Users\2440888\OneDrive - Cognizant\Desktop\Health-Insurance-Claim\health-insurance-claim\src\test\resources
2025-10-13 22:17:47,507 [Worker-22: Building] INFO  o.a.m.s.f.DefaultMavenResourcesFiltering - Copying 1 resource from src\main\resources to target\classes
2025-10-13 22:17:47,532 [Worker-22: Building] INFO  o.a.m.s.f.DefaultMavenResourcesFiltering - Copying 17 resources from src\main\resources to target\classes
2025-10-13 22:17:47,741 [Worker-22: Building] INFO  o.a.m.s.f.DefaultMavenResourcesFiltering - skip non existing resourceDirectory C:\Users\2440888\OneDrive - Cognizant\Desktop\Health-Insurance-Claim\health-insurance-claim\src\test\resources
2025-10-13 22:18:04,776 [Worker-18: Building] INFO  o.a.m.s.f.DefaultMavenResourcesFiltering - Copying 1 resource from src\main\resources to target\classes
2025-10-13 22:18:04,804 [Worker-18: Building] INFO  o.a.m.s.f.DefaultMavenResourcesFiltering - Copying 17 resources from src\main\resources to target\classes
2025-10-13 22:18:05,022 [Worker-18: Building] INFO  o.a.m.s.f.DefaultMavenResourcesFiltering - skip non existing resourceDirectory C:\Users\2440888\OneDrive - Cognizant\Desktop\Health-Insurance-Claim\health-insurance-claim\src\test\resources
2025-10-13 22:18:12,631 [Worker-21: Building] INFO  o.a.m.s.f.DefaultMavenResourcesFiltering - Copying 1 resource from src\main\resources to target\classes
2025-10-13 22:18:12,643 [Worker-21: Building] INFO  o.a.m.s.f.DefaultMavenResourcesFiltering - Copying 17 resources from src\main\resources to target\classes
2025-10-13 22:18:12,652 [Worker-21: Building] INFO  o.a.m.s.f.DefaultMavenResourcesFiltering - skip non existing resourceDirectory C:\Users\2440888\OneDrive - Cognizant\Desktop\Health-Insurance-Claim\health-insurance-claim\src\test\resources
2025-10-13 22:18:22,092 [Worker-21: Building] INFO  o.a.m.s.f.DefaultMavenResourcesFiltering - Copying 1 resource from src\main\resources to target\classes
2025-10-13 22:18:22,113 [Worker-21: Building] INFO  o.a.m.s.f.DefaultMavenResourcesFiltering - Copying 17 resources from src\main\resources to target\classes
2025-10-13 22:18:22,329 [Worker-21: Building] INFO  o.a.m.s.f.DefaultMavenResourcesFiltering - skip non existing resourceDirectory C:\Users\2440888\OneDrive - Cognizant\Desktop\Health-Insurance-Claim\health-insurance-claim\src\test\resources
2025-10-13 22:18:35,097 [Worker-23: Building] INFO  o.a.m.s.f.DefaultMavenResourcesFiltering - Copying 1 resource from src\main\resources to target\classes
2025-10-13 22:18:35,117 [Worker-23: Building] INFO  o.a.m.s.f.DefaultMavenResourcesFiltering - Copying 17 resources from src\main\resources to target\classes
2025-10-13 22:18:35,306 [Worker-23: Building] INFO  o.a.m.s.f.DefaultMavenResourcesFiltering - skip non existing resourceDirectory C:\Users\2440888\OneDrive - Cognizant\Desktop\Health-Insurance-Claim\health-insurance-claim\src\test\resources
2025-10-13 22:19:00,140 [Worker-21: Building] INFO  o.a.m.s.f.DefaultMavenResourcesFiltering - Copying 1 resource from src\main\resources to target\classes
2025-10-13 22:19:00,161 [Worker-21: Building] INFO  o.a.m.s.f.DefaultMavenResourcesFiltering - Copying 17 resources from src\main\resources to target\classes
2025-10-13 22:19:00,355 [Worker-21: Building] INFO  o.a.m.s.f.DefaultMavenResourcesFiltering - skip non existing resourceDirectory C:\Users\2440888\OneDrive - Cognizant\Desktop\Health-Insurance-Claim\health-insurance-claim\src\test\resources
2025-10-13 23:11:15,453 [Worker-8: Building] INFO  o.a.m.s.f.DefaultMavenResourcesFiltering - Copying 0 resource from src\main\resources to target\classes
2025-10-13 23:11:15,607 [Worker-8: Building] INFO  o.a.m.s.f.DefaultMavenResourcesFiltering - Copying 1 resource from src\main\resources to target\classes
2025-10-13 23:11:15,624 [Worker-8: Building] INFO  o.a.m.s.f.DefaultMavenResourcesFiltering - skip non existing resourceDirectory C:\Users\2440888\OneDrive - Cognizant\Desktop\Health-Insurance-Claim\health-insurance-claim\src\test\resources
2025-10-13 23:16:22,260 [Worker-26: Building] INFO  o.a.m.s.f.DefaultMavenResourcesFiltering - Copying 0 resource from src\main\resources to target\classes
2025-10-13 23:16:22,370 [Worker-26: Building] INFO  o.a.m.s.f.DefaultMavenResourcesFiltering - Copying 1 resource from src\main\resources to target\classes
2025-10-13 23:16:22,387 [Worker-26: Building] INFO  o.a.m.s.f.DefaultMavenResourcesFiltering - skip non existing resourceDirectory C:\Users\2440888\OneDrive - Cognizant\Desktop\Health-Insurance-Claim\health-insurance-claim\src\test\resources
2025-10-13 23:18:56,681 [Worker-23: Building] INFO  o.a.m.s.f.DefaultMavenResourcesFiltering - Copying 0 resource from src\main\resources to target\classes
2025-10-13 23:18:56,766 [Worker-23: Building] INFO  o.a.m.s.f.DefaultMavenResourcesFiltering - Copying 1 resource from src\main\resources to target\classes
2025-10-13 23:18:56,780 [Worker-23: Building] INFO  o.a.m.s.f.DefaultMavenResourcesFiltering - skip non existing resourceDirectory C:\Users\2440888\OneDrive - Cognizant\Desktop\Health-Insurance-Claim\health-insurance-claim\src\test\resources
2025-10-13 23:21:57,494 [Worker-26: Building] INFO  o.a.m.s.f.DefaultMavenResourcesFiltering - Copying 0 resource from src\main\resources to target\classes
2025-10-13 23:21:57,599 [Worker-26: Building] INFO  o.a.m.s.f.DefaultMavenResourcesFiltering - Copying 1 resource from src\main\resources to target\classes
2025-10-13 23:21:57,616 [Worker-26: Building] INFO  o.a.m.s.f.DefaultMavenResourcesFiltering - skip non existing resourceDirectory C:\Users\2440888\OneDrive - Cognizant\Desktop\Health-Insurance-Claim\health-insurance-claim\src\test\resources
2025-10-13 23:22:42,655 [Worker-26: Building] INFO  o.a.m.s.f.DefaultMavenResourcesFiltering - Copying 0 resource from src\main\resources to target\classes
2025-10-13 23:22:42,808 [Worker-26: Building] INFO  o.a.m.s.f.DefaultMavenResourcesFiltering - Copying 1 resource from src\main\resources to target\classes
2025-10-13 23:22:42,820 [Worker-26: Building] INFO  o.a.m.s.f.DefaultMavenResourcesFiltering - skip non existing resourceDirectory C:\Users\2440888\OneDrive - Cognizant\Desktop\Health-Insurance-Claim\health-insurance-claim\src\test\resources
2025-10-13 23:33:14,040 [Worker-27: Building] INFO  o.a.m.s.f.DefaultMavenResourcesFiltering - Copying 1 resource from src\main\resources to target\classes
2025-10-13 23:33:14,117 [Worker-27: Building] INFO  o.a.m.s.f.DefaultMavenResourcesFiltering - Copying 17 resources from src\main\resources to target\classes
2025-10-13 23:33:14,346 [Worker-27: Building] INFO  o.a.m.s.f.DefaultMavenResourcesFiltering - skip non existing resourceDirectory C:\Users\2440888\OneDrive - Cognizant\Desktop\Health-Insurance-Claim\health-insurance-claim\src\test\resources
2025-10-13 23:37:23,071 [Worker-25: Building] INFO  o.a.m.s.f.DefaultMavenResourcesFiltering - Copying 0 resource from src\main\resources to target\classes
2025-10-13 23:37:23,235 [Worker-25: Building] INFO  o.a.m.s.f.DefaultMavenResourcesFiltering - Copying 1 resource from src\main\resources to target\classes
2025-10-13 23:37:23,246 [Worker-25: Building] INFO  o.a.m.s.f.DefaultMavenResourcesFiltering - skip non existing resourceDirectory C:\Users\2440888\OneDrive - Cognizant\Desktop\Health-Insurance-Claim\health-insurance-claim\src\test\resources
2025-10-13 23:41:24,604 [Worker-25: Building] INFO  o.a.m.s.f.DefaultMavenResourcesFiltering - Copying 0 resource from src\main\resources to target\classes
2025-10-13 23:41:24,771 [Worker-25: Building] INFO  o.a.m.s.f.DefaultMavenResourcesFiltering - Copying 1 resource from src\main\resources to target\classes
2025-10-13 23:41:24,782 [Worker-25: Building] INFO  o.a.m.s.f.DefaultMavenResourcesFiltering - skip non existing resourceDirectory C:\Users\2440888\OneDrive - Cognizant\Desktop\Health-Insurance-Claim\health-insurance-claim\src\test\resources
2025-10-13 23:45:17,867 [Worker-8: Building] INFO  o.a.m.s.f.DefaultMavenResourcesFiltering - Copying 0 resource from src\main\resources to target\classes
2025-10-13 23:45:17,975 [Worker-8: Building] INFO  o.a.m.s.f.DefaultMavenResourcesFiltering - Copying 1 resource from src\main\resources to target\classes
2025-10-13 23:45:17,986 [Worker-8: Building] INFO  o.a.m.s.f.DefaultMavenResourcesFiltering - skip non existing resourceDirectory C:\Users\2440888\OneDrive - Cognizant\Desktop\Health-Insurance-Claim\health-insurance-claim\src\test\resources
2025-10-13 23:47:35,113 [Worker-8: Building] INFO  o.a.m.s.f.DefaultMavenResourcesFiltering - Copying 1 resource from src\main\resources to target\classes
2025-10-13 23:47:35,219 [Worker-8: Building] INFO  o.a.m.s.f.DefaultMavenResourcesFiltering - Copying 17 resources from src\main\resources to target\classes
2025-10-13 23:47:35,446 [Worker-8: Building] INFO  o.a.m.s.f.DefaultMavenResourcesFiltering - skip non existing resourceDirectory C:\Users\2440888\OneDrive - Cognizant\Desktop\Health-Insurance-Claim\health-insurance-claim\src\test\resources
2025-10-13 23:47:58,100 [Worker-8: Building] INFO  o.a.m.s.f.DefaultMavenResourcesFiltering - Copying 0 resource from src\main\resources to target\classes
2025-10-13 23:47:58,226 [Worker-8: Building] INFO  o.a.m.s.f.DefaultMavenResourcesFiltering - Copying 1 resource from src\main\resources to target\classes
2025-10-13 23:47:58,247 [Worker-8: Building] INFO  o.a.m.s.f.DefaultMavenResourcesFiltering - skip non existing resourceDirectory C:\Users\2440888\OneDrive - Cognizant\Desktop\Health-Insurance-Claim\health-insurance-claim\src\test\resources
2025-10-14 08:29:25,561 [Worker-6: Loading available Gradle versions] INFO  o.e.b.c.i.u.g.PublishedGradleVersions - Gradle version information cache is up-to-date. Trying to read.
2025-10-14 08:45:43,939 [Worker-19: Building] INFO  o.a.m.s.f.DefaultMavenResourcesFiltering - Copying 1 resource from src\main\resources to target\classes
2025-10-14 08:45:43,972 [Worker-19: Building] INFO  o.a.m.s.f.DefaultMavenResourcesFiltering - Copying 17 resources from src\main\resources to target\classes
2025-10-14 08:45:44,205 [Worker-19: Building] INFO  o.a.m.s.f.DefaultMavenResourcesFiltering - skip non existing resourceDirectory C:\Users\2440888\OneDrive - Cognizant\Desktop\Health-Insurance-Claim\health-insurance-claim\src\test\resources
2025-10-14 08:45:52,700 [Worker-22: Building] INFO  o.a.m.s.f.DefaultMavenResourcesFiltering - Copying 1 resource from src\main\resources to target\classes
2025-10-14 08:45:52,706 [Worker-22: Building] INFO  o.a.m.s.f.DefaultMavenResourcesFiltering - Copying 17 resources from src\main\resources to target\classes
2025-10-14 08:45:52,723 [Worker-22: Building] INFO  o.a.m.s.f.DefaultMavenResourcesFiltering - skip non existing resourceDirectory C:\Users\2440888\OneDrive - Cognizant\Desktop\Health-Insurance-Claim\health-insurance-claim\src\test\resources
2025-10-14 08:45:55,853 [Worker-22: Building] INFO  o.a.m.s.f.DefaultMavenResourcesFiltering - Copying 1 resource from src\main\resources to target\classes
2025-10-14 08:45:55,872 [Worker-22: Building] INFO  o.a.m.s.f.DefaultMavenResourcesFiltering - Copying 17 resources from src\main\resources to target\classes
2025-10-14 08:45:56,075 [Worker-22: Building] INFO  o.a.m.s.f.DefaultMavenResourcesFiltering - skip non existing resourceDirectory C:\Users\2440888\OneDrive - Cognizant\Desktop\Health-Insurance-Claim\health-insurance-claim\src\test\resources
2025-10-14 08:45:58,505 [Worker-22: Building] INFO  o.a.m.s.f.DefaultMavenResourcesFiltering - Copying 1 resource from src\main\resources to target\classes
2025-10-14 08:45:58,515 [Worker-22: Building] INFO  o.a.m.s.f.DefaultMavenResourcesFiltering - Copying 17 resources from src\main\resources to target\classes
2025-10-14 08:45:58,535 [Worker-22: Building] INFO  o.a.m.s.f.DefaultMavenResourcesFiltering - skip non existing resourceDirectory C:\Users\2440888\OneDrive - Cognizant\Desktop\Health-Insurance-Claim\health-insurance-claim\src\test\resources
2025-10-14 08:46:54,289 [Worker-4: Building] INFO  o.a.m.s.f.DefaultMavenResourcesFiltering - Copying 1 resource from src\main\resources to target\classes
2025-10-14 08:46:54,309 [Worker-4: Building] INFO  o.a.m.s.f.DefaultMavenResourcesFiltering - Copying 17 resources from src\main\resources to target\classes
2025-10-14 08:46:54,511 [Worker-4: Building] INFO  o.a.m.s.f.DefaultMavenResourcesFiltering - skip non existing resourceDirectory C:\Users\2440888\OneDrive - Cognizant\Desktop\Health-Insurance-Claim\health-insurance-claim\src\test\resources
2025-10-14 08:50:35,044 [Worker-25: Building] INFO  o.a.m.s.f.DefaultMavenResourcesFiltering - Copying 1 resource from src\main\resources to target\classes
2025-10-14 08:50:35,066 [Worker-25: Building] INFO  o.a.m.s.f.DefaultMavenResourcesFiltering - Copying 17 resources from src\main\resources to target\classes
2025-10-14 08:50:35,276 [Worker-25: Building] INFO  o.a.m.s.f.DefaultMavenResourcesFiltering - skip non existing resourceDirectory C:\Users\2440888\OneDrive - Cognizant\Desktop\Health-Insurance-Claim\health-insurance-claim\src\test\resources
2025-10-14 08:52:49,677 [Worker-24: Building] INFO  o.a.m.s.f.DefaultMavenResourcesFiltering - Copying 1 resource from src\main\resources to target\classes
2025-10-14 08:52:49,710 [Worker-24: Building] INFO  o.a.m.s.f.DefaultMavenResourcesFiltering - Copying 17 resources from src\main\resources to target\classes
2025-10-14 08:52:49,905 [Worker-24: Building] INFO  o.a.m.s.f.DefaultMavenResourcesFiltering - skip non existing resourceDirectory C:\Users\2440888\OneDrive - Cognizant\Desktop\Health-Insurance-Claim\health-insurance-claim\src\test\resources
2025-10-14 08:53:09,224 [Worker-24: Building] INFO  o.a.m.s.f.DefaultMavenResourcesFiltering - Copying 1 resource from src\main\resources to target\classes
2025-10-14 08:53:09,248 [Worker-24: Building] INFO  o.a.m.s.f.DefaultMavenResourcesFiltering - Copying 17 resources from src\main\resources to target\classes
2025-10-14 08:53:09,442 [Worker-24: Building] INFO  o.a.m.s.f.DefaultMavenResourcesFiltering - skip non existing resourceDirectory C:\Users\2440888\OneDrive - Cognizant\Desktop\Health-Insurance-Claim\health-insurance-claim\src\test\resources
2025-10-14 08:56:50,500 [Worker-25: Building] INFO  o.a.m.s.f.DefaultMavenResourcesFiltering - Copying 1 resource from src\main\resources to target\classes
2025-10-14 08:56:50,523 [Worker-25: Building] INFO  o.a.m.s.f.DefaultMavenResourcesFiltering - Copying 17 resources from src\main\resources to target\classes
2025-10-14 08:56:50,762 [Worker-25: Building] INFO  o.a.m.s.f.DefaultMavenResourcesFiltering - skip non existing resourceDirectory C:\Users\2440888\OneDrive - Cognizant\Desktop\Health-Insurance-Claim\health-insurance-claim\src\test\resources
2025-10-14 08:57:06,981 [Worker-25: Building] INFO  o.a.m.s.f.DefaultMavenResourcesFiltering - Copying 1 resource from src\main\resources to target\classes
2025-10-14 08:57:07,001 [Worker-25: Building] INFO  o.a.m.s.f.DefaultMavenResourcesFiltering - Copying 17 resources from src\main\resources to target\classes
2025-10-14 08:57:07,202 [Worker-25: Building] INFO  o.a.m.s.f.DefaultMavenResourcesFiltering - skip non existing resourceDirectory C:\Users\2440888\OneDrive - Cognizant\Desktop\Health-Insurance-Claim\health-insurance-claim\src\test\resources
2025-10-14 08:57:14,839 [Worker-25: Building] INFO  o.a.m.s.f.DefaultMavenResourcesFiltering - Copying 1 resource from src\main\resources to target\classes
2025-10-14 08:57:14,848 [Worker-25: Building] INFO  o.a.m.s.f.DefaultMavenResourcesFiltering - Copying 17 resources from src\main\resources to target\classes
2025-10-14 08:57:14,863 [Worker-25: Building] INFO  o.a.m.s.f.DefaultMavenResourcesFiltering - skip non existing resourceDirectory C:\Users\2440888\OneDrive - Cognizant\Desktop\Health-Insurance-Claim\health-insurance-claim\src\test\resources
2025-10-14 08:58:06,476 [Worker-33: Building] INFO  o.a.m.s.f.DefaultMavenResourcesFiltering - Copying 1 resource from src\main\resources to target\classes
2025-10-14 08:58:06,495 [Worker-33: Building] INFO  o.a.m.s.f.DefaultMavenResourcesFiltering - Copying 17 resources from src\main\resources to target\classes
2025-10-14 08:58:06,704 [Worker-33: Building] INFO  o.a.m.s.f.DefaultMavenResourcesFiltering - skip non existing resourceDirectory C:\Users\2440888\OneDrive - Cognizant\Desktop\Health-Insurance-Claim\health-insurance-claim\src\test\resources
2025-10-14 08:59:27,949 [Worker-30: Building] INFO  o.a.m.s.f.DefaultMavenResourcesFiltering - Copying 1 resource from src\main\resources to target\classes
2025-10-14 08:59:27,973 [Worker-30: Building] INFO  o.a.m.s.f.DefaultMavenResourcesFiltering - Copying 17 resources from src\main\resources to target\classes
2025-10-14 08:59:28,184 [Worker-30: Building] INFO  o.a.m.s.f.DefaultMavenResourcesFiltering - skip non existing resourceDirectory C:\Users\2440888\OneDrive - Cognizant\Desktop\Health-Insurance-Claim\health-insurance-claim\src\test\resources
2025-10-14 09:00:25,706 [Worker-32: Building] INFO  o.a.m.s.f.DefaultMavenResourcesFiltering - Copying 1 resource from src\main\resources to target\classes
2025-10-14 09:00:25,727 [Worker-32: Building] INFO  o.a.m.s.f.DefaultMavenResourcesFiltering - Copying 17 resources from src\main\resources to target\classes
2025-10-14 09:00:25,934 [Worker-32: Building] INFO  o.a.m.s.f.DefaultMavenResourcesFiltering - skip non existing resourceDirectory C:\Users\2440888\OneDrive - Cognizant\Desktop\Health-Insurance-Claim\health-insurance-claim\src\test\resources
2025-10-14 09:00:40,370 [Worker-25: Building] INFO  o.a.m.s.f.DefaultMavenResourcesFiltering - Copying 1 resource from src\main\resources to target\classes
2025-10-14 09:00:40,389 [Worker-25: Building] INFO  o.a.m.s.f.DefaultMavenResourcesFiltering - Copying 17 resources from src\main\resources to target\classes
2025-10-14 09:00:40,589 [Worker-25: Building] INFO  o.a.m.s.f.DefaultMavenResourcesFiltering - skip non existing resourceDirectory C:\Users\2440888\OneDrive - Cognizant\Desktop\Health-Insurance-Claim\health-insurance-claim\src\test\resources
2025-10-14 09:00:52,564 [Worker-25: Building] INFO  o.a.m.s.f.DefaultMavenResourcesFiltering - Copying 1 resource from src\main\resources to target\classes
2025-10-14 09:00:52,587 [Worker-25: Building] INFO  o.a.m.s.f.DefaultMavenResourcesFiltering - Copying 17 resources from src\main\resources to target\classes
2025-10-14 09:00:52,774 [Worker-25: Building] INFO  o.a.m.s.f.DefaultMavenResourcesFiltering - skip non existing resourceDirectory C:\Users\2440888\OneDrive - Cognizant\Desktop\Health-Insurance-Claim\health-insurance-claim\src\test\resources
2025-10-14 09:02:02,232 [Worker-32: Building] INFO  o.a.m.s.f.DefaultMavenResourcesFiltering - Copying 1 resource from src\main\resources to target\classes
2025-10-14 09:02:02,253 [Worker-32: Building] INFO  o.a.m.s.f.DefaultMavenResourcesFiltering - Copying 17 resources from src\main\resources to target\classes
2025-10-14 09:02:02,448 [Worker-32: Building] INFO  o.a.m.s.f.DefaultMavenResourcesFiltering - skip non existing resourceDirectory C:\Users\2440888\OneDrive - Cognizant\Desktop\Health-Insurance-Claim\health-insurance-claim\src\test\resources
2025-10-14 09:02:06,262 [Worker-28: Building] INFO  o.a.m.s.f.DefaultMavenResourcesFiltering - Copying 1 resource from src\main\resources to target\classes
2025-10-14 09:02:06,276 [Worker-28: Building] INFO  o.a.m.s.f.DefaultMavenResourcesFiltering - Copying 17 resources from src\main\resources to target\classes
2025-10-14 09:02:06,289 [Worker-28: Building] INFO  o.a.m.s.f.DefaultMavenResourcesFiltering - skip non existing resourceDirectory C:\Users\2440888\OneDrive - Cognizant\Desktop\Health-Insurance-Claim\health-insurance-claim\src\test\resources
2025-10-14 09:03:16,808 [Worker-28: Building] INFO  o.a.m.s.f.DefaultMavenResourcesFiltering - Copying 1 resource from src\main\resources to target\classes
2025-10-14 09:03:16,827 [Worker-28: Building] INFO  o.a.m.s.f.DefaultMavenResourcesFiltering - Copying 17 resources from src\main\resources to target\classes
2025-10-14 09:03:17,038 [Worker-28: Building] INFO  o.a.m.s.f.DefaultMavenResourcesFiltering - skip non existing resourceDirectory C:\Users\2440888\OneDrive - Cognizant\Desktop\Health-Insurance-Claim\health-insurance-claim\src\test\resources
2025-10-14 09:03:33,590 [Worker-25: Building] INFO  o.a.m.s.f.DefaultMavenResourcesFiltering - Copying 1 resource from src\main\resources to target\classes
2025-10-14 09:03:33,611 [Worker-25: Building] INFO  o.a.m.s.f.DefaultMavenResourcesFiltering - Copying 17 resources from src\main\resources to target\classes
2025-10-14 09:03:33,815 [Worker-25: Building] INFO  o.a.m.s.f.DefaultMavenResourcesFiltering - skip non existing resourceDirectory C:\Users\2440888\OneDrive - Cognizant\Desktop\Health-Insurance-Claim\health-insurance-claim\src\test\resources
2025-10-14 09:04:28,622 [Worker-25: Building] INFO  o.a.m.s.f.DefaultMavenResourcesFiltering - Copying 1 resource from src\main\resources to target\classes
2025-10-14 09:04:28,646 [Worker-25: Building] INFO  o.a.m.s.f.DefaultMavenResourcesFiltering - Copying 17 resources from src\main\resources to target\classes
2025-10-14 09:04:28,896 [Worker-25: Building] INFO  o.a.m.s.f.DefaultMavenResourcesFiltering - skip non existing resourceDirectory C:\Users\2440888\OneDrive - Cognizant\Desktop\Health-Insurance-Claim\health-insurance-claim\src\test\resources
2025-10-14 09:04:42,304 [Worker-33: Building] INFO  o.a.m.s.f.DefaultMavenResourcesFiltering - Copying 1 resource from src\main\resources to target\classes
2025-10-14 09:04:42,327 [Worker-33: Building] INFO  o.a.m.s.f.DefaultMavenResourcesFiltering - Copying 17 resources from src\main\resources to target\classes
2025-10-14 09:04:42,555 [Worker-33: Building] INFO  o.a.m.s.f.DefaultMavenResourcesFiltering - skip non existing resourceDirectory C:\Users\2440888\OneDrive - Cognizant\Desktop\Health-Insurance-Claim\health-insurance-claim\src\test\resources
2025-10-14 09:05:40,506 [Worker-32: Building] INFO  o.a.m.s.f.DefaultMavenResourcesFiltering - Copying 1 resource from src\main\resources to target\classes
2025-10-14 09:05:40,532 [Worker-32: Building] INFO  o.a.m.s.f.DefaultMavenResourcesFiltering - Copying 17 resources from src\main\resources to target\classes
2025-10-14 09:05:40,775 [Worker-32: Building] INFO  o.a.m.s.f.DefaultMavenResourcesFiltering - skip non existing resourceDirectory C:\Users\2440888\OneDrive - Cognizant\Desktop\Health-Insurance-Claim\health-insurance-claim\src\test\resources
2025-10-14 09:06:02,985 [Worker-32: Building] INFO  o.a.m.s.f.DefaultMavenResourcesFiltering - Copying 1 resource from src\main\resources to target\classes
2025-10-14 09:06:03,010 [Worker-32: Building] INFO  o.a.m.s.f.DefaultMavenResourcesFiltering - Copying 17 resources from src\main\resources to target\classes
2025-10-14 09:06:03,214 [Worker-32: Building] INFO  o.a.m.s.f.DefaultMavenResourcesFiltering - skip non existing resourceDirectory C:\Users\2440888\OneDrive - Cognizant\Desktop\Health-Insurance-Claim\health-insurance-claim\src\test\resources
2025-10-14 09:06:31,025 [Worker-28: Building] INFO  o.a.m.s.f.DefaultMavenResourcesFiltering - Copying 1 resource from src\main\resources to target\classes
2025-10-14 09:06:31,042 [Worker-28: Building] INFO  o.a.m.s.f.DefaultMavenResourcesFiltering - Copying 17 resources from src\main\resources to target\classes
2025-10-14 09:06:31,249 [Worker-28: Building] INFO  o.a.m.s.f.DefaultMavenResourcesFiltering - skip non existing resourceDirectory C:\Users\2440888\OneDrive - Cognizant\Desktop\Health-Insurance-Claim\health-insurance-claim\src\test\resources
2025-10-14 09:07:24,421 [Worker-31: Building] INFO  o.a.m.s.f.DefaultMavenResourcesFiltering - Copying 1 resource from src\main\resources to target\classes
2025-10-14 09:07:24,441 [Worker-31: Building] INFO  o.a.m.s.f.DefaultMavenResourcesFiltering - Copying 17 resources from src\main\resources to target\classes
2025-10-14 09:07:24,663 [Worker-31: Building] INFO  o.a.m.s.f.DefaultMavenResourcesFiltering - skip non existing resourceDirectory C:\Users\2440888\OneDrive - Cognizant\Desktop\Health-Insurance-Claim\health-insurance-claim\src\test\resources
2025-10-14 09:10:15,370 [Worker-28: Building] INFO  o.a.m.s.f.DefaultMavenResourcesFiltering - Copying 1 resource from src\main\resources to target\classes
2025-10-14 09:10:15,400 [Worker-28: Building] INFO  o.a.m.s.f.DefaultMavenResourcesFiltering - Copying 17 resources from src\main\resources to target\classes
2025-10-14 09:10:15,600 [Worker-28: Building] INFO  o.a.m.s.f.DefaultMavenResourcesFiltering - skip non existing resourceDirectory C:\Users\2440888\OneDrive - Cognizant\Desktop\Health-Insurance-Claim\health-insurance-claim\src\test\resources
2025-10-14 09:10:53,887 [Worker-28: Building] INFO  o.a.m.s.f.DefaultMavenResourcesFiltering - Copying 1 resource from src\main\resources to target\classes
2025-10-14 09:10:53,906 [Worker-28: Building] INFO  o.a.m.s.f.DefaultMavenResourcesFiltering - Copying 17 resources from src\main\resources to target\classes
2025-10-14 09:10:54,098 [Worker-28: Building] INFO  o.a.m.s.f.DefaultMavenResourcesFiltering - skip non existing resourceDirectory C:\Users\2440888\OneDrive - Cognizant\Desktop\Health-Insurance-Claim\health-insurance-claim\src\test\resources
2025-10-14 09:11:30,612 [Worker-37: Building] INFO  o.a.m.s.f.DefaultMavenResourcesFiltering - Copying 1 resource from src\main\resources to target\classes
2025-10-14 09:11:30,631 [Worker-37: Building] INFO  o.a.m.s.f.DefaultMavenResourcesFiltering - Copying 17 resources from src\main\resources to target\classes
2025-10-14 09:11:30,829 [Worker-37: Building] INFO  o.a.m.s.f.DefaultMavenResourcesFiltering - skip non existing resourceDirectory C:\Users\2440888\OneDrive - Cognizant\Desktop\Health-Insurance-Claim\health-insurance-claim\src\test\resources
2025-10-14 09:11:42,001 [Worker-36: Building] INFO  o.a.m.s.f.DefaultMavenResourcesFiltering - Copying 1 resource from src\main\resources to target\classes
2025-10-14 09:11:42,021 [Worker-36: Building] INFO  o.a.m.s.f.DefaultMavenResourcesFiltering - Copying 17 resources from src\main\resources to target\classes
2025-10-14 09:11:42,217 [Worker-36: Building] INFO  o.a.m.s.f.DefaultMavenResourcesFiltering - skip non existing resourceDirectory C:\Users\2440888\OneDrive - Cognizant\Desktop\Health-Insurance-Claim\health-insurance-claim\src\test\resources
2025-10-14 09:12:15,741 [Worker-35: Building] INFO  o.a.m.s.f.DefaultMavenResourcesFiltering - Copying 1 resource from src\main\resources to target\classes
2025-10-14 09:12:15,763 [Worker-35: Building] INFO  o.a.m.s.f.DefaultMavenResourcesFiltering - Copying 17 resources from src\main\resources to target\classes
2025-10-14 09:12:15,962 [Worker-35: Building] INFO  o.a.m.s.f.DefaultMavenResourcesFiltering - skip non existing resourceDirectory C:\Users\2440888\OneDrive - Cognizant\Desktop\Health-Insurance-Claim\health-insurance-claim\src\test\resources
2025-10-14 09:12:22,742 [Worker-28: Building] INFO  o.a.m.s.f.DefaultMavenResourcesFiltering - Copying 1 resource from src\main\resources to target\classes
2025-10-14 09:12:22,756 [Worker-28: Building] INFO  o.a.m.s.f.DefaultMavenResourcesFiltering - Copying 17 resources from src\main\resources to target\classes
2025-10-14 09:12:22,778 [Worker-28: Building] INFO  o.a.m.s.f.DefaultMavenResourcesFiltering - skip non existing resourceDirectory C:\Users\2440888\OneDrive - Cognizant\Desktop\Health-Insurance-Claim\health-insurance-claim\src\test\resources
2025-10-14 09:13:13,805 [Worker-36: Building] INFO  o.a.m.s.f.DefaultMavenResourcesFiltering - Copying 1 resource from src\main\resources to target\classes
2025-10-14 09:13:13,825 [Worker-36: Building] INFO  o.a.m.s.f.DefaultMavenResourcesFiltering - Copying 17 resources from src\main\resources to target\classes
2025-10-14 09:13:14,014 [Worker-36: Building] INFO  o.a.m.s.f.DefaultMavenResourcesFiltering - skip non existing resourceDirectory C:\Users\2440888\OneDrive - Cognizant\Desktop\Health-Insurance-Claim\health-insurance-claim\src\test\resources
2025-10-14 09:13:59,260 [Worker-36: Building] INFO  o.a.m.s.f.DefaultMavenResourcesFiltering - Copying 1 resource from src\main\resources to target\classes
2025-10-14 09:13:59,287 [Worker-36: Building] INFO  o.a.m.s.f.DefaultMavenResourcesFiltering - Copying 17 resources from src\main\resources to target\classes
2025-10-14 09:13:59,508 [Worker-36: Building] INFO  o.a.m.s.f.DefaultMavenResourcesFiltering - skip non existing resourceDirectory C:\Users\2440888\OneDrive - Cognizant\Desktop\Health-Insurance-Claim\health-insurance-claim\src\test\resources
2025-10-14 09:14:09,670 [Worker-28: Building] INFO  o.a.m.s.f.DefaultMavenResourcesFiltering - Copying 1 resource from src\main\resources to target\classes
2025-10-14 09:14:09,695 [Worker-28: Building] INFO  o.a.m.s.f.DefaultMavenResourcesFiltering - Copying 17 resources from src\main\resources to target\classes
2025-10-14 09:14:09,908 [Worker-28: Building] INFO  o.a.m.s.f.DefaultMavenResourcesFiltering - skip non existing resourceDirectory C:\Users\2440888\OneDrive - Cognizant\Desktop\Health-Insurance-Claim\health-insurance-claim\src\test\resources
2025-10-14 09:14:37,319 [Worker-25: Building] INFO  o.a.m.s.f.DefaultMavenResourcesFiltering - Copying 1 resource from src\main\resources to target\classes
2025-10-14 09:14:37,341 [Worker-25: Building] INFO  o.a.m.s.f.DefaultMavenResourcesFiltering - Copying 17 resources from src\main\resources to target\classes
2025-10-14 09:14:37,561 [Worker-25: Building] INFO  o.a.m.s.f.DefaultMavenResourcesFiltering - skip non existing resourceDirectory C:\Users\2440888\OneDrive - Cognizant\Desktop\Health-Insurance-Claim\health-insurance-claim\src\test\resources
2025-10-14 09:14:49,497 [Worker-37: Building] INFO  o.a.m.s.f.DefaultMavenResourcesFiltering - Copying 1 resource from src\main\resources to target\classes
2025-10-14 09:14:49,516 [Worker-37: Building] INFO  o.a.m.s.f.DefaultMavenResourcesFiltering - Copying 17 resources from src\main\resources to target\classes
2025-10-14 09:14:49,714 [Worker-37: Building] INFO  o.a.m.s.f.DefaultMavenResourcesFiltering - skip non existing resourceDirectory C:\Users\2440888\OneDrive - Cognizant\Desktop\Health-Insurance-Claim\health-insurance-claim\src\test\resources
2025-10-14 09:15:22,377 [Worker-38: Building] INFO  o.a.m.s.f.DefaultMavenResourcesFiltering - Copying 1 resource from src\main\resources to target\classes
2025-10-14 09:15:22,397 [Worker-38: Building] INFO  o.a.m.s.f.DefaultMavenResourcesFiltering - Copying 17 resources from src\main\resources to target\classes
2025-10-14 09:15:22,594 [Worker-38: Building] INFO  o.a.m.s.f.DefaultMavenResourcesFiltering - skip non existing resourceDirectory C:\Users\2440888\OneDrive - Cognizant\Desktop\Health-Insurance-Claim\health-insurance-claim\src\test\resources
2025-10-14 09:15:40,337 [Worker-28: Building] INFO  o.a.m.s.f.DefaultMavenResourcesFiltering - Copying 1 resource from src\main\resources to target\classes
2025-10-14 09:15:40,358 [Worker-28: Building] INFO  o.a.m.s.f.DefaultMavenResourcesFiltering - Copying 17 resources from src\main\resources to target\classes
2025-10-14 09:15:40,558 [Worker-28: Building] INFO  o.a.m.s.f.DefaultMavenResourcesFiltering - skip non existing resourceDirectory C:\Users\2440888\OneDrive - Cognizant\Desktop\Health-Insurance-Claim\health-insurance-claim\src\test\resources
2025-10-14 09:15:48,835 [Worker-38: Building] INFO  o.a.m.s.f.DefaultMavenResourcesFiltering - Copying 1 resource from src\main\resources to target\classes
2025-10-14 09:15:48,845 [Worker-38: Building] INFO  o.a.m.s.f.DefaultMavenResourcesFiltering - Copying 17 resources from src\main\resources to target\classes
2025-10-14 09:15:48,859 [Worker-38: Building] INFO  o.a.m.s.f.DefaultMavenResourcesFiltering - skip non existing resourceDirectory C:\Users\2440888\OneDrive - Cognizant\Desktop\Health-Insurance-Claim\health-insurance-claim\src\test\resources
2025-10-14 09:15:56,698 [Worker-25: Building] INFO  o.a.m.s.f.DefaultMavenResourcesFiltering - Copying 1 resource from src\main\resources to target\classes
2025-10-14 09:15:56,717 [Worker-25: Building] INFO  o.a.m.s.f.DefaultMavenResourcesFiltering - Copying 17 resources from src\main\resources to target\classes
2025-10-14 09:15:56,919 [Worker-25: Building] INFO  o.a.m.s.f.DefaultMavenResourcesFiltering - skip non existing resourceDirectory C:\Users\2440888\OneDrive - Cognizant\Desktop\Health-Insurance-Claim\health-insurance-claim\src\test\resources
2025-10-14 09:30:43,437 [Worker-40: Building] INFO  o.a.m.s.f.DefaultMavenResourcesFiltering - Copying 1 resource from src\main\resources to target\classes
2025-10-14 09:30:43,464 [Worker-40: Building] INFO  o.a.m.s.f.DefaultMavenResourcesFiltering - Copying 17 resources from src\main\resources to target\classes
2025-10-14 09:30:43,721 [Worker-40: Building] INFO  o.a.m.s.f.DefaultMavenResourcesFiltering - skip non existing resourceDirectory C:\Users\2440888\OneDrive - Cognizant\Desktop\Health-Insurance-Claim\health-insurance-claim\src\test\resources
2025-10-14 09:35:57,645 [Worker-35: Import Getting Started Content] INFO  o.e.m.c.i.l.LifecycleMappingFactory - Using org.eclipse.m2e.jdt.JarLifecycleMapping lifecycle mapping for MavenProject: com.example.genc:department-service:0.0.1-SNAPSHOT @ C:\Users\2440888\OneDrive - Cognizant\Desktop\Health-Insurance-Claim\department-service\pom.xml.
2025-10-14 09:36:04,863 [Worker-35: Import Getting Started Content] INFO  o.e.m.j.i.AbstractJavaProjectConfigurator - Adding source folder /department-service/src/main/java
2025-10-14 09:36:04,865 [Worker-35: Import Getting Started Content] INFO  o.e.m.j.i.AbstractJavaProjectConfigurator - Adding resource folder /department-service/src/main/resources
2025-10-14 09:36:04,907 [Worker-35: Import Getting Started Content] INFO  o.e.m.j.i.AbstractJavaProjectConfigurator - Adding resource folder /department-service/src/main/resources
2025-10-14 09:36:04,945 [Worker-35: Import Getting Started Content] INFO  o.e.m.j.i.AbstractJavaProjectConfigurator - Adding source folder /department-service/src/test/java
2025-10-14 09:36:04,947 [Worker-35: Import Getting Started Content] INFO  o.e.m.j.i.AbstractJavaProjectConfigurator - Adding resource folder /department-service/src/test/resources
2025-10-14 09:36:06,836 [Worker-35: Import Getting Started Content] INFO  o.e.m.c.i.p.ProjectConfigurationManager - Imported and configured 1 project(s) in 13 sec
2025-10-14 09:36:06,846 [Worker-35: Import Getting Started Content] INFO  o.e.m.c.i.p.ProjectConfigurationManager - Update started
2025-10-14 09:36:08,784 [Worker-35: Import Getting Started Content] INFO  o.e.m.c.i.l.LifecycleMappingFactory - Using org.eclipse.m2e.jdt.JarLifecycleMapping lifecycle mapping for MavenProject: com.example.genc:department-service:0.0.1-SNAPSHOT @ C:\Users\2440888\OneDrive - Cognizant\Desktop\Health-Insurance-Claim\department-service\pom.xml.
2025-10-14 09:36:13,279 [Worker-35: Import Getting Started Content] INFO  o.e.m.j.i.AbstractJavaProjectConfigurator - Adding source folder /department-service/src/main/java
2025-10-14 09:36:13,282 [Worker-35: Import Getting Started Content] INFO  o.e.m.j.i.AbstractJavaProjectConfigurator - Adding resource folder /department-service/src/main/resources
2025-10-14 09:36:13,283 [Worker-35: Import Getting Started Content] INFO  o.e.m.j.i.AbstractJavaProjectConfigurator - Adding resource folder /department-service/src/main/resources
2025-10-14 09:36:13,283 [Worker-35: Import Getting Started Content] INFO  o.e.m.j.i.AbstractJavaProjectConfigurator - Adding source folder /department-service/src/test/java
2025-10-14 09:36:13,284 [Worker-35: Import Getting Started Content] INFO  o.e.m.j.i.AbstractJavaProjectConfigurator - Adding resource folder /department-service/src/test/resources
2025-10-14 09:36:13,596 [Worker-35: Import Getting Started Content] INFO  o.e.m.c.i.p.ProjectConfigurationManager - Update completed for 1 poms: local refresh takes 0.00 sec, refresh facades takes 6.00 sec, update config takes 0.00 sec 
2025-10-14 09:36:13,859 [Worker-41: Updating Maven Project] INFO  o.e.m.c.i.p.ProjectConfigurationManager - Update started
2025-10-14 09:36:14,286 [Worker-41: Updating Maven Project] INFO  o.e.m.c.i.l.LifecycleMappingFactory - Using org.eclipse.m2e.jdt.JarLifecycleMapping lifecycle mapping for MavenProject: com.example.genc:department-service:0.0.1-SNAPSHOT @ C:\Users\2440888\OneDrive - Cognizant\Desktop\Health-Insurance-Claim\department-service\pom.xml.
2025-10-14 09:36:15,947 [Worker-41: Updating Maven Project] INFO  o.e.m.j.i.AbstractJavaProjectConfigurator - Adding source folder /department-service/src/main/java
2025-10-14 09:36:15,948 [Worker-41: Updating Maven Project] INFO  o.e.m.j.i.AbstractJavaProjectConfigurator - Adding resource folder /department-service/src/main/resources
2025-10-14 09:36:15,949 [Worker-41: Updating Maven Project] INFO  o.e.m.j.i.AbstractJavaProjectConfigurator - Adding resource folder /department-service/src/main/resources
2025-10-14 09:36:15,949 [Worker-41: Updating Maven Project] INFO  o.e.m.j.i.AbstractJavaProjectConfigurator - Adding source folder /department-service/src/test/java
2025-10-14 09:36:15,949 [Worker-41: Updating Maven Project] INFO  o.e.m.j.i.AbstractJavaProjectConfigurator - Adding resource folder /department-service/src/test/resources
2025-10-14 09:36:16,379 [Worker-41: Updating Maven Project] INFO  o.e.m.c.i.p.ProjectConfigurationManager - Update completed for 1 poms: local refresh takes 0.00 sec, refresh facades takes 1.00 sec, update config takes 1.00 sec 
2025-10-14 09:36:17,404 [Worker-41: Building] INFO  o.a.m.s.f.DefaultMavenResourcesFiltering - Copying 1 resource from src\main\resources to target\classes
2025-10-14 09:36:17,429 [Worker-41: Building] INFO  o.a.m.s.f.DefaultMavenResourcesFiltering - Copying 0 resource from src\main\resources to target\classes
2025-10-14 09:36:17,434 [Worker-41: Building] INFO  o.a.m.s.f.DefaultMavenResourcesFiltering - skip non existing resourceDirectory C:\Users\2440888\OneDrive - Cognizant\Desktop\Health-Insurance-Claim\department-service\src\test\resources
2025-10-14 09:37:42,191 [Worker-35: Building] INFO  o.a.m.s.f.DefaultMavenResourcesFiltering - Copying 1 resource from src\main\resources to target\classes
2025-10-14 09:37:42,213 [Worker-35: Building] INFO  o.a.m.s.f.DefaultMavenResourcesFiltering - Copying 0 resource from src\main\resources to target\classes
2025-10-14 09:37:42,218 [Worker-35: Building] INFO  o.a.m.s.f.DefaultMavenResourcesFiltering - skip non existing resourceDirectory C:\Users\2440888\OneDrive - Cognizant\Desktop\Health-Insurance-Claim\department-service\src\test\resources
2025-10-14 09:39:16,152 [Worker-44: Building] INFO  o.a.m.s.f.DefaultMavenResourcesFiltering - Copying 1 resource from src\main\resources to target\classes
2025-10-14 09:39:16,176 [Worker-44: Building] INFO  o.a.m.s.f.DefaultMavenResourcesFiltering - Copying 0 resource from src\main\resources to target\classes
2025-10-14 09:39:16,184 [Worker-44: Building] INFO  o.a.m.s.f.DefaultMavenResourcesFiltering - skip non existing resourceDirectory C:\Users\2440888\OneDrive - Cognizant\Desktop\Health-Insurance-Claim\department-service\src\test\resources
2025-10-14 09:40:22,649 [Worker-35: Building] INFO  o.a.m.s.f.DefaultMavenResourcesFiltering - Copying 1 resource from src\main\resources to target\classes
2025-10-14 09:40:22,664 [Worker-35: Building] INFO  o.a.m.s.f.DefaultMavenResourcesFiltering - Copying 0 resource from src\main\resources to target\classes
2025-10-14 09:40:22,667 [Worker-35: Building] INFO  o.a.m.s.f.DefaultMavenResourcesFiltering - skip non existing resourceDirectory C:\Users\2440888\OneDrive - Cognizant\Desktop\Health-Insurance-Claim\department-service\src\test\resources
2025-10-14 09:44:46,356 [Worker-41: Building] INFO  o.a.m.s.f.DefaultMavenResourcesFiltering - Copying 1 resource from src\main\resources to target\classes
2025-10-14 09:44:46,382 [Worker-41: Building] INFO  o.a.m.s.f.DefaultMavenResourcesFiltering - Copying 0 resource from src\main\resources to target\classes
2025-10-14 09:44:46,394 [Worker-41: Building] INFO  o.a.m.s.f.DefaultMavenResourcesFiltering - skip non existing resourceDirectory C:\Users\2440888\OneDrive - Cognizant\Desktop\Health-Insurance-Claim\department-service\src\test\resources
2025-10-14 09:45:59,759 [Worker-38: Building] INFO  o.a.m.s.f.DefaultMavenResourcesFiltering - Copying 1 resource from src\main\resources to target\classes
2025-10-14 09:45:59,777 [Worker-38: Building] INFO  o.a.m.s.f.DefaultMavenResourcesFiltering - Copying 0 resource from src\main\resources to target\classes
2025-10-14 09:45:59,781 [Worker-38: Building] INFO  o.a.m.s.f.DefaultMavenResourcesFiltering - skip non existing resourceDirectory C:\Users\2440888\OneDrive - Cognizant\Desktop\Health-Insurance-Claim\department-service\src\test\resources
2025-10-14 09:46:35,393 [Worker-46: Building] INFO  o.e.m.c.i.l.LifecycleMappingFactory - Using org.eclipse.m2e.jdt.JarLifecycleMapping lifecycle mapping for MavenProject: com.example.genc:department-service:0.0.1-SNAPSHOT @ C:\Users\2440888\OneDrive - Cognizant\Desktop\Health-Insurance-Claim\department-service\pom.xml.
2025-10-14 09:46:39,784 [Worker-46: Building] INFO  o.a.m.s.f.DefaultMavenResourcesFiltering - Copying 0 resource from src\main\resources to target\classes
2025-10-14 09:46:39,789 [Worker-46: Building] INFO  o.a.m.s.f.DefaultMavenResourcesFiltering - Copying 0 resource from src\main\resources to target\classes
2025-10-14 09:46:39,798 [Worker-46: Building] INFO  o.a.m.s.f.DefaultMavenResourcesFiltering - skip non existing resourceDirectory C:\Users\2440888\OneDrive - Cognizant\Desktop\Health-Insurance-Claim\department-service\src\test\resources
2025-10-14 09:46:41,463 [Worker-35: Building] INFO  o.a.m.s.f.DefaultMavenResourcesFiltering - Copying 1 resource from src\main\resources to target\classes
2025-10-14 09:46:41,479 [Worker-35: Building] INFO  o.a.m.s.f.DefaultMavenResourcesFiltering - Copying 0 resource from src\main\resources to target\classes
2025-10-14 09:46:41,484 [Worker-35: Building] INFO  o.a.m.s.f.DefaultMavenResourcesFiltering - skip non existing resourceDirectory C:\Users\2440888\OneDrive - Cognizant\Desktop\Health-Insurance-Claim\department-service\src\test\resources
2025-10-14 09:47:26,706 [Worker-40: Building] INFO  o.a.m.s.f.DefaultMavenResourcesFiltering - Copying 1 resource from src\main\resources to target\classes
2025-10-14 09:47:26,726 [Worker-40: Building] INFO  o.a.m.s.f.DefaultMavenResourcesFiltering - Copying 0 resource from src\main\resources to target\classes
2025-10-14 09:47:26,729 [Worker-40: Building] INFO  o.a.m.s.f.DefaultMavenResourcesFiltering - skip non existing resourceDirectory C:\Users\2440888\OneDrive - Cognizant\Desktop\Health-Insurance-Claim\department-service\src\test\resources
2025-10-14 09:48:01,907 [Worker-41: Building] INFO  o.a.m.s.f.DefaultMavenResourcesFiltering - Copying 1 resource from src\main\resources to target\classes
2025-10-14 09:48:01,929 [Worker-41: Building] INFO  o.a.m.s.f.DefaultMavenResourcesFiltering - Copying 0 resource from src\main\resources to target\classes
2025-10-14 09:48:01,931 [Worker-41: Building] INFO  o.a.m.s.f.DefaultMavenResourcesFiltering - skip non existing resourceDirectory C:\Users\2440888\OneDrive - Cognizant\Desktop\Health-Insurance-Claim\department-service\src\test\resources
2025-10-14 09:50:03,543 [Worker-35: Building] INFO  o.e.m.c.i.l.LifecycleMappingFactory - Using org.eclipse.m2e.jdt.JarLifecycleMapping lifecycle mapping for MavenProject: com.example.genc:department-service:0.0.1-SNAPSHOT @ C:\Users\2440888\OneDrive - Cognizant\Desktop\Health-Insurance-Claim\department-service\pom.xml.
2025-10-14 09:50:09,178 [Worker-35: Building] INFO  o.a.m.s.f.DefaultMavenResourcesFiltering - Copying 0 resource from src\main\resources to target\classes
2025-10-14 09:50:09,181 [Worker-35: Building] INFO  o.a.m.s.f.DefaultMavenResourcesFiltering - Copying 0 resource from src\main\resources to target\classes
2025-10-14 09:50:09,194 [Worker-35: Building] INFO  o.a.m.s.f.DefaultMavenResourcesFiltering - skip non existing resourceDirectory C:\Users\2440888\OneDrive - Cognizant\Desktop\Health-Insurance-Claim\department-service\src\test\resources
2025-10-14 09:50:10,587 [Worker-44: Building] INFO  o.a.m.s.f.DefaultMavenResourcesFiltering - Copying 1 resource from src\main\resources to target\classes
2025-10-14 09:50:10,597 [Worker-44: Building] INFO  o.a.m.s.f.DefaultMavenResourcesFiltering - Copying 0 resource from src\main\resources to target\classes
2025-10-14 09:50:10,600 [Worker-44: Building] INFO  o.a.m.s.f.DefaultMavenResourcesFiltering - skip non existing resourceDirectory C:\Users\2440888\OneDrive - Cognizant\Desktop\Health-Insurance-Claim\department-service\src\test\resources
2025-10-14 09:50:20,670 [Worker-48: Building] INFO  o.a.m.s.f.DefaultMavenResourcesFiltering - Copying 1 resource from src\main\resources to target\classes
2025-10-14 09:50:20,701 [Worker-48: Building] INFO  o.a.m.s.f.DefaultMavenResourcesFiltering - Copying 0 resource from src\main\resources to target\classes
2025-10-14 09:50:20,706 [Worker-48: Building] INFO  o.a.m.s.f.DefaultMavenResourcesFiltering - skip non existing resourceDirectory C:\Users\2440888\OneDrive - Cognizant\Desktop\Health-Insurance-Claim\department-service\src\test\resources
2025-10-14 09:51:34,207 [Worker-35: Building] INFO  o.a.m.s.f.DefaultMavenResourcesFiltering - Copying 1 resource from src\main\resources to target\classes
2025-10-14 09:51:34,242 [Worker-35: Building] INFO  o.a.m.s.f.DefaultMavenResourcesFiltering - Copying 0 resource from src\main\resources to target\classes
2025-10-14 09:51:34,252 [Worker-35: Building] INFO  o.a.m.s.f.DefaultMavenResourcesFiltering - skip non existing resourceDirectory C:\Users\2440888\OneDrive - Cognizant\Desktop\Health-Insurance-Claim\department-service\src\test\resources
2025-10-14 09:51:49,488 [Worker-45: Launching department-service - DepartmentServiceApplication] INFO  o.a.m.s.f.DefaultMavenResourcesFiltering - Copying 1 resource from src\main\resources to target\classes
2025-10-14 09:51:49,503 [Worker-45: Launching department-service - DepartmentServiceApplication] INFO  o.a.m.s.f.DefaultMavenResourcesFiltering - Copying 0 resource from src\main\resources to target\classes
2025-10-14 09:51:49,505 [Worker-45: Launching department-service - DepartmentServiceApplication] INFO  o.a.m.s.f.DefaultMavenResourcesFiltering - skip non existing resourceDirectory C:\Users\2440888\OneDrive - Cognizant\Desktop\Health-Insurance-Claim\department-service\src\test\resources
2025-10-14 09:53:31,180 [Worker-48: Building] INFO  o.a.m.s.f.DefaultMavenResourcesFiltering - Copying 1 resource from src\main\resources to target\classes
2025-10-14 09:53:31,378 [Worker-48: Building] INFO  o.a.m.s.f.DefaultMavenResourcesFiltering - Copying 0 resource from src\main\resources to target\classes
2025-10-14 09:53:31,383 [Worker-48: Building] INFO  o.a.m.s.f.DefaultMavenResourcesFiltering - skip non existing resourceDirectory C:\Users\2440888\OneDrive - Cognizant\Desktop\Health-Insurance-Claim\health-insurance-claim\src\test\resources
2025-10-14 09:54:50,309 [Worker-47: Building] INFO  o.e.m.c.i.l.LifecycleMappingFactory - Using org.eclipse.m2e.jdt.JarLifecycleMapping lifecycle mapping for MavenProject: health-insurance-claim-management-system:health-insurance-claim:0.0.1-SNAPSHOT @ C:\Users\2440888\OneDrive - Cognizant\Desktop\Health-Insurance-Claim\health-insurance-claim\pom.xml.
2025-10-14 09:54:57,745 [Worker-47: Building] INFO  o.e.m.c.i.e.AbstractTransferListenerAdapter - Downloading https://repo.maven.apache.org/maven2/com/fasterxml/jackson/dataformat/jackson-dataformat-yaml/2.17.3/jackson-dataformat-yaml-2.17.3.pom
2025-10-14 09:54:57,792 [Worker-47: Building] INFO  o.e.m.c.i.e.AbstractTransferListenerAdapter - Downloaded https://repo.maven.apache.org/maven2/com/fasterxml/jackson/dataformat/jackson-dataformat-yaml/2.17.3/jackson-dataformat-yaml-2.17.3.pom
2025-10-14 09:54:57,924 [Worker-47: Building] INFO  o.e.m.c.i.e.AbstractTransferListenerAdapter - Downloading https://repo.maven.apache.org/maven2/com/fasterxml/jackson/dataformat/jackson-dataformats-text/2.17.3/jackson-dataformats-text-2.17.3.pom
2025-10-14 09:54:57,965 [Worker-47: Building] INFO  o.e.m.c.i.e.AbstractTransferListenerAdapter - Downloaded https://repo.maven.apache.org/maven2/com/fasterxml/jackson/dataformat/jackson-dataformats-text/2.17.3/jackson-dataformats-text-2.17.3.pom
2025-10-14 09:54:58,186 [Worker-47: Building] INFO  o.e.m.c.i.e.AbstractTransferListenerAdapter - Downloading https://repo.maven.apache.org/maven2/org/jspecify/jspecify/0.3.0/jspecify-0.3.0.pom
2025-10-14 09:54:58,238 [Worker-47: Building] INFO  o.e.m.c.i.e.AbstractTransferListenerAdapter - Downloaded https://repo.maven.apache.org/maven2/org/jspecify/jspecify/0.3.0/jspecify-0.3.0.pom
2025-10-14 09:54:58,804 [Worker-47: Building] INFO  o.e.m.c.i.e.AbstractTransferListenerAdapter - Downloading https://repo.maven.apache.org/maven2/com/fasterxml/jackson/dataformat/jackson-dataformat-yaml/2.17.3/jackson-dataformat-yaml-2.17.3.jar
2025-10-14 09:54:58,912 [Worker-47: Building] INFO  o.e.m.c.i.e.AbstractTransferListenerAdapter - Downloaded https://repo.maven.apache.org/maven2/com/fasterxml/jackson/dataformat/jackson-dataformat-yaml/2.17.3/jackson-dataformat-yaml-2.17.3.jar
2025-10-14 09:54:58,977 [BasicRepositoryConnector-repo.maven.apache.org-0-0] INFO  o.e.m.c.i.e.AbstractTransferListenerAdapter - Downloading https://repo.maven.apache.org/maven2/org/jspecify/jspecify/0.3.0/jspecify-0.3.0.jar
2025-10-14 09:54:59,005 [BasicRepositoryConnector-repo.maven.apache.org-0-0] INFO  o.e.m.c.i.e.AbstractTransferListenerAdapter - Downloaded https://repo.maven.apache.org/maven2/org/jspecify/jspecify/0.3.0/jspecify-0.3.0.jar
2025-10-14 09:55:00,518 [Worker-47: Building] INFO  o.a.m.s.f.DefaultMavenResourcesFiltering - Copying 0 resource from src\main\resources to target\classes
2025-10-14 09:55:00,696 [Worker-47: Building] INFO  o.a.m.s.f.DefaultMavenResourcesFiltering - Copying 0 resource from src\main\resources to target\classes
2025-10-14 09:55:00,701 [Worker-47: Building] INFO  o.a.m.s.f.DefaultMavenResourcesFiltering - skip non existing resourceDirectory C:\Users\2440888\OneDrive - Cognizant\Desktop\Health-Insurance-Claim\health-insurance-claim\src\test\resources
2025-10-14 09:55:01,517 [Worker-38: Download sources and javadoc] INFO  o.e.m.c.i.e.AbstractTransferListenerAdapter - Downloading https://repo.maven.apache.org/maven2/org/apache/commons/commons-lang3/3.14.0/commons-lang3-3.14.0-sources.jar
2025-10-14 09:55:01,816 [Worker-38: Download sources and javadoc] INFO  o.e.m.c.i.e.AbstractTransferListenerAdapter - Downloaded https://repo.maven.apache.org/maven2/org/apache/commons/commons-lang3/3.14.0/commons-lang3-3.14.0-sources.jar
2025-10-14 09:55:01,821 [Worker-38: Download sources and javadoc] INFO  o.e.m.j.internal.DownloadSourcesJob - Downloaded sources for org.apache.commons:commons-lang3:3.14.0
2025-10-14 09:55:01,977 [Worker-38: Download sources and javadoc] INFO  o.e.m.c.i.e.AbstractTransferListenerAdapter - Downloading https://repo.maven.apache.org/maven2/com/fasterxml/jackson/dataformat/jackson-dataformat-yaml/2.17.3/jackson-dataformat-yaml-2.17.3-sources.jar
2025-10-14 09:55:02,104 [Worker-38: Download sources and javadoc] INFO  o.e.m.c.i.e.AbstractTransferListenerAdapter - Downloaded https://repo.maven.apache.org/maven2/com/fasterxml/jackson/dataformat/jackson-dataformat-yaml/2.17.3/jackson-dataformat-yaml-2.17.3-sources.jar
2025-10-14 09:55:02,111 [Worker-38: Download sources and javadoc] INFO  o.e.m.j.internal.DownloadSourcesJob - Downloaded sources for com.fasterxml.jackson.dataformat:jackson-dataformat-yaml:2.17.3
2025-10-14 09:55:02,289 [Worker-38: Download sources and javadoc] INFO  o.e.m.c.i.e.AbstractTransferListenerAdapter - Downloading https://repo.maven.apache.org/maven2/org/jspecify/jspecify/0.3.0/jspecify-0.3.0-sources.jar
2025-10-14 09:55:02,363 [Worker-38: Download sources and javadoc] INFO  o.e.m.c.i.e.AbstractTransferListenerAdapter - Downloaded https://repo.maven.apache.org/maven2/org/jspecify/jspecify/0.3.0/jspecify-0.3.0-sources.jar
2025-10-14 09:55:02,373 [Worker-38: Download sources and javadoc] INFO  o.e.m.j.internal.DownloadSourcesJob - Downloaded sources for org.jspecify:jspecify:0.3.0
2025-10-14 09:55:04,668 [Worker-45: Building] INFO  o.a.m.s.f.DefaultMavenResourcesFiltering - Copying 1 resource from src\main\resources to target\classes
2025-10-14 09:55:04,674 [Worker-45: Building] INFO  o.a.m.s.f.DefaultMavenResourcesFiltering - Copying 17 resources from src\main\resources to target\classes
2025-10-14 09:55:04,841 [Worker-45: Building] INFO  o.a.m.s.f.DefaultMavenResourcesFiltering - skip non existing resourceDirectory C:\Users\2440888\OneDrive - Cognizant\Desktop\Health-Insurance-Claim\health-insurance-claim\src\test\resources
2025-10-14 09:57:08,903 [Worker-64: Building] INFO  o.e.m.c.i.l.LifecycleMappingFactory - Using org.eclipse.m2e.jdt.JarLifecycleMapping lifecycle mapping for MavenProject: health-insurance-claim-management-system:health-insurance-claim:0.0.1-SNAPSHOT @ C:\Users\2440888\OneDrive - Cognizant\Desktop\Health-Insurance-Claim\health-insurance-claim\pom.xml.
2025-10-14 09:57:16,998 [Worker-64: Building] INFO  o.a.m.s.f.DefaultMavenResourcesFiltering - Copying 0 resource from src\main\resources to target\classes
2025-10-14 09:57:17,145 [Worker-64: Building] INFO  o.a.m.s.f.DefaultMavenResourcesFiltering - Copying 0 resource from src\main\resources to target\classes
2025-10-14 09:57:17,149 [Worker-64: Building] INFO  o.a.m.s.f.DefaultMavenResourcesFiltering - skip non existing resourceDirectory C:\Users\2440888\OneDrive - Cognizant\Desktop\Health-Insurance-Claim\health-insurance-claim\src\test\resources
2025-10-14 09:57:19,713 [Worker-40: Building] INFO  o.a.m.s.f.DefaultMavenResourcesFiltering - Copying 1 resource from src\main\resources to target\classes
2025-10-14 09:57:19,718 [Worker-40: Building] INFO  o.a.m.s.f.DefaultMavenResourcesFiltering - Copying 17 resources from src\main\resources to target\classes
2025-10-14 09:57:19,860 [Worker-40: Building] INFO  o.a.m.s.f.DefaultMavenResourcesFiltering - skip non existing resourceDirectory C:\Users\2440888\OneDrive - Cognizant\Desktop\Health-Insurance-Claim\health-insurance-claim\src\test\resources
2025-10-14 09:58:29,660 [Worker-35: Building] INFO  o.a.m.s.f.DefaultMavenResourcesFiltering - Copying 1 resource from src\main\resources to target\classes
2025-10-14 09:58:29,825 [Worker-35: Building] INFO  o.a.m.s.f.DefaultMavenResourcesFiltering - Copying 0 resource from src\main\resources to target\classes
2025-10-14 09:58:29,830 [Worker-35: Building] INFO  o.a.m.s.f.DefaultMavenResourcesFiltering - skip non existing resourceDirectory C:\Users\2440888\OneDrive - Cognizant\Desktop\Health-Insurance-Claim\health-insurance-claim\src\test\resources
2025-10-14 09:58:43,589 [Worker-35: Building] INFO  o.e.m.c.i.l.LifecycleMappingFactory - Using org.eclipse.m2e.jdt.JarLifecycleMapping lifecycle mapping for MavenProject: health-insurance-claim-management-system:health-insurance-claim:0.0.1-SNAPSHOT @ C:\Users\2440888\OneDrive - Cognizant\Desktop\Health-Insurance-Claim\health-insurance-claim\pom.xml.
2025-10-14 09:58:50,728 [Worker-35: Building] INFO  o.a.m.s.f.DefaultMavenResourcesFiltering - Copying 0 resource from src\main\resources to target\classes
2025-10-14 09:58:50,894 [Worker-35: Building] INFO  o.a.m.s.f.DefaultMavenResourcesFiltering - Copying 0 resource from src\main\resources to target\classes
2025-10-14 09:58:50,903 [Worker-35: Building] INFO  o.a.m.s.f.DefaultMavenResourcesFiltering - skip non existing resourceDirectory C:\Users\2440888\OneDrive - Cognizant\Desktop\Health-Insurance-Claim\health-insurance-claim\src\test\resources
2025-10-14 09:58:53,247 [Worker-82: Building] INFO  o.a.m.s.f.DefaultMavenResourcesFiltering - Copying 1 resource from src\main\resources to target\classes
2025-10-14 09:58:53,255 [Worker-82: Building] INFO  o.a.m.s.f.DefaultMavenResourcesFiltering - Copying 17 resources from src\main\resources to target\classes
2025-10-14 09:58:53,368 [Worker-82: Building] INFO  o.a.m.s.f.DefaultMavenResourcesFiltering - skip non existing resourceDirectory C:\Users\2440888\OneDrive - Cognizant\Desktop\Health-Insurance-Claim\health-insurance-claim\src\test\resources
2025-10-14 10:04:45,902 [Worker-70: Building] INFO  o.a.m.s.f.DefaultMavenResourcesFiltering - Copying 0 resource from src\main\resources to target\classes
2025-10-14 10:04:46,044 [Worker-70: Building] INFO  o.a.m.s.f.DefaultMavenResourcesFiltering - Copying 1 resource from src\main\resources to target\classes
2025-10-14 10:04:46,069 [Worker-70: Building] INFO  o.a.m.s.f.DefaultMavenResourcesFiltering - skip non existing resourceDirectory C:\Users\2440888\OneDrive - Cognizant\Desktop\Health-Insurance-Claim\health-insurance-claim\src\test\resources
2025-10-14 10:04:59,167 [Worker-71: Building] INFO  o.a.m.s.f.DefaultMavenResourcesFiltering - Copying 0 resource from src\main\resources to target\classes
2025-10-14 10:04:59,333 [Worker-71: Building] INFO  o.a.m.s.f.DefaultMavenResourcesFiltering - Copying 1 resource from src\main\resources to target\classes
2025-10-14 10:04:59,354 [Worker-71: Building] INFO  o.a.m.s.f.DefaultMavenResourcesFiltering - skip non existing resourceDirectory C:\Users\2440888\OneDrive - Cognizant\Desktop\Health-Insurance-Claim\health-insurance-claim\src\test\resources
2025-10-14 10:05:13,418 [Worker-71: Building] INFO  o.a.m.s.f.DefaultMavenResourcesFiltering - Copying 0 resource from src\main\resources to target\classes
2025-10-14 10:05:13,548 [Worker-71: Building] INFO  o.a.m.s.f.DefaultMavenResourcesFiltering - Copying 1 resource from src\main\resources to target\classes
2025-10-14 10:05:13,567 [Worker-71: Building] INFO  o.a.m.s.f.DefaultMavenResourcesFiltering - skip non existing resourceDirectory C:\Users\2440888\OneDrive - Cognizant\Desktop\Health-Insurance-Claim\health-insurance-claim\src\test\resources
2025-10-14 10:13:31,881 [Worker-82: Building] INFO  o.e.m.c.i.l.LifecycleMappingFactory - Using org.eclipse.m2e.jdt.JarLifecycleMapping lifecycle mapping for MavenProject: com.example.genc:department-service:0.0.1-SNAPSHOT @ C:\Users\2440888\OneDrive - Cognizant\Desktop\Health-Insurance-Claim\employee-service\pom.xml.
2025-10-14 10:13:38,010 [Worker-82: Building] INFO  o.a.m.s.f.DefaultMavenResourcesFiltering - Copying 1 resource from src\main\resources to target\classes
2025-10-14 10:13:38,021 [Worker-82: Building] INFO  o.a.m.s.f.DefaultMavenResourcesFiltering - Copying 0 resource from src\main\resources to target\classes
2025-10-14 10:13:38,026 [Worker-82: Building] INFO  o.a.m.s.f.DefaultMavenResourcesFiltering - skip non existing resourceDirectory C:\Users\2440888\OneDrive - Cognizant\Desktop\Health-Insurance-Claim\employee-service\src\test\resources
2025-10-14 10:13:39,388 [Worker-59: Building] INFO  o.a.m.s.f.DefaultMavenResourcesFiltering - Copying 1 resource from src\main\resources to target\classes
2025-10-14 10:13:39,394 [Worker-59: Building] INFO  o.a.m.s.f.DefaultMavenResourcesFiltering - Copying 0 resource from src\main\resources to target\classes
2025-10-14 10:13:39,398 [Worker-59: Building] INFO  o.a.m.s.f.DefaultMavenResourcesFiltering - skip non existing resourceDirectory C:\Users\2440888\OneDrive - Cognizant\Desktop\Health-Insurance-Claim\employee-service\src\test\resources
2025-10-14 10:14:20,103 [Worker-74: Building] INFO  o.e.m.c.i.l.LifecycleMappingFactory - Using org.eclipse.m2e.jdt.JarLifecycleMapping lifecycle mapping for MavenProject: com.example.genc:department-service:0.0.1-SNAPSHOT @ C:\Users\2440888\OneDrive - Cognizant\Desktop\Health-Insurance-Claim\employee-service\pom.xml.
2025-10-14 10:14:26,617 [Worker-74: Building] INFO  o.a.m.s.f.DefaultMavenResourcesFiltering - Copying 0 resource from src\main\resources to target\classes
2025-10-14 10:14:26,618 [Worker-74: Building] INFO  o.a.m.s.f.DefaultMavenResourcesFiltering - Copying 0 resource from src\main\resources to target\classes
2025-10-14 10:14:26,623 [Worker-74: Building] INFO  o.a.m.s.f.DefaultMavenResourcesFiltering - skip non existing resourceDirectory C:\Users\2440888\OneDrive - Cognizant\Desktop\Health-Insurance-Claim\employee-service\src\test\resources
2025-10-14 10:14:56,423 [Worker-35: Building] INFO  o.a.m.s.f.DefaultMavenResourcesFiltering - Copying 1 resource from src\main\resources to target\classes
2025-10-14 10:14:56,450 [Worker-35: Building] INFO  o.a.m.s.f.DefaultMavenResourcesFiltering - Copying 0 resource from src\main\resources to target\classes
2025-10-14 10:14:56,452 [Worker-35: Building] INFO  o.a.m.s.f.DefaultMavenResourcesFiltering - skip non existing resourceDirectory C:\Users\2440888\OneDrive - Cognizant\Desktop\Health-Insurance-Claim\employee-service\src\test\resources
2025-10-14 10:16:06,386 [Worker-71: Building] INFO  o.a.m.s.f.DefaultMavenResourcesFiltering - Copying 1 resource from src\main\resources to target\classes
2025-10-14 10:16:06,413 [Worker-71: Building] INFO  o.a.m.s.f.DefaultMavenResourcesFiltering - Copying 0 resource from src\main\resources to target\classes
2025-10-14 10:16:06,416 [Worker-71: Building] INFO  o.a.m.s.f.DefaultMavenResourcesFiltering - skip non existing resourceDirectory C:\Users\2440888\OneDrive - Cognizant\Desktop\Health-Insurance-Claim\employee-service\src\test\resources
2025-10-14 10:16:33,070 [Worker-70: Building] INFO  o.a.m.s.f.DefaultMavenResourcesFiltering - Copying 1 resource from src\main\resources to target\classes
2025-10-14 10:16:33,101 [Worker-70: Building] INFO  o.a.m.s.f.DefaultMavenResourcesFiltering - Copying 0 resource from src\main\resources to target\classes
2025-10-14 10:16:33,104 [Worker-70: Building] INFO  o.a.m.s.f.DefaultMavenResourcesFiltering - skip non existing resourceDirectory C:\Users\2440888\OneDrive - Cognizant\Desktop\Health-Insurance-Claim\employee-service\src\test\resources
2025-10-14 10:17:56,566 [Worker-69: Building] INFO  o.a.m.s.f.DefaultMavenResourcesFiltering - Copying 1 resource from src\main\resources to target\classes
2025-10-14 10:17:56,587 [Worker-69: Building] INFO  o.a.m.s.f.DefaultMavenResourcesFiltering - Copying 0 resource from src\main\resources to target\classes
2025-10-14 10:17:56,589 [Worker-69: Building] INFO  o.a.m.s.f.DefaultMavenResourcesFiltering - skip non existing resourceDirectory C:\Users\2440888\OneDrive - Cognizant\Desktop\Health-Insurance-Claim\employee-service\src\test\resources
2025-10-14 10:19:14,384 [Worker-74: Building] INFO  o.a.m.s.f.DefaultMavenResourcesFiltering - Copying 1 resource from src\main\resources to target\classes
2025-10-14 10:19:14,403 [Worker-74: Building] INFO  o.a.m.s.f.DefaultMavenResourcesFiltering - Copying 0 resource from src\main\resources to target\classes
2025-10-14 10:19:14,407 [Worker-74: Building] INFO  o.a.m.s.f.DefaultMavenResourcesFiltering - skip non existing resourceDirectory C:\Users\2440888\OneDrive - Cognizant\Desktop\Health-Insurance-Claim\employee-service\src\test\resources
2025-10-14 10:19:24,240 [Worker-49: Building] INFO  o.a.m.s.f.DefaultMavenResourcesFiltering - Copying 1 resource from src\main\resources to target\classes
2025-10-14 10:19:24,246 [Worker-49: Building] INFO  o.a.m.s.f.DefaultMavenResourcesFiltering - Copying 0 resource from src\main\resources to target\classes
2025-10-14 10:19:24,252 [Worker-49: Building] INFO  o.a.m.s.f.DefaultMavenResourcesFiltering - skip non existing resourceDirectory C:\Users\2440888\OneDrive - Cognizant\Desktop\Health-Insurance-Claim\employee-service\src\test\resources
2025-10-14 10:22:01,991 [Worker-80: Building] INFO  o.a.m.s.f.DefaultMavenResourcesFiltering - Copying 1 resource from src\main\resources to target\classes
2025-10-14 10:22:02,016 [Worker-80: Building] INFO  o.a.m.s.f.DefaultMavenResourcesFiltering - Copying 0 resource from src\main\resources to target\classes
2025-10-14 10:22:02,020 [Worker-80: Building] INFO  o.a.m.s.f.DefaultMavenResourcesFiltering - skip non existing resourceDirectory C:\Users\2440888\OneDrive - Cognizant\Desktop\Health-Insurance-Claim\department-service\src\test\resources
2025-10-14 10:27:31,752 [Worker-83: Building] INFO  o.a.m.s.f.DefaultMavenResourcesFiltering - Copying 0 resource from src\main\resources to target\classes
2025-10-14 10:27:31,847 [Worker-83: Building] INFO  o.a.m.s.f.DefaultMavenResourcesFiltering - Copying 1 resource from src\main\resources to target\classes
2025-10-14 10:27:31,859 [Worker-83: Building] INFO  o.a.m.s.f.DefaultMavenResourcesFiltering - skip non existing resourceDirectory C:\Users\2440888\OneDrive - Cognizant\Desktop\Health-Insurance-Claim\health-insurance-claim\src\test\resources
2025-10-14 10:28:12,862 [Worker-80: Building] INFO  o.a.m.s.f.DefaultMavenResourcesFiltering - Copying 1 resource from src\main\resources to target\classes
2025-10-14 10:28:12,882 [Worker-80: Building] INFO  o.a.m.s.f.DefaultMavenResourcesFiltering - Copying 0 resource from src\main\resources to target\classes
2025-10-14 10:28:12,885 [Worker-80: Building] INFO  o.a.m.s.f.DefaultMavenResourcesFiltering - skip non existing resourceDirectory C:\Users\2440888\OneDrive - Cognizant\Desktop\Health-Insurance-Claim\department-service\src\test\resources
2025-10-14 10:34:59,806 [Worker-49: Building] INFO  o.e.m.c.i.l.LifecycleMappingFactory - Using org.eclipse.m2e.jdt.JarLifecycleMapping lifecycle mapping for MavenProject: com.example.genc:department-service:0.0.1-SNAPSHOT @ C:\Users\2440888\OneDrive - Cognizant\Desktop\Health-Insurance-Claim\leave-service\pom.xml.
2025-10-14 10:35:05,446 [Worker-49: Building] INFO  o.a.m.s.f.DefaultMavenResourcesFiltering - Copying 1 resource from src\main\resources to target\classes
2025-10-14 10:35:05,466 [Worker-49: Building] INFO  o.a.m.s.f.DefaultMavenResourcesFiltering - Copying 0 resource from src\main\resources to target\classes
2025-10-14 10:35:05,473 [Worker-49: Building] INFO  o.a.m.s.f.DefaultMavenResourcesFiltering - skip non existing resourceDirectory C:\Users\2440888\OneDrive - Cognizant\Desktop\Health-Insurance-Claim\leave-service\src\test\resources
2025-10-14 10:35:06,677 [Worker-74: Building] INFO  o.a.m.s.f.DefaultMavenResourcesFiltering - Copying 1 resource from src\main\resources to target\classes
2025-10-14 10:35:06,679 [Worker-74: Building] INFO  o.a.m.s.f.DefaultMavenResourcesFiltering - Copying 0 resource from src\main\resources to target\classes
2025-10-14 10:35:06,682 [Worker-74: Building] INFO  o.a.m.s.f.DefaultMavenResourcesFiltering - skip non existing resourceDirectory C:\Users\2440888\OneDrive - Cognizant\Desktop\Health-Insurance-Claim\leave-service\src\test\resources
2025-10-14 10:35:24,860 [Worker-77: Building] INFO  o.e.m.c.i.l.LifecycleMappingFactory - Using org.eclipse.m2e.jdt.JarLifecycleMapping lifecycle mapping for MavenProject: com.example.genc:department-service:0.0.1-SNAPSHOT @ C:\Users\2440888\OneDrive - Cognizant\Desktop\Health-Insurance-Claim\leave-service\pom.xml.
2025-10-14 10:35:31,134 [Worker-77: Building] INFO  o.a.m.s.f.DefaultMavenResourcesFiltering - Copying 0 resource from src\main\resources to target\classes
2025-10-14 10:35:31,136 [Worker-77: Building] INFO  o.a.m.s.f.DefaultMavenResourcesFiltering - Copying 0 resource from src\main\resources to target\classes
2025-10-14 10:35:31,139 [Worker-77: Building] INFO  o.a.m.s.f.DefaultMavenResourcesFiltering - skip non existing resourceDirectory C:\Users\2440888\OneDrive - Cognizant\Desktop\Health-Insurance-Claim\leave-service\src\test\resources
2025-10-14 10:35:42,822 [Worker-40: Building] INFO  o.a.m.s.f.DefaultMavenResourcesFiltering - Copying 1 resource from src\main\resources to target\classes
2025-10-14 10:35:42,855 [Worker-40: Building] INFO  o.a.m.s.f.DefaultMavenResourcesFiltering - Copying 0 resource from src\main\resources to target\classes
2025-10-14 10:35:42,861 [Worker-40: Building] INFO  o.a.m.s.f.DefaultMavenResourcesFiltering - skip non existing resourceDirectory C:\Users\2440888\OneDrive - Cognizant\Desktop\Health-Insurance-Claim\leave-service\src\test\resources
2025-10-14 10:36:12,515 [Worker-83: Building] INFO  o.a.m.s.f.DefaultMavenResourcesFiltering - Copying 1 resource from src\main\resources to target\classes
2025-10-14 10:36:12,535 [Worker-83: Building] INFO  o.a.m.s.f.DefaultMavenResourcesFiltering - Copying 0 resource from src\main\resources to target\classes
2025-10-14 10:36:12,537 [Worker-83: Building] INFO  o.a.m.s.f.DefaultMavenResourcesFiltering - skip non existing resourceDirectory C:\Users\2440888\OneDrive - Cognizant\Desktop\Health-Insurance-Claim\leave-service\src\test\resources
2025-10-14 10:36:31,397 [Worker-49: Building] INFO  o.a.m.s.f.DefaultMavenResourcesFiltering - Copying 1 resource from src\main\resources to target\classes
2025-10-14 10:36:31,433 [Worker-49: Building] INFO  o.a.m.s.f.DefaultMavenResourcesFiltering - Copying 0 resource from src\main\resources to target\classes
2025-10-14 10:36:31,440 [Worker-49: Building] INFO  o.a.m.s.f.DefaultMavenResourcesFiltering - skip non existing resourceDirectory C:\Users\2440888\OneDrive - Cognizant\Desktop\Health-Insurance-Claim\leave-service\src\test\resources
2025-10-14 10:38:04,376 [Worker-70: Building] INFO  o.a.m.s.f.DefaultMavenResourcesFiltering - Copying 1 resource from src\main\resources to target\classes
2025-10-14 10:38:04,394 [Worker-70: Building] INFO  o.a.m.s.f.DefaultMavenResourcesFiltering - Copying 0 resource from src\main\resources to target\classes
2025-10-14 10:38:04,398 [Worker-70: Building] INFO  o.a.m.s.f.DefaultMavenResourcesFiltering - skip non existing resourceDirectory C:\Users\2440888\OneDrive - Cognizant\Desktop\Health-Insurance-Claim\leave-service\src\test\resources
2025-10-14 10:41:33,694 [Worker-74: Building] INFO  o.a.m.s.f.DefaultMavenResourcesFiltering - Copying 1 resource from src\main\resources to target\classes
2025-10-14 10:41:33,761 [Worker-74: Building] INFO  o.a.m.s.f.DefaultMavenResourcesFiltering - Copying 17 resources from src\main\resources to target\classes
2025-10-14 10:41:34,045 [Worker-74: Building] INFO  o.a.m.s.f.DefaultMavenResourcesFiltering - skip non existing resourceDirectory C:\Users\2440888\OneDrive - Cognizant\Desktop\Health-Insurance-Claim\health-insurance-claim\src\test\resources
2025-10-14 10:41:45,525 [Worker-78: Building] INFO  o.a.m.s.f.DefaultMavenResourcesFiltering - Copying 1 resource from src\main\resources to target\classes
2025-10-14 10:41:45,564 [Worker-78: Building] INFO  o.a.m.s.f.DefaultMavenResourcesFiltering - Copying 17 resources from src\main\resources to target\classes
2025-10-14 10:41:45,857 [Worker-78: Building] INFO  o.a.m.s.f.DefaultMavenResourcesFiltering - skip non existing resourceDirectory C:\Users\2440888\OneDrive - Cognizant\Desktop\Health-Insurance-Claim\health-insurance-claim\src\test\resources
2025-10-14 10:41:59,553 [Worker-83: Building] INFO  o.a.m.s.f.DefaultMavenResourcesFiltering - Copying 1 resource from src\main\resources to target\classes
2025-10-14 10:41:59,597 [Worker-83: Building] INFO  o.a.m.s.f.DefaultMavenResourcesFiltering - Copying 17 resources from src\main\resources to target\classes
2025-10-14 10:41:59,877 [Worker-83: Building] INFO  o.a.m.s.f.DefaultMavenResourcesFiltering - skip non existing resourceDirectory C:\Users\2440888\OneDrive - Cognizant\Desktop\Health-Insurance-Claim\health-insurance-claim\src\test\resources
2025-10-14 10:42:07,139 [Worker-68: Building] INFO  o.a.m.s.f.DefaultMavenResourcesFiltering - Copying 1 resource from src\main\resources to target\classes
2025-10-14 10:42:07,149 [Worker-68: Building] INFO  o.a.m.s.f.DefaultMavenResourcesFiltering - Copying 17 resources from src\main\resources to target\classes
2025-10-14 10:42:07,159 [Worker-68: Building] INFO  o.a.m.s.f.DefaultMavenResourcesFiltering - skip non existing resourceDirectory C:\Users\2440888\OneDrive - Cognizant\Desktop\Health-Insurance-Claim\health-insurance-claim\src\test\resources
2025-10-14 10:45:52,650 [Worker-80: Building] INFO  o.a.m.s.f.DefaultMavenResourcesFiltering - Copying 1 resource from src\main\resources to target\classes
2025-10-14 10:45:52,683 [Worker-80: Building] INFO  o.a.m.s.f.DefaultMavenResourcesFiltering - Copying 0 resource from src\main\resources to target\classes
2025-10-14 10:45:52,686 [Worker-80: Building] INFO  o.a.m.s.f.DefaultMavenResourcesFiltering - skip non existing resourceDirectory C:\Users\2440888\OneDrive - Cognizant\Desktop\Health-Insurance-Claim\leave-service\src\test\resources
2025-10-14 10:46:10,671 [Worker-58: Building] INFO  o.a.m.s.f.DefaultMavenResourcesFiltering - Copying 1 resource from src\main\resources to target\classes
2025-10-14 10:46:10,688 [Worker-58: Building] INFO  o.a.m.s.f.DefaultMavenResourcesFiltering - Copying 0 resource from src\main\resources to target\classes
2025-10-14 10:46:10,690 [Worker-58: Building] INFO  o.a.m.s.f.DefaultMavenResourcesFiltering - skip non existing resourceDirectory C:\Users\2440888\OneDrive - Cognizant\Desktop\Health-Insurance-Claim\leave-service\src\test\resources
2025-10-14 10:46:40,017 [Worker-58: Building] INFO  o.e.m.c.i.l.LifecycleMappingFactory - Using org.eclipse.m2e.jdt.JarLifecycleMapping lifecycle mapping for MavenProject: com.example.genc:department-service:0.0.1-SNAPSHOT @ C:\Users\2440888\OneDrive - Cognizant\Desktop\Health-Insurance-Claim\loan-service\pom.xml.
2025-10-14 10:46:45,555 [Worker-58: Building] INFO  o.a.m.s.f.DefaultMavenResourcesFiltering - Copying 1 resource from src\main\resources to target\classes
2025-10-14 10:46:45,569 [Worker-58: Building] INFO  o.a.m.s.f.DefaultMavenResourcesFiltering - Copying 0 resource from src\main\resources to target\classes
2025-10-14 10:46:45,575 [Worker-58: Building] INFO  o.a.m.s.f.DefaultMavenResourcesFiltering - skip non existing resourceDirectory C:\Users\2440888\OneDrive - Cognizant\Desktop\Health-Insurance-Claim\loan-service\src\test\resources
2025-10-14 10:46:46,109 [Worker-74: Building] INFO  o.a.m.s.f.DefaultMavenResourcesFiltering - Copying 1 resource from src\main\resources to target\classes
2025-10-14 10:46:46,112 [Worker-74: Building] INFO  o.a.m.s.f.DefaultMavenResourcesFiltering - Copying 0 resource from src\main\resources to target\classes
2025-10-14 10:46:46,117 [Worker-74: Building] INFO  o.a.m.s.f.DefaultMavenResourcesFiltering - skip non existing resourceDirectory C:\Users\2440888\OneDrive - Cognizant\Desktop\Health-Insurance-Claim\loan-service\src\test\resources
2025-10-14 10:46:58,951 [Worker-58: Building] INFO  o.e.m.c.i.l.LifecycleMappingFactory - Using org.eclipse.m2e.jdt.JarLifecycleMapping lifecycle mapping for MavenProject: com.example.genc:loan-service:0.0.1-SNAPSHOT @ C:\Users\2440888\OneDrive - Cognizant\Desktop\Health-Insurance-Claim\loan-service\pom.xml.
2025-10-14 10:47:00,718 [Worker-58: Building] INFO  o.a.m.s.f.DefaultMavenResourcesFiltering - Copying 0 resource from src\main\resources to target\classes
2025-10-14 10:47:00,722 [Worker-58: Building] INFO  o.a.m.s.f.DefaultMavenResourcesFiltering - Copying 0 resource from src\main\resources to target\classes
2025-10-14 10:47:00,728 [Worker-58: Building] INFO  o.a.m.s.f.DefaultMavenResourcesFiltering - skip non existing resourceDirectory C:\Users\2440888\OneDrive - Cognizant\Desktop\Health-Insurance-Claim\loan-service\src\test\resources
2025-10-14 10:47:09,899 [Worker-68: Building] INFO  o.a.m.s.f.DefaultMavenResourcesFiltering - Copying 1 resource from src\main\resources to target\classes
2025-10-14 10:47:09,915 [Worker-68: Building] INFO  o.a.m.s.f.DefaultMavenResourcesFiltering - Copying 0 resource from src\main\resources to target\classes
2025-10-14 10:47:09,918 [Worker-68: Building] INFO  o.a.m.s.f.DefaultMavenResourcesFiltering - skip non existing resourceDirectory C:\Users\2440888\OneDrive - Cognizant\Desktop\Health-Insurance-Claim\loan-service\src\test\resources
2025-10-14 10:47:35,435 [Worker-71: Building] INFO  o.a.m.s.f.DefaultMavenResourcesFiltering - Copying 1 resource from src\main\resources to target\classes
2025-10-14 10:47:35,453 [Worker-71: Building] INFO  o.a.m.s.f.DefaultMavenResourcesFiltering - Copying 0 resource from src\main\resources to target\classes
2025-10-14 10:47:35,456 [Worker-71: Building] INFO  o.a.m.s.f.DefaultMavenResourcesFiltering - skip non existing resourceDirectory C:\Users\2440888\OneDrive - Cognizant\Desktop\Health-Insurance-Claim\loan-service\src\test\resources
2025-10-14 10:47:48,626 [Worker-58: Building] INFO  o.a.m.s.f.DefaultMavenResourcesFiltering - Copying 1 resource from src\main\resources to target\classes
2025-10-14 10:47:48,644 [Worker-58: Building] INFO  o.a.m.s.f.DefaultMavenResourcesFiltering - Copying 0 resource from src\main\resources to target\classes
2025-10-14 10:47:48,646 [Worker-58: Building] INFO  o.a.m.s.f.DefaultMavenResourcesFiltering - skip non existing resourceDirectory C:\Users\2440888\OneDrive - Cognizant\Desktop\Health-Insurance-Claim\loan-service\src\test\resources
2025-10-14 10:48:55,614 [Worker-78: Building] INFO  o.a.m.s.f.DefaultMavenResourcesFiltering - Copying 1 resource from src\main\resources to target\classes
2025-10-14 10:48:55,636 [Worker-78: Building] INFO  o.a.m.s.f.DefaultMavenResourcesFiltering - Copying 0 resource from src\main\resources to target\classes
2025-10-14 10:48:55,639 [Worker-78: Building] INFO  o.a.m.s.f.DefaultMavenResourcesFiltering - skip non existing resourceDirectory C:\Users\2440888\OneDrive - Cognizant\Desktop\Health-Insurance-Claim\loan-service\src\test\resources
2025-10-14 10:49:40,787 [Worker-70: Building] INFO  o.a.m.s.f.DefaultMavenResourcesFiltering - Copying 1 resource from src\main\resources to target\classes
2025-10-14 10:49:40,808 [Worker-70: Building] INFO  o.a.m.s.f.DefaultMavenResourcesFiltering - Copying 0 resource from src\main\resources to target\classes
2025-10-14 10:49:40,814 [Worker-70: Building] INFO  o.a.m.s.f.DefaultMavenResourcesFiltering - skip non existing resourceDirectory C:\Users\2440888\OneDrive - Cognizant\Desktop\Health-Insurance-Claim\loan-service\src\test\resources
2025-10-14 10:54:47,870 [Worker-74: Building] INFO  o.a.m.s.f.DefaultMavenResourcesFiltering - Copying 1 resource from src\main\resources to target\classes
2025-10-14 10:54:47,897 [Worker-74: Building] INFO  o.a.m.s.f.DefaultMavenResourcesFiltering - Copying 17 resources from src\main\resources to target\classes
2025-10-14 10:54:48,142 [Worker-74: Building] INFO  o.a.m.s.f.DefaultMavenResourcesFiltering - skip non existing resourceDirectory C:\Users\2440888\OneDrive - Cognizant\Desktop\Health-Insurance-Claim\health-insurance-claim\src\test\resources
2025-10-14 10:56:40,183 [Worker-77: Building] INFO  o.a.m.s.f.DefaultMavenResourcesFiltering - Copying 1 resource from src\main\resources to target\classes
2025-10-14 10:56:40,241 [Worker-77: Building] INFO  o.a.m.s.f.DefaultMavenResourcesFiltering - Copying 17 resources from src\main\resources to target\classes
2025-10-14 10:56:40,469 [Worker-77: Building] INFO  o.a.m.s.f.DefaultMavenResourcesFiltering - skip non existing resourceDirectory C:\Users\2440888\OneDrive - Cognizant\Desktop\Health-Insurance-Claim\health-insurance-claim\src\test\resources
2025-10-14 10:59:54,353 [Worker-80: Import Getting Started Content] INFO  o.e.m.c.i.e.AbstractTransferListenerAdapter - Downloading https://repo.maven.apache.org/maven2/org/springframework/cloud/spring-cloud-dependencies/2025.0.0/spring-cloud-dependencies-2025.0.0.pom
2025-10-14 10:59:54,385 [Worker-80: Import Getting Started Content] INFO  o.e.m.c.i.e.AbstractTransferListenerAdapter - Downloaded https://repo.maven.apache.org/maven2/org/springframework/cloud/spring-cloud-dependencies/2025.0.0/spring-cloud-dependencies-2025.0.0.pom
2025-10-14 10:59:54,496 [Worker-80: Import Getting Started Content] INFO  o.e.m.c.i.e.AbstractTransferListenerAdapter - Downloading https://repo.maven.apache.org/maven2/org/springframework/cloud/spring-cloud-dependencies-parent/4.3.0/spring-cloud-dependencies-parent-4.3.0.pom
2025-10-14 10:59:54,550 [Worker-80: Import Getting Started Content] INFO  o.e.m.c.i.e.AbstractTransferListenerAdapter - Downloaded https://repo.maven.apache.org/maven2/org/springframework/cloud/spring-cloud-dependencies-parent/4.3.0/spring-cloud-dependencies-parent-4.3.0.pom
2025-10-14 10:59:54,682 [Worker-80: Import Getting Started Content] INFO  o.e.m.c.i.e.AbstractTransferListenerAdapter - Downloading https://repo.maven.apache.org/maven2/org/springframework/cloud/spring-cloud-commons-dependencies/4.3.0/spring-cloud-commons-dependencies-4.3.0.pom
2025-10-14 10:59:54,725 [Worker-80: Import Getting Started Content] INFO  o.e.m.c.i.e.AbstractTransferListenerAdapter - Downloaded https://repo.maven.apache.org/maven2/org/springframework/cloud/spring-cloud-commons-dependencies/4.3.0/spring-cloud-commons-dependencies-4.3.0.pom
2025-10-14 10:59:54,923 [Worker-80: Import Getting Started Content] INFO  o.e.m.c.i.e.AbstractTransferListenerAdapter - Downloading https://repo.maven.apache.org/maven2/org/springframework/cloud/spring-cloud-netflix-dependencies/4.3.0/spring-cloud-netflix-dependencies-4.3.0.pom
2025-10-14 10:59:54,961 [Worker-80: Import Getting Started Content] INFO  o.e.m.c.i.e.AbstractTransferListenerAdapter - Downloaded https://repo.maven.apache.org/maven2/org/springframework/cloud/spring-cloud-netflix-dependencies/4.3.0/spring-cloud-netflix-dependencies-4.3.0.pom
2025-10-14 10:59:55,115 [Worker-80: Import Getting Started Content] INFO  o.e.m.c.i.e.AbstractTransferListenerAdapter - Downloading https://repo.maven.apache.org/maven2/org/springframework/cloud/spring-cloud-stream-dependencies/4.3.0/spring-cloud-stream-dependencies-4.3.0.pom
2025-10-14 10:59:55,169 [Worker-80: Import Getting Started Content] INFO  o.e.m.c.i.e.AbstractTransferListenerAdapter - Downloaded https://repo.maven.apache.org/maven2/org/springframework/cloud/spring-cloud-stream-dependencies/4.3.0/spring-cloud-stream-dependencies-4.3.0.pom
2025-10-14 10:59:55,274 [Worker-80: Import Getting Started Content] INFO  o.e.m.c.i.e.AbstractTransferListenerAdapter - Downloading https://repo.maven.apache.org/maven2/org/springframework/cloud/spring-cloud-task-dependencies/3.3.0/spring-cloud-task-dependencies-3.3.0.pom
2025-10-14 10:59:55,309 [Worker-80: Import Getting Started Content] INFO  o.e.m.c.i.e.AbstractTransferListenerAdapter - Downloaded https://repo.maven.apache.org/maven2/org/springframework/cloud/spring-cloud-task-dependencies/3.3.0/spring-cloud-task-dependencies-3.3.0.pom
2025-10-14 10:59:55,410 [Worker-80: Import Getting Started Content] INFO  o.e.m.c.i.e.AbstractTransferListenerAdapter - Downloading https://repo.maven.apache.org/maven2/org/springframework/cloud/spring-cloud-circuitbreaker-dependencies/3.3.0/spring-cloud-circuitbreaker-dependencies-3.3.0.pom
2025-10-14 10:59:55,453 [Worker-80: Import Getting Started Content] INFO  o.e.m.c.i.e.AbstractTransferListenerAdapter - Downloaded https://repo.maven.apache.org/maven2/org/springframework/cloud/spring-cloud-circuitbreaker-dependencies/3.3.0/spring-cloud-circuitbreaker-dependencies-3.3.0.pom
2025-10-14 10:59:55,607 [Worker-80: Import Getting Started Content] INFO  o.e.m.c.i.e.AbstractTransferListenerAdapter - Downloading https://repo.maven.apache.org/maven2/io/github/resilience4j/resilience4j-bom/2.2.0/resilience4j-bom-2.2.0.pom
2025-10-14 10:59:55,659 [Worker-80: Import Getting Started Content] INFO  o.e.m.c.i.e.AbstractTransferListenerAdapter - Downloaded https://repo.maven.apache.org/maven2/io/github/resilience4j/resilience4j-bom/2.2.0/resilience4j-bom-2.2.0.pom
2025-10-14 10:59:55,814 [Worker-80: Import Getting Started Content] INFO  o.e.m.c.i.e.AbstractTransferListenerAdapter - Downloading https://repo.maven.apache.org/maven2/org/springframework/cloud/spring-cloud-config-dependencies/4.3.0/spring-cloud-config-dependencies-4.3.0.pom
2025-10-14 10:59:55,849 [Worker-80: Import Getting Started Content] INFO  o.e.m.c.i.e.AbstractTransferListenerAdapter - Downloaded https://repo.maven.apache.org/maven2/org/springframework/cloud/spring-cloud-config-dependencies/4.3.0/spring-cloud-config-dependencies-4.3.0.pom
2025-10-14 10:59:55,952 [Worker-80: Import Getting Started Content] INFO  o.e.m.c.i.e.AbstractTransferListenerAdapter - Downloading https://repo.maven.apache.org/maven2/org/springframework/cloud/spring-cloud-function-dependencies/4.3.0/spring-cloud-function-dependencies-4.3.0.pom
2025-10-14 10:59:55,996 [Worker-80: Import Getting Started Content] INFO  o.e.m.c.i.e.AbstractTransferListenerAdapter - Downloaded https://repo.maven.apache.org/maven2/org/springframework/cloud/spring-cloud-function-dependencies/4.3.0/spring-cloud-function-dependencies-4.3.0.pom
2025-10-14 10:59:56,129 [Worker-80: Import Getting Started Content] INFO  o.e.m.c.i.e.AbstractTransferListenerAdapter - Downloading https://repo.maven.apache.org/maven2/org/springframework/cloud/spring-cloud-gateway-dependencies/4.3.0/spring-cloud-gateway-dependencies-4.3.0.pom
2025-10-14 10:59:56,162 [Worker-80: Import Getting Started Content] INFO  o.e.m.c.i.e.AbstractTransferListenerAdapter - Downloaded https://repo.maven.apache.org/maven2/org/springframework/cloud/spring-cloud-gateway-dependencies/4.3.0/spring-cloud-gateway-dependencies-4.3.0.pom
2025-10-14 10:59:56,278 [Worker-80: Import Getting Started Content] INFO  o.e.m.c.i.e.AbstractTransferListenerAdapter - Downloading https://repo.maven.apache.org/maven2/org/springframework/cloud/spring-cloud-consul-dependencies/4.3.0/spring-cloud-consul-dependencies-4.3.0.pom
2025-10-14 10:59:56,325 [Worker-80: Import Getting Started Content] INFO  o.e.m.c.i.e.AbstractTransferListenerAdapter - Downloaded https://repo.maven.apache.org/maven2/org/springframework/cloud/spring-cloud-consul-dependencies/4.3.0/spring-cloud-consul-dependencies-4.3.0.pom
2025-10-14 10:59:56,444 [Worker-80: Import Getting Started Content] INFO  o.e.m.c.i.e.AbstractTransferListenerAdapter - Downloading https://repo.maven.apache.org/maven2/org/springframework/cloud/spring-cloud-vault-dependencies/4.3.0/spring-cloud-vault-dependencies-4.3.0.pom
2025-10-14 10:59:56,487 [Worker-80: Import Getting Started Content] INFO  o.e.m.c.i.e.AbstractTransferListenerAdapter - Downloaded https://repo.maven.apache.org/maven2/org/springframework/cloud/spring-cloud-vault-dependencies/4.3.0/spring-cloud-vault-dependencies-4.3.0.pom
2025-10-14 10:59:56,603 [Worker-80: Import Getting Started Content] INFO  o.e.m.c.i.e.AbstractTransferListenerAdapter - Downloading https://repo.maven.apache.org/maven2/org/springframework/cloud/spring-cloud-zookeeper-dependencies/4.3.0/spring-cloud-zookeeper-dependencies-4.3.0.pom
2025-10-14 10:59:56,649 [Worker-80: Import Getting Started Content] INFO  o.e.m.c.i.e.AbstractTransferListenerAdapter - Downloaded https://repo.maven.apache.org/maven2/org/springframework/cloud/spring-cloud-zookeeper-dependencies/4.3.0/spring-cloud-zookeeper-dependencies-4.3.0.pom
2025-10-14 10:59:56,778 [Worker-80: Import Getting Started Content] INFO  o.e.m.c.i.e.AbstractTransferListenerAdapter - Downloading https://repo.maven.apache.org/maven2/org/springframework/cloud/spring-cloud-bus-dependencies/4.3.0/spring-cloud-bus-dependencies-4.3.0.pom
2025-10-14 10:59:56,830 [Worker-80: Import Getting Started Content] INFO  o.e.m.c.i.e.AbstractTransferListenerAdapter - Downloaded https://repo.maven.apache.org/maven2/org/springframework/cloud/spring-cloud-bus-dependencies/4.3.0/spring-cloud-bus-dependencies-4.3.0.pom
2025-10-14 10:59:56,983 [Worker-80: Import Getting Started Content] INFO  o.e.m.c.i.e.AbstractTransferListenerAdapter - Downloading https://repo.maven.apache.org/maven2/org/springframework/cloud/spring-cloud-contract-dependencies/4.3.0/spring-cloud-contract-dependencies-4.3.0.pom
2025-10-14 10:59:57,022 [Worker-80: Import Getting Started Content] INFO  o.e.m.c.i.e.AbstractTransferListenerAdapter - Downloaded https://repo.maven.apache.org/maven2/org/springframework/cloud/spring-cloud-contract-dependencies/4.3.0/spring-cloud-contract-dependencies-4.3.0.pom
2025-10-14 10:59:57,153 [Worker-80: Import Getting Started Content] INFO  o.e.m.c.i.e.AbstractTransferListenerAdapter - Downloading https://repo.maven.apache.org/maven2/org/springframework/cloud/spring-cloud-openfeign-dependencies/4.3.0/spring-cloud-openfeign-dependencies-4.3.0.pom
2025-10-14 10:59:57,200 [Worker-80: Import Getting Started Content] INFO  o.e.m.c.i.e.AbstractTransferListenerAdapter - Downloaded https://repo.maven.apache.org/maven2/org/springframework/cloud/spring-cloud-openfeign-dependencies/4.3.0/spring-cloud-openfeign-dependencies-4.3.0.pom
2025-10-14 10:59:57,336 [Worker-80: Import Getting Started Content] INFO  o.e.m.c.i.e.AbstractTransferListenerAdapter - Downloading https://repo.maven.apache.org/maven2/io/github/openfeign/feign-bom/13.6/feign-bom-13.6.pom
2025-10-14 10:59:57,376 [Worker-80: Import Getting Started Content] INFO  o.e.m.c.i.e.AbstractTransferListenerAdapter - Downloaded https://repo.maven.apache.org/maven2/io/github/openfeign/feign-bom/13.6/feign-bom-13.6.pom
2025-10-14 10:59:57,501 [Worker-80: Import Getting Started Content] INFO  o.e.m.c.i.e.AbstractTransferListenerAdapter - Downloading https://repo.maven.apache.org/maven2/org/springframework/cloud/spring-cloud-kubernetes-dependencies/3.3.0/spring-cloud-kubernetes-dependencies-3.3.0.pom
2025-10-14 10:59:57,543 [Worker-80: Import Getting Started Content] INFO  o.e.m.c.i.e.AbstractTransferListenerAdapter - Downloaded https://repo.maven.apache.org/maven2/org/springframework/cloud/spring-cloud-kubernetes-dependencies/3.3.0/spring-cloud-kubernetes-dependencies-3.3.0.pom
2025-10-14 10:59:57,650 [Worker-80: Import Getting Started Content] INFO  o.e.m.c.i.e.AbstractTransferListenerAdapter - Downloading https://repo.maven.apache.org/maven2/io/fabric8/kubernetes-client-bom/7.3.1/kubernetes-client-bom-7.3.1.pom
2025-10-14 10:59:57,694 [Worker-80: Import Getting Started Content] INFO  o.e.m.c.i.e.AbstractTransferListenerAdapter - Downloaded https://repo.maven.apache.org/maven2/io/fabric8/kubernetes-client-bom/7.3.1/kubernetes-client-bom-7.3.1.pom
2025-10-14 11:00:00,006 [Worker-80: Import Getting Started Content] INFO  o.e.m.c.i.l.LifecycleMappingFactory - Using org.eclipse.m2e.jdt.JarLifecycleMapping lifecycle mapping for MavenProject: com.example.genc:hr-system-service-registry:0.0.1-SNAPSHOT @ C:\Users\2440888\OneDrive - Cognizant\Desktop\Health-Insurance-Claim\hr-system-service-registry\pom.xml.
2025-10-14 11:00:00,135 [Worker-80: Import Getting Started Content] INFO  o.e.m.c.i.e.AbstractTransferListenerAdapter - Downloading https://repo.maven.apache.org/maven2/org/springframework/cloud/spring-cloud-starter-netflix-eureka-server/4.3.0/spring-cloud-starter-netflix-eureka-server-4.3.0.pom
2025-10-14 11:00:00,172 [Worker-80: Import Getting Started Content] INFO  o.e.m.c.i.e.AbstractTransferListenerAdapter - Downloaded https://repo.maven.apache.org/maven2/org/springframework/cloud/spring-cloud-starter-netflix-eureka-server/4.3.0/spring-cloud-starter-netflix-eureka-server-4.3.0.pom
2025-10-14 11:00:00,297 [Worker-80: Import Getting Started Content] INFO  o.e.m.c.i.e.AbstractTransferListenerAdapter - Downloading https://repo.maven.apache.org/maven2/org/springframework/cloud/spring-cloud-netflix/4.3.0/spring-cloud-netflix-4.3.0.pom
2025-10-14 11:00:00,359 [Worker-80: Import Getting Started Content] INFO  o.e.m.c.i.e.AbstractTransferListenerAdapter - Downloaded https://repo.maven.apache.org/maven2/org/springframework/cloud/spring-cloud-netflix/4.3.0/spring-cloud-netflix-4.3.0.pom
2025-10-14 11:00:00,493 [Worker-80: Import Getting Started Content] INFO  o.e.m.c.i.e.AbstractTransferListenerAdapter - Downloading https://repo.maven.apache.org/maven2/org/springframework/cloud/spring-cloud-build/4.3.0/spring-cloud-build-4.3.0.pom
2025-10-14 11:00:00,560 [Worker-80: Import Getting Started Content] INFO  o.e.m.c.i.e.AbstractTransferListenerAdapter - Downloaded https://repo.maven.apache.org/maven2/org/springframework/cloud/spring-cloud-build/4.3.0/spring-cloud-build-4.3.0.pom
2025-10-14 11:00:00,705 [Worker-80: Import Getting Started Content] INFO  o.e.m.c.i.e.AbstractTransferListenerAdapter - Downloading https://repo.maven.apache.org/maven2/org/springframework/cloud/spring-cloud-build-dependencies/4.3.0/spring-cloud-build-dependencies-4.3.0.pom
2025-10-14 11:00:00,762 [Worker-80: Import Getting Started Content] INFO  o.e.m.c.i.e.AbstractTransferListenerAdapter - Downloaded https://repo.maven.apache.org/maven2/org/springframework/cloud/spring-cloud-build-dependencies/4.3.0/spring-cloud-build-dependencies-4.3.0.pom
2025-10-14 11:00:01,809 [Worker-80: Import Getting Started Content] INFO  o.e.m.c.i.e.AbstractTransferListenerAdapter - Downloading https://repo.maven.apache.org/maven2/org/springframework/cloud/spring-cloud-starter/4.3.0/spring-cloud-starter-4.3.0.pom
2025-10-14 11:00:01,853 [Worker-80: Import Getting Started Content] INFO  o.e.m.c.i.e.AbstractTransferListenerAdapter - Downloaded https://repo.maven.apache.org/maven2/org/springframework/cloud/spring-cloud-starter/4.3.0/spring-cloud-starter-4.3.0.pom
2025-10-14 11:00:01,977 [Worker-80: Import Getting Started Content] INFO  o.e.m.c.i.e.AbstractTransferListenerAdapter - Downloading https://repo.maven.apache.org/maven2/org/springframework/cloud/spring-cloud-commons-parent/4.3.0/spring-cloud-commons-parent-4.3.0.pom
2025-10-14 11:00:02,021 [Worker-80: Import Getting Started Content] INFO  o.e.m.c.i.e.AbstractTransferListenerAdapter - Downloaded https://repo.maven.apache.org/maven2/org/springframework/cloud/spring-cloud-commons-parent/4.3.0/spring-cloud-commons-parent-4.3.0.pom
2025-10-14 11:00:03,288 [Worker-80: Import Getting Started Content] INFO  o.e.m.c.i.e.AbstractTransferListenerAdapter - Downloading https://repo.maven.apache.org/maven2/org/springframework/cloud/spring-cloud-context/4.3.0/spring-cloud-context-4.3.0.pom
2025-10-14 11:00:03,349 [Worker-80: Import Getting Started Content] INFO  o.e.m.c.i.e.AbstractTransferListenerAdapter - Downloaded https://repo.maven.apache.org/maven2/org/springframework/cloud/spring-cloud-context/4.3.0/spring-cloud-context-4.3.0.pom
2025-10-14 11:00:03,513 [Worker-80: Import Getting Started Content] INFO  o.e.m.c.i.e.AbstractTransferListenerAdapter - Downloading https://repo.maven.apache.org/maven2/org/springframework/cloud/spring-cloud-commons/4.3.0/spring-cloud-commons-4.3.0.pom
2025-10-14 11:00:03,559 [Worker-80: Import Getting Started Content] INFO  o.e.m.c.i.e.AbstractTransferListenerAdapter - Downloaded https://repo.maven.apache.org/maven2/org/springframework/cloud/spring-cloud-commons/4.3.0/spring-cloud-commons-4.3.0.pom
2025-10-14 11:00:03,718 [Worker-80: Import Getting Started Content] INFO  o.e.m.c.i.e.AbstractTransferListenerAdapter - Downloading https://repo.maven.apache.org/maven2/org/bouncycastle/bcprov-jdk18on/1.80/bcprov-jdk18on-1.80.pom
2025-10-14 11:00:03,770 [Worker-80: Import Getting Started Content] INFO  o.e.m.c.i.e.AbstractTransferListenerAdapter - Downloaded https://repo.maven.apache.org/maven2/org/bouncycastle/bcprov-jdk18on/1.80/bcprov-jdk18on-1.80.pom
2025-10-14 11:00:03,898 [Worker-80: Import Getting Started Content] INFO  o.e.m.c.i.e.AbstractTransferListenerAdapter - Downloading https://repo.maven.apache.org/maven2/org/springframework/cloud/spring-cloud-netflix-eureka-server/4.3.0/spring-cloud-netflix-eureka-server-4.3.0.pom
2025-10-14 11:00:03,938 [Worker-80: Import Getting Started Content] INFO  o.e.m.c.i.e.AbstractTransferListenerAdapter - Downloaded https://repo.maven.apache.org/maven2/org/springframework/cloud/spring-cloud-netflix-eureka-server/4.3.0/spring-cloud-netflix-eureka-server-4.3.0.pom
2025-10-14 11:00:04,585 [Worker-80: Import Getting Started Content] INFO  o.e.m.c.i.e.AbstractTransferListenerAdapter - Downloading https://repo.maven.apache.org/maven2/org/springframework/boot/spring-boot-starter-actuator/3.5.6/spring-boot-starter-actuator-3.5.6.pom
2025-10-14 11:00:04,625 [Worker-80: Import Getting Started Content] INFO  o.e.m.c.i.e.AbstractTransferListenerAdapter - Downloaded https://repo.maven.apache.org/maven2/org/springframework/boot/spring-boot-starter-actuator/3.5.6/spring-boot-starter-actuator-3.5.6.pom
2025-10-14 11:00:04,786 [Worker-80: Import Getting Started Content] INFO  o.e.m.c.i.e.AbstractTransferListenerAdapter - Downloading https://repo.maven.apache.org/maven2/org/springframework/boot/spring-boot-actuator-autoconfigure/3.5.6/spring-boot-actuator-autoconfigure-3.5.6.pom
2025-10-14 11:00:04,834 [Worker-80: Import Getting Started Content] INFO  o.e.m.c.i.e.AbstractTransferListenerAdapter - Downloaded https://repo.maven.apache.org/maven2/org/springframework/boot/spring-boot-actuator-autoconfigure/3.5.6/spring-boot-actuator-autoconfigure-3.5.6.pom
2025-10-14 11:00:04,963 [Worker-80: Import Getting Started Content] INFO  o.e.m.c.i.e.AbstractTransferListenerAdapter - Downloading https://repo.maven.apache.org/maven2/org/springframework/boot/spring-boot-actuator/3.5.6/spring-boot-actuator-3.5.6.pom
2025-10-14 11:00:05,004 [Worker-80: Import Getting Started Content] INFO  o.e.m.c.i.e.AbstractTransferListenerAdapter - Downloaded https://repo.maven.apache.org/maven2/org/springframework/boot/spring-boot-actuator/3.5.6/spring-boot-actuator-3.5.6.pom
2025-10-14 11:00:05,119 [Worker-80: Import Getting Started Content] INFO  o.e.m.c.i.e.AbstractTransferListenerAdapter - Downloading https://repo.maven.apache.org/maven2/io/micrometer/micrometer-jakarta9/1.15.4/micrometer-jakarta9-1.15.4.pom
2025-10-14 11:00:05,158 [Worker-80: Import Getting Started Content] INFO  o.e.m.c.i.e.AbstractTransferListenerAdapter - Downloaded https://repo.maven.apache.org/maven2/io/micrometer/micrometer-jakarta9/1.15.4/micrometer-jakarta9-1.15.4.pom
2025-10-14 11:00:05,269 [Worker-80: Import Getting Started Content] INFO  o.e.m.c.i.e.AbstractTransferListenerAdapter - Downloading https://repo.maven.apache.org/maven2/io/micrometer/micrometer-core/1.15.4/micrometer-core-1.15.4.pom
2025-10-14 11:00:05,325 [Worker-80: Import Getting Started Content] INFO  o.e.m.c.i.e.AbstractTransferListenerAdapter - Downloaded https://repo.maven.apache.org/maven2/io/micrometer/micrometer-core/1.15.4/micrometer-core-1.15.4.pom
2025-10-14 11:00:05,455 [Worker-80: Import Getting Started Content] INFO  o.e.m.c.i.e.AbstractTransferListenerAdapter - Downloading https://repo.maven.apache.org/maven2/org/hdrhistogram/HdrHistogram/2.2.2/HdrHistogram-2.2.2.pom
2025-10-14 11:00:05,501 [Worker-80: Import Getting Started Content] INFO  o.e.m.c.i.e.AbstractTransferListenerAdapter - Downloaded https://repo.maven.apache.org/maven2/org/hdrhistogram/HdrHistogram/2.2.2/HdrHistogram-2.2.2.pom
2025-10-14 11:00:05,616 [Worker-80: Import Getting Started Content] INFO  o.e.m.c.i.e.AbstractTransferListenerAdapter - Downloading https://repo.maven.apache.org/maven2/org/latencyutils/LatencyUtils/2.0.3/LatencyUtils-2.0.3.pom
2025-10-14 11:00:05,659 [Worker-80: Import Getting Started Content] INFO  o.e.m.c.i.e.AbstractTransferListenerAdapter - Downloaded https://repo.maven.apache.org/maven2/org/latencyutils/LatencyUtils/2.0.3/LatencyUtils-2.0.3.pom
2025-10-14 11:00:05,779 [Worker-80: Import Getting Started Content] INFO  o.e.m.c.i.e.AbstractTransferListenerAdapter - Downloading https://repo.maven.apache.org/maven2/org/springframework/boot/spring-boot-starter-freemarker/3.5.6/spring-boot-starter-freemarker-3.5.6.pom
2025-10-14 11:00:05,830 [Worker-80: Import Getting Started Content] INFO  o.e.m.c.i.e.AbstractTransferListenerAdapter - Downloaded https://repo.maven.apache.org/maven2/org/springframework/boot/spring-boot-starter-freemarker/3.5.6/spring-boot-starter-freemarker-3.5.6.pom
2025-10-14 11:00:05,962 [Worker-80: Import Getting Started Content] INFO  o.e.m.c.i.e.AbstractTransferListenerAdapter - Downloading https://repo.maven.apache.org/maven2/org/freemarker/freemarker/2.3.34/freemarker-2.3.34.pom
2025-10-14 11:00:06,003 [Worker-80: Import Getting Started Content] INFO  o.e.m.c.i.e.AbstractTransferListenerAdapter - Downloaded https://repo.maven.apache.org/maven2/org/freemarker/freemarker/2.3.34/freemarker-2.3.34.pom
2025-10-14 11:00:06,123 [Worker-80: Import Getting Started Content] INFO  o.e.m.c.i.e.AbstractTransferListenerAdapter - Downloading https://repo.maven.apache.org/maven2/org/springframework/spring-context-support/6.2.11/spring-context-support-6.2.11.pom
2025-10-14 11:00:06,161 [Worker-80: Import Getting Started Content] INFO  o.e.m.c.i.e.AbstractTransferListenerAdapter - Downloaded https://repo.maven.apache.org/maven2/org/springframework/spring-context-support/6.2.11/spring-context-support-6.2.11.pom
2025-10-14 11:00:06,275 [Worker-80: Import Getting Started Content] INFO  o.e.m.c.i.e.AbstractTransferListenerAdapter - Downloading https://repo.maven.apache.org/maven2/org/springframework/cloud/spring-cloud-netflix-eureka-client/4.3.0/spring-cloud-netflix-eureka-client-4.3.0.pom
2025-10-14 11:00:06,314 [Worker-80: Import Getting Started Content] INFO  o.e.m.c.i.e.AbstractTransferListenerAdapter - Downloaded https://repo.maven.apache.org/maven2/org/springframework/cloud/spring-cloud-netflix-eureka-client/4.3.0/spring-cloud-netflix-eureka-client-4.3.0.pom
2025-10-14 11:00:06,505 [Worker-80: Import Getting Started Content] INFO  o.e.m.c.i.e.AbstractTransferListenerAdapter - Downloading https://repo.maven.apache.org/maven2/com/netflix/eureka/eureka-client/2.0.4/eureka-client-2.0.4.pom
2025-10-14 11:00:06,545 [Worker-80: Import Getting Started Content] INFO  o.e.m.c.i.e.AbstractTransferListenerAdapter - Downloaded https://repo.maven.apache.org/maven2/com/netflix/eureka/eureka-client/2.0.4/eureka-client-2.0.4.pom
2025-10-14 11:00:06,687 [Worker-80: Import Getting Started Content] INFO  o.e.m.c.i.e.AbstractTransferListenerAdapter - Downloading https://repo.maven.apache.org/maven2/com/thoughtworks/xstream/xstream/1.4.20/xstream-1.4.20.pom
2025-10-14 11:00:06,739 [Worker-80: Import Getting Started Content] INFO  o.e.m.c.i.e.AbstractTransferListenerAdapter - Downloaded https://repo.maven.apache.org/maven2/com/thoughtworks/xstream/xstream/1.4.20/xstream-1.4.20.pom
2025-10-14 11:00:06,884 [Worker-80: Import Getting Started Content] INFO  o.e.m.c.i.e.AbstractTransferListenerAdapter - Downloading https://repo.maven.apache.org/maven2/com/thoughtworks/xstream/xstream-parent/1.4.20/xstream-parent-1.4.20.pom
2025-10-14 11:00:06,940 [Worker-80: Import Getting Started Content] INFO  o.e.m.c.i.e.AbstractTransferListenerAdapter - Downloaded https://repo.maven.apache.org/maven2/com/thoughtworks/xstream/xstream-parent/1.4.20/xstream-parent-1.4.20.pom
2025-10-14 11:00:07,068 [Worker-80: Import Getting Started Content] INFO  o.e.m.c.i.e.AbstractTransferListenerAdapter - Downloading https://repo.maven.apache.org/maven2/io/github/x-stream/mxparser/1.2.2/mxparser-1.2.2.pom
2025-10-14 11:00:07,107 [Worker-80: Import Getting Started Content] INFO  o.e.m.c.i.e.AbstractTransferListenerAdapter - Downloaded https://repo.maven.apache.org/maven2/io/github/x-stream/mxparser/1.2.2/mxparser-1.2.2.pom
2025-10-14 11:00:07,249 [Worker-80: Import Getting Started Content] INFO  o.e.m.c.i.e.AbstractTransferListenerAdapter - Downloading https://repo.maven.apache.org/maven2/xmlpull/xmlpull/1.1.3.1/xmlpull-1.1.3.1.pom
2025-10-14 11:00:07,291 [Worker-80: Import Getting Started Content] INFO  o.e.m.c.i.e.AbstractTransferListenerAdapter - Downloaded https://repo.maven.apache.org/maven2/xmlpull/xmlpull/1.1.3.1/xmlpull-1.1.3.1.pom
2025-10-14 11:00:07,423 [Worker-80: Import Getting Started Content] INFO  o.e.m.c.i.e.AbstractTransferListenerAdapter - Downloading https://repo.maven.apache.org/maven2/jakarta/ws/rs/jakarta.ws.rs-api/3.1.0/jakarta.ws.rs-api-3.1.0.pom
2025-10-14 11:00:07,470 [Worker-80: Import Getting Started Content] INFO  o.e.m.c.i.e.AbstractTransferListenerAdapter - Downloaded https://repo.maven.apache.org/maven2/jakarta/ws/rs/jakarta.ws.rs-api/3.1.0/jakarta.ws.rs-api-3.1.0.pom
2025-10-14 11:00:07,614 [Worker-80: Import Getting Started Content] INFO  o.e.m.c.i.e.AbstractTransferListenerAdapter - Downloading https://repo.maven.apache.org/maven2/jakarta/ws/rs/all/3.1.0/all-3.1.0.pom
2025-10-14 11:00:07,662 [Worker-80: Import Getting Started Content] INFO  o.e.m.c.i.e.AbstractTransferListenerAdapter - Downloaded https://repo.maven.apache.org/maven2/jakarta/ws/rs/all/3.1.0/all-3.1.0.pom
2025-10-14 11:00:07,867 [Worker-80: Import Getting Started Content] INFO  o.e.m.c.i.e.AbstractTransferListenerAdapter - Downloading https://repo.maven.apache.org/maven2/com/netflix/spectator/spectator-api/1.7.3/spectator-api-1.7.3.pom
2025-10-14 11:00:07,920 [Worker-80: Import Getting Started Content] INFO  o.e.m.c.i.e.AbstractTransferListenerAdapter - Downloaded https://repo.maven.apache.org/maven2/com/netflix/spectator/spectator-api/1.7.3/spectator-api-1.7.3.pom
2025-10-14 11:00:08,058 [Worker-80: Import Getting Started Content] INFO  o.e.m.c.i.e.AbstractTransferListenerAdapter - Downloading https://repo.maven.apache.org/maven2/org/apache/httpcomponents/httpclient/4.5.3/httpclient-4.5.3.pom
2025-10-14 11:00:08,112 [Worker-80: Import Getting Started Content] INFO  o.e.m.c.i.e.AbstractTransferListenerAdapter - Downloaded https://repo.maven.apache.org/maven2/org/apache/httpcomponents/httpclient/4.5.3/httpclient-4.5.3.pom
2025-10-14 11:00:08,235 [Worker-80: Import Getting Started Content] INFO  o.e.m.c.i.e.AbstractTransferListenerAdapter - Downloading https://repo.maven.apache.org/maven2/org/apache/httpcomponents/httpcomponents-client/4.5.3/httpcomponents-client-4.5.3.pom
2025-10-14 11:00:08,280 [Worker-80: Import Getting Started Content] INFO  o.e.m.c.i.e.AbstractTransferListenerAdapter - Downloaded https://repo.maven.apache.org/maven2/org/apache/httpcomponents/httpcomponents-client/4.5.3/httpcomponents-client-4.5.3.pom
2025-10-14 11:00:08,388 [Worker-80: Import Getting Started Content] INFO  o.e.m.c.i.e.AbstractTransferListenerAdapter - Downloading https://repo.maven.apache.org/maven2/org/apache/httpcomponents/project/7/project-7.pom
2025-10-14 11:00:08,429 [Worker-80: Import Getting Started Content] INFO  o.e.m.c.i.e.AbstractTransferListenerAdapter - Downloaded https://repo.maven.apache.org/maven2/org/apache/httpcomponents/project/7/project-7.pom
2025-10-14 11:00:08,567 [Worker-80: Import Getting Started Content] INFO  o.e.m.c.i.e.AbstractTransferListenerAdapter - Downloading https://repo.maven.apache.org/maven2/org/apache/httpcomponents/httpcore/4.4.16/httpcore-4.4.16.pom
2025-10-14 11:00:08,612 [Worker-80: Import Getting Started Content] INFO  o.e.m.c.i.e.AbstractTransferListenerAdapter - Downloaded https://repo.maven.apache.org/maven2/org/apache/httpcomponents/httpcore/4.4.16/httpcore-4.4.16.pom
2025-10-14 11:00:08,722 [Worker-80: Import Getting Started Content] INFO  o.e.m.c.i.e.AbstractTransferListenerAdapter - Downloading https://repo.maven.apache.org/maven2/org/apache/httpcomponents/httpcomponents-core/4.4.16/httpcomponents-core-4.4.16.pom
2025-10-14 11:00:08,768 [Worker-80: Import Getting Started Content] INFO  o.e.m.c.i.e.AbstractTransferListenerAdapter - Downloaded https://repo.maven.apache.org/maven2/org/apache/httpcomponents/httpcomponents-core/4.4.16/httpcomponents-core-4.4.16.pom
2025-10-14 11:00:08,982 [Worker-80: Import Getting Started Content] INFO  o.e.m.c.i.e.AbstractTransferListenerAdapter - Downloading https://repo.maven.apache.org/maven2/commons-codec/commons-codec/1.18.0/commons-codec-1.18.0.pom
2025-10-14 11:00:09,022 [Worker-80: Import Getting Started Content] INFO  o.e.m.c.i.e.AbstractTransferListenerAdapter - Downloaded https://repo.maven.apache.org/maven2/commons-codec/commons-codec/1.18.0/commons-codec-1.18.0.pom
2025-10-14 11:00:09,134 [Worker-80: Import Getting Started Content] INFO  o.e.m.c.i.e.AbstractTransferListenerAdapter - Downloading https://repo.maven.apache.org/maven2/org/apache/commons/commons-parent/79/commons-parent-79.pom
2025-10-14 11:00:09,179 [Worker-80: Import Getting Started Content] INFO  o.e.m.c.i.e.AbstractTransferListenerAdapter - Downloaded https://repo.maven.apache.org/maven2/org/apache/commons/commons-parent/79/commons-parent-79.pom
2025-10-14 11:00:09,309 [Worker-80: Import Getting Started Content] INFO  o.e.m.c.i.e.AbstractTransferListenerAdapter - Downloading https://repo.maven.apache.org/maven2/commons-configuration/commons-configuration/1.10/commons-configuration-1.10.pom
2025-10-14 11:00:09,348 [Worker-80: Import Getting Started Content] INFO  o.e.m.c.i.e.AbstractTransferListenerAdapter - Downloaded https://repo.maven.apache.org/maven2/commons-configuration/commons-configuration/1.10/commons-configuration-1.10.pom
2025-10-14 11:00:09,470 [Worker-80: Import Getting Started Content] INFO  o.e.m.c.i.e.AbstractTransferListenerAdapter - Downloading https://repo.maven.apache.org/maven2/org/apache/commons/commons-parent/32/commons-parent-32.pom
2025-10-14 11:00:09,513 [Worker-80: Import Getting Started Content] INFO  o.e.m.c.i.e.AbstractTransferListenerAdapter - Downloaded https://repo.maven.apache.org/maven2/org/apache/commons/commons-parent/32/commons-parent-32.pom
2025-10-14 11:00:09,629 [Worker-80: Import Getting Started Content] INFO  o.e.m.c.i.e.AbstractTransferListenerAdapter - Downloading https://repo.maven.apache.org/maven2/commons-lang/commons-lang/2.6/commons-lang-2.6.pom
2025-10-14 11:00:09,679 [Worker-80: Import Getting Started Content] INFO  o.e.m.c.i.e.AbstractTransferListenerAdapter - Downloaded https://repo.maven.apache.org/maven2/commons-lang/commons-lang/2.6/commons-lang-2.6.pom
2025-10-14 11:00:09,792 [Worker-80: Import Getting Started Content] INFO  o.e.m.c.i.e.AbstractTransferListenerAdapter - Downloading https://repo.maven.apache.org/maven2/org/apache/commons/commons-parent/17/commons-parent-17.pom
2025-10-14 11:00:09,835 [Worker-80: Import Getting Started Content] INFO  o.e.m.c.i.e.AbstractTransferListenerAdapter - Downloaded https://repo.maven.apache.org/maven2/org/apache/commons/commons-parent/17/commons-parent-17.pom
2025-10-14 11:00:10,006 [Worker-80: Import Getting Started Content] INFO  o.e.m.c.i.e.AbstractTransferListenerAdapter - Downloading https://repo.maven.apache.org/maven2/com/netflix/netflix-commons/netflix-eventbus/0.3.0/netflix-eventbus-0.3.0.pom
2025-10-14 11:00:10,050 [Worker-80: Import Getting Started Content] INFO  o.e.m.c.i.e.AbstractTransferListenerAdapter - Downloaded https://repo.maven.apache.org/maven2/com/netflix/netflix-commons/netflix-eventbus/0.3.0/netflix-eventbus-0.3.0.pom
2025-10-14 11:00:10,166 [Worker-80: Import Getting Started Content] INFO  o.e.m.c.i.e.AbstractTransferListenerAdapter - Downloading https://repo.maven.apache.org/maven2/com/netflix/netflix-commons/netflix-infix/0.3.0/netflix-infix-0.3.0.pom
2025-10-14 11:00:10,205 [Worker-80: Import Getting Started Content] INFO  o.e.m.c.i.e.AbstractTransferListenerAdapter - Downloaded https://repo.maven.apache.org/maven2/com/netflix/netflix-commons/netflix-infix/0.3.0/netflix-infix-0.3.0.pom
2025-10-14 11:00:10,314 [Worker-80: Import Getting Started Content] INFO  o.e.m.c.i.e.AbstractTransferListenerAdapter - Downloading https://repo.maven.apache.org/maven2/commons-jxpath/commons-jxpath/1.3/commons-jxpath-1.3.pom
2025-10-14 11:00:10,360 [Worker-80: Import Getting Started Content] INFO  o.e.m.c.i.e.AbstractTransferListenerAdapter - Downloaded https://repo.maven.apache.org/maven2/commons-jxpath/commons-jxpath/1.3/commons-jxpath-1.3.pom
2025-10-14 11:00:10,476 [Worker-80: Import Getting Started Content] INFO  o.e.m.c.i.e.AbstractTransferListenerAdapter - Downloading https://repo.maven.apache.org/maven2/org/apache/commons/commons-parent/11/commons-parent-11.pom
2025-10-14 11:00:10,515 [Worker-80: Import Getting Started Content] INFO  o.e.m.c.i.e.AbstractTransferListenerAdapter - Downloaded https://repo.maven.apache.org/maven2/org/apache/commons/commons-parent/11/commons-parent-11.pom
2025-10-14 11:00:10,654 [Worker-80: Import Getting Started Content] INFO  o.e.m.c.i.e.AbstractTransferListenerAdapter - Downloading https://repo.maven.apache.org/maven2/joda-time/joda-time/2.3/joda-time-2.3.pom
2025-10-14 11:00:10,692 [Worker-80: Import Getting Started Content] INFO  o.e.m.c.i.e.AbstractTransferListenerAdapter - Downloaded https://repo.maven.apache.org/maven2/joda-time/joda-time/2.3/joda-time-2.3.pom
2025-10-14 11:00:10,808 [Worker-80: Import Getting Started Content] INFO  o.e.m.c.i.e.AbstractTransferListenerAdapter - Downloading https://repo.maven.apache.org/maven2/org/antlr/antlr-runtime/3.4/antlr-runtime-3.4.pom
2025-10-14 11:00:10,837 [Worker-80: Import Getting Started Content] INFO  o.e.m.c.i.e.AbstractTransferListenerAdapter - Downloaded https://repo.maven.apache.org/maven2/org/antlr/antlr-runtime/3.4/antlr-runtime-3.4.pom
2025-10-14 11:00:10,964 [Worker-80: Import Getting Started Content] INFO  o.e.m.c.i.e.AbstractTransferListenerAdapter - Downloading https://repo.maven.apache.org/maven2/org/antlr/antlr-master/3.4/antlr-master-3.4.pom
2025-10-14 11:00:11,034 [Worker-80: Import Getting Started Content] INFO  o.e.m.c.i.e.AbstractTransferListenerAdapter - Downloaded https://repo.maven.apache.org/maven2/org/antlr/antlr-master/3.4/antlr-master-3.4.pom
2025-10-14 11:00:11,151 [Worker-80: Import Getting Started Content] INFO  o.e.m.c.i.e.AbstractTransferListenerAdapter - Downloading https://repo.maven.apache.org/maven2/org/antlr/stringtemplate/3.2.1/stringtemplate-3.2.1.pom
2025-10-14 11:00:11,171 [Worker-80: Import Getting Started Content] INFO  o.e.m.c.i.e.AbstractTransferListenerAdapter - Downloaded https://repo.maven.apache.org/maven2/org/antlr/stringtemplate/3.2.1/stringtemplate-3.2.1.pom
2025-10-14 11:00:11,314 [Worker-80: Import Getting Started Content] INFO  o.e.m.c.i.e.AbstractTransferListenerAdapter - Downloading https://repo.maven.apache.org/maven2/com/google/guava/guava/14.0.1/guava-14.0.1.pom
2025-10-14 11:00:11,356 [Worker-80: Import Getting Started Content] INFO  o.e.m.c.i.e.AbstractTransferListenerAdapter - Downloaded https://repo.maven.apache.org/maven2/com/google/guava/guava/14.0.1/guava-14.0.1.pom
2025-10-14 11:00:11,474 [Worker-80: Import Getting Started Content] INFO  o.e.m.c.i.e.AbstractTransferListenerAdapter - Downloading https://repo.maven.apache.org/maven2/com/google/guava/guava-parent/14.0.1/guava-parent-14.0.1.pom
2025-10-14 11:00:11,514 [Worker-80: Import Getting Started Content] INFO  o.e.m.c.i.e.AbstractTransferListenerAdapter - Downloaded https://repo.maven.apache.org/maven2/com/google/guava/guava-parent/14.0.1/guava-parent-14.0.1.pom
2025-10-14 11:00:11,636 [Worker-80: Import Getting Started Content] INFO  o.e.m.c.i.e.AbstractTransferListenerAdapter - Downloading https://repo.maven.apache.org/maven2/com/google/code/gson/gson/2.13.2/gson-2.13.2.pom
2025-10-14 11:00:11,669 [Worker-80: Import Getting Started Content] INFO  o.e.m.c.i.e.AbstractTransferListenerAdapter - Downloaded https://repo.maven.apache.org/maven2/com/google/code/gson/gson/2.13.2/gson-2.13.2.pom
2025-10-14 11:00:11,786 [Worker-80: Import Getting Started Content] INFO  o.e.m.c.i.e.AbstractTransferListenerAdapter - Downloading https://repo.maven.apache.org/maven2/com/google/code/gson/gson-parent/2.13.2/gson-parent-2.13.2.pom
2025-10-14 11:00:11,827 [Worker-80: Import Getting Started Content] INFO  o.e.m.c.i.e.AbstractTransferListenerAdapter - Downloaded https://repo.maven.apache.org/maven2/com/google/code/gson/gson-parent/2.13.2/gson-parent-2.13.2.pom
2025-10-14 11:00:11,967 [Worker-80: Import Getting Started Content] INFO  o.e.m.c.i.e.AbstractTransferListenerAdapter - Downloading https://repo.maven.apache.org/maven2/com/google/errorprone/error_prone_annotations/2.41.0/error_prone_annotations-2.41.0.pom
2025-10-14 11:00:12,024 [Worker-80: Import Getting Started Content] INFO  o.e.m.c.i.e.AbstractTransferListenerAdapter - Downloaded https://repo.maven.apache.org/maven2/com/google/errorprone/error_prone_annotations/2.41.0/error_prone_annotations-2.41.0.pom
2025-10-14 11:00:12,153 [Worker-80: Import Getting Started Content] INFO  o.e.m.c.i.e.AbstractTransferListenerAdapter - Downloading https://repo.maven.apache.org/maven2/com/google/errorprone/error_prone_parent/2.41.0/error_prone_parent-2.41.0.pom
2025-10-14 11:00:12,208 [Worker-80: Import Getting Started Content] INFO  o.e.m.c.i.e.AbstractTransferListenerAdapter - Downloaded https://repo.maven.apache.org/maven2/com/google/errorprone/error_prone_parent/2.41.0/error_prone_parent-2.41.0.pom
2025-10-14 11:00:12,335 [Worker-80: Import Getting Started Content] INFO  o.e.m.c.i.e.AbstractTransferListenerAdapter - Downloading https://repo.maven.apache.org/maven2/com/netflix/servo/servo-core/0.5.3/servo-core-0.5.3.pom
2025-10-14 11:00:12,384 [Worker-80: Import Getting Started Content] INFO  o.e.m.c.i.e.AbstractTransferListenerAdapter - Downloaded https://repo.maven.apache.org/maven2/com/netflix/servo/servo-core/0.5.3/servo-core-0.5.3.pom
2025-10-14 11:00:12,517 [Worker-80: Import Getting Started Content] INFO  o.e.m.c.i.e.AbstractTransferListenerAdapter - Downloading https://repo.maven.apache.org/maven2/org/apache/commons/commons-math/2.2/commons-math-2.2.pom
2025-10-14 11:00:12,556 [Worker-80: Import Getting Started Content] INFO  o.e.m.c.i.e.AbstractTransferListenerAdapter - Downloaded https://repo.maven.apache.org/maven2/org/apache/commons/commons-math/2.2/commons-math-2.2.pom
2025-10-14 11:00:12,663 [Worker-80: Import Getting Started Content] INFO  o.e.m.c.i.e.AbstractTransferListenerAdapter - Downloading https://repo.maven.apache.org/maven2/org/apache/commons/commons-parent/18/commons-parent-18.pom
2025-10-14 11:00:12,708 [Worker-80: Import Getting Started Content] INFO  o.e.m.c.i.e.AbstractTransferListenerAdapter - Downloaded https://repo.maven.apache.org/maven2/org/apache/commons/commons-parent/18/commons-parent-18.pom
2025-10-14 11:00:12,938 [Worker-80: Import Getting Started Content] INFO  o.e.m.c.i.e.AbstractTransferListenerAdapter - Downloading https://repo.maven.apache.org/maven2/org/codehaus/jettison/jettison/1.5.4/jettison-1.5.4.pom
2025-10-14 11:00:12,993 [Worker-80: Import Getting Started Content] INFO  o.e.m.c.i.e.AbstractTransferListenerAdapter - Downloaded https://repo.maven.apache.org/maven2/org/codehaus/jettison/jettison/1.5.4/jettison-1.5.4.pom
2025-10-14 11:00:13,246 [Worker-80: Import Getting Started Content] INFO  o.e.m.c.i.e.AbstractTransferListenerAdapter - Downloading https://repo.maven.apache.org/maven2/org/apache/httpcomponents/core5/httpcore5/5.3.5/httpcore5-5.3.5.pom
2025-10-14 11:00:13,286 [Worker-80: Import Getting Started Content] INFO  o.e.m.c.i.e.AbstractTransferListenerAdapter - Downloaded https://repo.maven.apache.org/maven2/org/apache/httpcomponents/core5/httpcore5/5.3.5/httpcore5-5.3.5.pom
2025-10-14 11:00:13,417 [Worker-80: Import Getting Started Content] INFO  o.e.m.c.i.e.AbstractTransferListenerAdapter - Downloading https://repo.maven.apache.org/maven2/org/apache/httpcomponents/core5/httpcore5-parent/5.3.5/httpcore5-parent-5.3.5.pom
2025-10-14 11:00:13,463 [Worker-80: Import Getting Started Content] INFO  o.e.m.c.i.e.AbstractTransferListenerAdapter - Downloaded https://repo.maven.apache.org/maven2/org/apache/httpcomponents/core5/httpcore5-parent/5.3.5/httpcore5-parent-5.3.5.pom
2025-10-14 11:00:13,611 [Worker-80: Import Getting Started Content] INFO  o.e.m.c.i.e.AbstractTransferListenerAdapter - Downloading https://repo.maven.apache.org/maven2/org/apache/httpcomponents/core5/httpcore5-h2/5.3.5/httpcore5-h2-5.3.5.pom
2025-10-14 11:00:13,652 [Worker-80: Import Getting Started Content] INFO  o.e.m.c.i.e.AbstractTransferListenerAdapter - Downloaded https://repo.maven.apache.org/maven2/org/apache/httpcomponents/core5/httpcore5-h2/5.3.5/httpcore5-h2-5.3.5.pom
2025-10-14 11:00:13,811 [Worker-80: Import Getting Started Content] INFO  o.e.m.c.i.e.AbstractTransferListenerAdapter - Downloading https://repo.maven.apache.org/maven2/com/netflix/eureka/eureka-client-jersey3/2.0.4/eureka-client-jersey3-2.0.4.pom
2025-10-14 11:00:13,851 [Worker-80: Import Getting Started Content] INFO  o.e.m.c.i.e.AbstractTransferListenerAdapter - Downloaded https://repo.maven.apache.org/maven2/com/netflix/eureka/eureka-client-jersey3/2.0.4/eureka-client-jersey3-2.0.4.pom
2025-10-14 11:00:14,029 [Worker-80: Import Getting Started Content] INFO  o.e.m.c.i.e.AbstractTransferListenerAdapter - Downloading https://repo.maven.apache.org/maven2/org/glassfish/jersey/core/jersey-client/3.1.11/jersey-client-3.1.11.pom
2025-10-14 11:00:14,071 [Worker-80: Import Getting Started Content] INFO  o.e.m.c.i.e.AbstractTransferListenerAdapter - Downloaded https://repo.maven.apache.org/maven2/org/glassfish/jersey/core/jersey-client/3.1.11/jersey-client-3.1.11.pom
2025-10-14 11:00:14,214 [Worker-80: Import Getting Started Content] INFO  o.e.m.c.i.e.AbstractTransferListenerAdapter - Downloading https://repo.maven.apache.org/maven2/org/glassfish/jersey/project/3.1.11/project-3.1.11.pom
2025-10-14 11:00:14,258 [Worker-80: Import Getting Started Content] INFO  o.e.m.c.i.e.AbstractTransferListenerAdapter - Downloaded https://repo.maven.apache.org/maven2/org/glassfish/jersey/project/3.1.11/project-3.1.11.pom
2025-10-14 11:00:14,369 [Worker-80: Import Getting Started Content] INFO  o.e.m.c.i.e.AbstractTransferListenerAdapter - Downloading https://repo.maven.apache.org/maven2/org/glassfish/jersey/core/jersey-common/3.1.11/jersey-common-3.1.11.pom
2025-10-14 11:00:14,416 [Worker-80: Import Getting Started Content] INFO  o.e.m.c.i.e.AbstractTransferListenerAdapter - Downloaded https://repo.maven.apache.org/maven2/org/glassfish/jersey/core/jersey-common/3.1.11/jersey-common-3.1.11.pom
2025-10-14 11:00:14,567 [Worker-80: Import Getting Started Content] INFO  o.e.m.c.i.e.AbstractTransferListenerAdapter - Downloading https://repo.maven.apache.org/maven2/org/glassfish/hk2/osgi-resource-locator/1.0.3/osgi-resource-locator-1.0.3.pom
2025-10-14 11:00:14,623 [Worker-80: Import Getting Started Content] INFO  o.e.m.c.i.e.AbstractTransferListenerAdapter - Downloaded https://repo.maven.apache.org/maven2/org/glassfish/hk2/osgi-resource-locator/1.0.3/osgi-resource-locator-1.0.3.pom
2025-10-14 11:00:14,854 [Worker-80: Import Getting Started Content] INFO  o.e.m.c.i.e.AbstractTransferListenerAdapter - Downloading https://repo.maven.apache.org/maven2/org/glassfish/jersey/inject/jersey-hk2/3.1.11/jersey-hk2-3.1.11.pom
2025-10-14 11:00:14,921 [Worker-80: Import Getting Started Content] INFO  o.e.m.c.i.e.AbstractTransferListenerAdapter - Downloaded https://repo.maven.apache.org/maven2/org/glassfish/jersey/inject/jersey-hk2/3.1.11/jersey-hk2-3.1.11.pom
2025-10-14 11:00:15,063 [Worker-80: Import Getting Started Content] INFO  o.e.m.c.i.e.AbstractTransferListenerAdapter - Downloading https://repo.maven.apache.org/maven2/org/glassfish/jersey/inject/project/3.1.11/project-3.1.11.pom
2025-10-14 11:00:15,096 [Worker-80: Import Getting Started Content] INFO  o.e.m.c.i.e.AbstractTransferListenerAdapter - Downloaded https://repo.maven.apache.org/maven2/org/glassfish/jersey/inject/project/3.1.11/project-3.1.11.pom
2025-10-14 11:00:15,196 [Worker-80: Import Getting Started Content] INFO  o.e.m.c.i.e.AbstractTransferListenerAdapter - Downloading https://repo.maven.apache.org/maven2/org/glassfish/hk2/hk2-locator/3.0.6/hk2-locator-3.0.6.pom
2025-10-14 11:00:15,236 [Worker-80: Import Getting Started Content] INFO  o.e.m.c.i.e.AbstractTransferListenerAdapter - Downloaded https://repo.maven.apache.org/maven2/org/glassfish/hk2/hk2-locator/3.0.6/hk2-locator-3.0.6.pom
2025-10-14 11:00:15,348 [Worker-80: Import Getting Started Content] INFO  o.e.m.c.i.e.AbstractTransferListenerAdapter - Downloading https://repo.maven.apache.org/maven2/org/glassfish/hk2/hk2-parent/3.0.6/hk2-parent-3.0.6.pom
2025-10-14 11:00:15,393 [Worker-80: Import Getting Started Content] INFO  o.e.m.c.i.e.AbstractTransferListenerAdapter - Downloaded https://repo.maven.apache.org/maven2/org/glassfish/hk2/hk2-parent/3.0.6/hk2-parent-3.0.6.pom
2025-10-14 11:00:15,529 [Worker-80: Import Getting Started Content] INFO  o.e.m.c.i.e.AbstractTransferListenerAdapter - Downloading https://repo.maven.apache.org/maven2/org/glassfish/hk2/external/aopalliance-repackaged/3.0.6/aopalliance-repackaged-3.0.6.pom
2025-10-14 11:00:15,577 [Worker-80: Import Getting Started Content] INFO  o.e.m.c.i.e.AbstractTransferListenerAdapter - Downloaded https://repo.maven.apache.org/maven2/org/glassfish/hk2/external/aopalliance-repackaged/3.0.6/aopalliance-repackaged-3.0.6.pom
2025-10-14 11:00:15,698 [Worker-80: Import Getting Started Content] INFO  o.e.m.c.i.e.AbstractTransferListenerAdapter - Downloading https://repo.maven.apache.org/maven2/org/glassfish/hk2/external/3.0.6/external-3.0.6.pom
2025-10-14 11:00:15,754 [Worker-80: Import Getting Started Content] INFO  o.e.m.c.i.e.AbstractTransferListenerAdapter - Downloaded https://repo.maven.apache.org/maven2/org/glassfish/hk2/external/3.0.6/external-3.0.6.pom
2025-10-14 11:00:15,893 [Worker-80: Import Getting Started Content] INFO  o.e.m.c.i.e.AbstractTransferListenerAdapter - Downloading https://repo.maven.apache.org/maven2/org/glassfish/hk2/hk2-api/3.0.6/hk2-api-3.0.6.pom
2025-10-14 11:00:15,954 [Worker-80: Import Getting Started Content] INFO  o.e.m.c.i.e.AbstractTransferListenerAdapter - Downloaded https://repo.maven.apache.org/maven2/org/glassfish/hk2/hk2-api/3.0.6/hk2-api-3.0.6.pom
2025-10-14 11:00:16,111 [Worker-80: Import Getting Started Content] INFO  o.e.m.c.i.e.AbstractTransferListenerAdapter - Downloading https://repo.maven.apache.org/maven2/org/glassfish/hk2/hk2-utils/3.0.6/hk2-utils-3.0.6.pom
2025-10-14 11:00:16,143 [Worker-80: Import Getting Started Content] INFO  o.e.m.c.i.e.AbstractTransferListenerAdapter - Downloaded https://repo.maven.apache.org/maven2/org/glassfish/hk2/hk2-utils/3.0.6/hk2-utils-3.0.6.pom
2025-10-14 11:00:16,253 [Worker-80: Import Getting Started Content] INFO  o.e.m.c.i.e.AbstractTransferListenerAdapter - Downloading https://repo.maven.apache.org/maven2/org/javassist/javassist/3.30.2-GA/javassist-3.30.2-GA.pom
2025-10-14 11:00:16,292 [Worker-80: Import Getting Started Content] INFO  o.e.m.c.i.e.AbstractTransferListenerAdapter - Downloaded https://repo.maven.apache.org/maven2/org/javassist/javassist/3.30.2-GA/javassist-3.30.2-GA.pom
2025-10-14 11:00:16,415 [Worker-80: Import Getting Started Content] INFO  o.e.m.c.i.e.AbstractTransferListenerAdapter - Downloading https://repo.maven.apache.org/maven2/org/glassfish/jersey/connectors/jersey-apache-connector/3.1.11/jersey-apache-connector-3.1.11.pom
2025-10-14 11:00:16,461 [Worker-80: Import Getting Started Content] INFO  o.e.m.c.i.e.AbstractTransferListenerAdapter - Downloaded https://repo.maven.apache.org/maven2/org/glassfish/jersey/connectors/jersey-apache-connector/3.1.11/jersey-apache-connector-3.1.11.pom
2025-10-14 11:00:16,585 [Worker-80: Import Getting Started Content] INFO  o.e.m.c.i.e.AbstractTransferListenerAdapter - Downloading https://repo.maven.apache.org/maven2/org/glassfish/jersey/connectors/project/3.1.11/project-3.1.11.pom
2025-10-14 11:00:16,621 [Worker-80: Import Getting Started Content] INFO  o.e.m.c.i.e.AbstractTransferListenerAdapter - Downloaded https://repo.maven.apache.org/maven2/org/glassfish/jersey/connectors/project/3.1.11/project-3.1.11.pom
2025-10-14 11:00:16,728 [Worker-80: Import Getting Started Content] INFO  o.e.m.c.i.e.AbstractTransferListenerAdapter - Downloading https://repo.maven.apache.org/maven2/org/apache/httpcomponents/httpclient/4.5.14/httpclient-4.5.14.pom
2025-10-14 11:00:16,767 [Worker-80: Import Getting Started Content] INFO  o.e.m.c.i.e.AbstractTransferListenerAdapter - Downloaded https://repo.maven.apache.org/maven2/org/apache/httpcomponents/httpclient/4.5.14/httpclient-4.5.14.pom
2025-10-14 11:00:16,869 [Worker-80: Import Getting Started Content] INFO  o.e.m.c.i.e.AbstractTransferListenerAdapter - Downloading https://repo.maven.apache.org/maven2/org/apache/httpcomponents/httpcomponents-client/4.5.14/httpcomponents-client-4.5.14.pom
2025-10-14 11:00:16,913 [Worker-80: Import Getting Started Content] INFO  o.e.m.c.i.e.AbstractTransferListenerAdapter - Downloaded https://repo.maven.apache.org/maven2/org/apache/httpcomponents/httpcomponents-client/4.5.14/httpcomponents-client-4.5.14.pom
2025-10-14 11:00:17,021 [Worker-80: Import Getting Started Content] INFO  o.e.m.c.i.e.AbstractTransferListenerAdapter - Downloading https://repo.maven.apache.org/maven2/com/netflix/eureka/eureka-core-jersey3/2.0.4/eureka-core-jersey3-2.0.4.pom
2025-10-14 11:00:17,073 [Worker-80: Import Getting Started Content] INFO  o.e.m.c.i.e.AbstractTransferListenerAdapter - Downloaded https://repo.maven.apache.org/maven2/com/netflix/eureka/eureka-core-jersey3/2.0.4/eureka-core-jersey3-2.0.4.pom
2025-10-14 11:00:17,215 [Worker-80: Import Getting Started Content] INFO  o.e.m.c.i.e.AbstractTransferListenerAdapter - Downloading https://repo.maven.apache.org/maven2/com/netflix/eureka/eureka-core/2.0.4/eureka-core-2.0.4.pom
2025-10-14 11:00:17,277 [Worker-80: Import Getting Started Content] INFO  o.e.m.c.i.e.AbstractTransferListenerAdapter - Downloaded https://repo.maven.apache.org/maven2/com/netflix/eureka/eureka-core/2.0.4/eureka-core-2.0.4.pom
2025-10-14 11:00:17,380 [Worker-80: Import Getting Started Content] INFO  o.e.m.c.i.e.AbstractTransferListenerAdapter - Downloading https://repo.maven.apache.org/maven2/com/fasterxml/woodstox/woodstox-core/6.4.0/woodstox-core-6.4.0.pom
2025-10-14 11:00:17,438 [Worker-80: Import Getting Started Content] INFO  o.e.m.c.i.e.AbstractTransferListenerAdapter - Downloaded https://repo.maven.apache.org/maven2/com/fasterxml/woodstox/woodstox-core/6.4.0/woodstox-core-6.4.0.pom
2025-10-14 11:00:17,569 [Worker-80: Import Getting Started Content] INFO  o.e.m.c.i.e.AbstractTransferListenerAdapter - Downloading https://repo.maven.apache.org/maven2/com/fasterxml/oss-parent/45/oss-parent-45.pom
2025-10-14 11:00:17,621 [Worker-80: Import Getting Started Content] INFO  o.e.m.c.i.e.AbstractTransferListenerAdapter - Downloaded https://repo.maven.apache.org/maven2/com/fasterxml/oss-parent/45/oss-parent-45.pom
2025-10-14 11:00:17,759 [Worker-80: Import Getting Started Content] INFO  o.e.m.c.i.e.AbstractTransferListenerAdapter - Downloading https://repo.maven.apache.org/maven2/org/codehaus/woodstox/stax2-api/4.2.1/stax2-api-4.2.1.pom
2025-10-14 11:00:17,799 [Worker-80: Import Getting Started Content] INFO  o.e.m.c.i.e.AbstractTransferListenerAdapter - Downloaded https://repo.maven.apache.org/maven2/org/codehaus/woodstox/stax2-api/4.2.1/stax2-api-4.2.1.pom
2025-10-14 11:00:17,917 [Worker-80: Import Getting Started Content] INFO  o.e.m.c.i.e.AbstractTransferListenerAdapter - Downloading https://repo.maven.apache.org/maven2/com/fasterxml/oss-parent/38/oss-parent-38.pom
2025-10-14 11:00:17,958 [Worker-80: Import Getting Started Content] INFO  o.e.m.c.i.e.AbstractTransferListenerAdapter - Downloaded https://repo.maven.apache.org/maven2/com/fasterxml/oss-parent/38/oss-parent-38.pom
2025-10-14 11:00:18,057 [Worker-80: Import Getting Started Content] INFO  o.e.m.c.i.e.AbstractTransferListenerAdapter - Downloading https://repo.maven.apache.org/maven2/com/google/guava/guava/33.0.0-jre/guava-33.0.0-jre.pom
2025-10-14 11:00:18,095 [Worker-80: Import Getting Started Content] INFO  o.e.m.c.i.e.AbstractTransferListenerAdapter - Downloaded https://repo.maven.apache.org/maven2/com/google/guava/guava/33.0.0-jre/guava-33.0.0-jre.pom
2025-10-14 11:00:18,189 [Worker-80: Import Getting Started Content] INFO  o.e.m.c.i.e.AbstractTransferListenerAdapter - Downloading https://repo.maven.apache.org/maven2/com/google/guava/guava-parent/33.0.0-jre/guava-parent-33.0.0-jre.pom
2025-10-14 11:00:18,228 [Worker-80: Import Getting Started Content] INFO  o.e.m.c.i.e.AbstractTransferListenerAdapter - Downloaded https://repo.maven.apache.org/maven2/com/google/guava/guava-parent/33.0.0-jre/guava-parent-33.0.0-jre.pom
2025-10-14 11:00:18,329 [Worker-80: Import Getting Started Content] INFO  o.e.m.c.i.e.AbstractTransferListenerAdapter - Downloading https://repo.maven.apache.org/maven2/com/google/guava/failureaccess/1.0.2/failureaccess-1.0.2.pom
2025-10-14 11:00:18,359 [Worker-80: Import Getting Started Content] INFO  o.e.m.c.i.e.AbstractTransferListenerAdapter - Downloaded https://repo.maven.apache.org/maven2/com/google/guava/failureaccess/1.0.2/failureaccess-1.0.2.pom
2025-10-14 11:00:18,580 [Worker-80: Import Getting Started Content] INFO  o.e.m.c.i.e.AbstractTransferListenerAdapter - Downloading https://repo.maven.apache.org/maven2/org/checkerframework/checker-qual/3.41.0/checker-qual-3.41.0.pom
2025-10-14 11:00:18,627 [Worker-80: Import Getting Started Content] INFO  o.e.m.c.i.e.AbstractTransferListenerAdapter - Downloaded https://repo.maven.apache.org/maven2/org/checkerframework/checker-qual/3.41.0/checker-qual-3.41.0.pom
2025-10-14 11:00:18,749 [Worker-80: Import Getting Started Content] INFO  o.e.m.c.i.e.AbstractTransferListenerAdapter - Downloading https://repo.maven.apache.org/maven2/com/google/errorprone/error_prone_annotations/2.23.0/error_prone_annotations-2.23.0.pom
2025-10-14 11:00:18,796 [Worker-80: Import Getting Started Content] INFO  o.e.m.c.i.e.AbstractTransferListenerAdapter - Downloaded https://repo.maven.apache.org/maven2/com/google/errorprone/error_prone_annotations/2.23.0/error_prone_annotations-2.23.0.pom
2025-10-14 11:00:18,912 [Worker-80: Import Getting Started Content] INFO  o.e.m.c.i.e.AbstractTransferListenerAdapter - Downloading https://repo.maven.apache.org/maven2/com/google/errorprone/error_prone_parent/2.23.0/error_prone_parent-2.23.0.pom
2025-10-14 11:00:18,971 [Worker-80: Import Getting Started Content] INFO  o.e.m.c.i.e.AbstractTransferListenerAdapter - Downloaded https://repo.maven.apache.org/maven2/com/google/errorprone/error_prone_parent/2.23.0/error_prone_parent-2.23.0.pom
2025-10-14 11:00:19,087 [Worker-80: Import Getting Started Content] INFO  o.e.m.c.i.e.AbstractTransferListenerAdapter - Downloading https://repo.maven.apache.org/maven2/com/google/j2objc/j2objc-annotations/2.8/j2objc-annotations-2.8.pom
2025-10-14 11:00:19,142 [Worker-80: Import Getting Started Content] INFO  o.e.m.c.i.e.AbstractTransferListenerAdapter - Downloaded https://repo.maven.apache.org/maven2/com/google/j2objc/j2objc-annotations/2.8/j2objc-annotations-2.8.pom
2025-10-14 11:00:19,273 [Worker-80: Import Getting Started Content] INFO  o.e.m.c.i.e.AbstractTransferListenerAdapter - Downloading https://repo.maven.apache.org/maven2/commons-logging/commons-logging/1.3.5/commons-logging-1.3.5.pom
2025-10-14 11:00:19,313 [Worker-80: Import Getting Started Content] INFO  o.e.m.c.i.e.AbstractTransferListenerAdapter - Downloaded https://repo.maven.apache.org/maven2/commons-logging/commons-logging/1.3.5/commons-logging-1.3.5.pom
2025-10-14 11:00:19,481 [Worker-80: Import Getting Started Content] INFO  o.e.m.c.i.e.AbstractTransferListenerAdapter - Downloading https://repo.maven.apache.org/maven2/org/glassfish/jersey/containers/jersey-container-servlet/3.1.11/jersey-container-servlet-3.1.11.pom
2025-10-14 11:00:19,522 [Worker-80: Import Getting Started Content] INFO  o.e.m.c.i.e.AbstractTransferListenerAdapter - Downloaded https://repo.maven.apache.org/maven2/org/glassfish/jersey/containers/jersey-container-servlet/3.1.11/jersey-container-servlet-3.1.11.pom
2025-10-14 11:00:19,630 [Worker-80: Import Getting Started Content] INFO  o.e.m.c.i.e.AbstractTransferListenerAdapter - Downloading https://repo.maven.apache.org/maven2/org/glassfish/jersey/containers/project/3.1.11/project-3.1.11.pom
2025-10-14 11:00:19,668 [Worker-80: Import Getting Started Content] INFO  o.e.m.c.i.e.AbstractTransferListenerAdapter - Downloaded https://repo.maven.apache.org/maven2/org/glassfish/jersey/containers/project/3.1.11/project-3.1.11.pom
2025-10-14 11:00:19,813 [Worker-80: Import Getting Started Content] INFO  o.e.m.c.i.e.AbstractTransferListenerAdapter - Downloading https://repo.maven.apache.org/maven2/org/glassfish/jersey/containers/jersey-container-servlet-core/3.1.11/jersey-container-servlet-core-3.1.11.pom
2025-10-14 11:00:19,855 [Worker-80: Import Getting Started Content] INFO  o.e.m.c.i.e.AbstractTransferListenerAdapter - Downloaded https://repo.maven.apache.org/maven2/org/glassfish/jersey/containers/jersey-container-servlet-core/3.1.11/jersey-container-servlet-core-3.1.11.pom
2025-10-14 11:00:19,994 [Worker-80: Import Getting Started Content] INFO  o.e.m.c.i.e.AbstractTransferListenerAdapter - Downloading https://repo.maven.apache.org/maven2/org/glassfish/jersey/core/jersey-server/3.1.11/jersey-server-3.1.11.pom
2025-10-14 11:00:20,034 [Worker-80: Import Getting Started Content] INFO  o.e.m.c.i.e.AbstractTransferListenerAdapter - Downloaded https://repo.maven.apache.org/maven2/org/glassfish/jersey/core/jersey-server/3.1.11/jersey-server-3.1.11.pom
2025-10-14 11:00:20,187 [Worker-80: Import Getting Started Content] INFO  o.e.m.c.i.e.AbstractTransferListenerAdapter - Downloading https://repo.maven.apache.org/maven2/org/glassfish/hk2/spring-bridge/3.1.1/spring-bridge-3.1.1.pom
2025-10-14 11:00:20,226 [Worker-80: Import Getting Started Content] INFO  o.e.m.c.i.e.AbstractTransferListenerAdapter - Downloaded https://repo.maven.apache.org/maven2/org/glassfish/hk2/spring-bridge/3.1.1/spring-bridge-3.1.1.pom
2025-10-14 11:00:20,346 [Worker-80: Import Getting Started Content] INFO  o.e.m.c.i.e.AbstractTransferListenerAdapter - Downloading https://repo.maven.apache.org/maven2/org/glassfish/hk2/hk2-parent/3.1.1/hk2-parent-3.1.1.pom
2025-10-14 11:00:20,401 [Worker-80: Import Getting Started Content] INFO  o.e.m.c.i.e.AbstractTransferListenerAdapter - Downloaded https://repo.maven.apache.org/maven2/org/glassfish/hk2/hk2-parent/3.1.1/hk2-parent-3.1.1.pom
2025-10-14 11:00:20,538 [Worker-80: Import Getting Started Content] INFO  o.e.m.c.i.e.AbstractTransferListenerAdapter - Downloading https://repo.maven.apache.org/maven2/org/glassfish/hk2/hk2-api/3.1.1/hk2-api-3.1.1.pom
2025-10-14 11:00:20,591 [Worker-80: Import Getting Started Content] INFO  o.e.m.c.i.e.AbstractTransferListenerAdapter - Downloaded https://repo.maven.apache.org/maven2/org/glassfish/hk2/hk2-api/3.1.1/hk2-api-3.1.1.pom
2025-10-14 11:00:20,741 [Worker-80: Import Getting Started Content] INFO  o.e.m.c.i.e.AbstractTransferListenerAdapter - Downloading https://repo.maven.apache.org/maven2/com/fasterxml/jackson/dataformat/jackson-dataformat-xml/2.19.2/jackson-dataformat-xml-2.19.2.pom
2025-10-14 11:00:20,799 [Worker-80: Import Getting Started Content] INFO  o.e.m.c.i.e.AbstractTransferListenerAdapter - Downloaded https://repo.maven.apache.org/maven2/com/fasterxml/jackson/dataformat/jackson-dataformat-xml/2.19.2/jackson-dataformat-xml-2.19.2.pom
2025-10-14 11:00:20,961 [Worker-80: Import Getting Started Content] INFO  o.e.m.c.i.e.AbstractTransferListenerAdapter - Downloading https://repo.maven.apache.org/maven2/org/codehaus/woodstox/stax2-api/4.2.2/stax2-api-4.2.2.pom
2025-10-14 11:00:21,021 [Worker-80: Import Getting Started Content] INFO  o.e.m.c.i.e.AbstractTransferListenerAdapter - Downloaded https://repo.maven.apache.org/maven2/org/codehaus/woodstox/stax2-api/4.2.2/stax2-api-4.2.2.pom
2025-10-14 11:00:21,135 [Worker-80: Import Getting Started Content] INFO  o.e.m.c.i.e.AbstractTransferListenerAdapter - Downloading https://repo.maven.apache.org/maven2/com/fasterxml/oss-parent/55/oss-parent-55.pom
2025-10-14 11:00:21,207 [Worker-80: Import Getting Started Content] INFO  o.e.m.c.i.e.AbstractTransferListenerAdapter - Downloaded https://repo.maven.apache.org/maven2/com/fasterxml/oss-parent/55/oss-parent-55.pom
2025-10-14 11:00:21,316 [Worker-80: Import Getting Started Content] INFO  o.e.m.c.i.e.AbstractTransferListenerAdapter - Downloading https://repo.maven.apache.org/maven2/com/fasterxml/woodstox/woodstox-core/7.1.1/woodstox-core-7.1.1.pom
2025-10-14 11:00:21,361 [Worker-80: Import Getting Started Content] INFO  o.e.m.c.i.e.AbstractTransferListenerAdapter - Downloaded https://repo.maven.apache.org/maven2/com/fasterxml/woodstox/woodstox-core/7.1.1/woodstox-core-7.1.1.pom
2025-10-14 11:00:21,539 [Worker-80: Import Getting Started Content] INFO  o.e.m.c.i.e.AbstractTransferListenerAdapter - Downloading https://repo.maven.apache.org/maven2/org/springframework/cloud/spring-cloud-starter-loadbalancer/4.3.0/spring-cloud-starter-loadbalancer-4.3.0.pom
2025-10-14 11:00:21,608 [Worker-80: Import Getting Started Content] INFO  o.e.m.c.i.e.AbstractTransferListenerAdapter - Downloaded https://repo.maven.apache.org/maven2/org/springframework/cloud/spring-cloud-starter-loadbalancer/4.3.0/spring-cloud-starter-loadbalancer-4.3.0.pom
2025-10-14 11:00:21,748 [Worker-80: Import Getting Started Content] INFO  o.e.m.c.i.e.AbstractTransferListenerAdapter - Downloading https://repo.maven.apache.org/maven2/org/springframework/cloud/spring-cloud-loadbalancer/4.3.0/spring-cloud-loadbalancer-4.3.0.pom
2025-10-14 11:00:21,803 [Worker-80: Import Getting Started Content] INFO  o.e.m.c.i.e.AbstractTransferListenerAdapter - Downloaded https://repo.maven.apache.org/maven2/org/springframework/cloud/spring-cloud-loadbalancer/4.3.0/spring-cloud-loadbalancer-4.3.0.pom
2025-10-14 11:00:21,952 [Worker-80: Import Getting Started Content] INFO  o.e.m.c.i.e.AbstractTransferListenerAdapter - Downloading https://repo.maven.apache.org/maven2/io/projectreactor/reactor-core/3.7.11/reactor-core-3.7.11.pom
2025-10-14 11:00:22,008 [Worker-80: Import Getting Started Content] INFO  o.e.m.c.i.e.AbstractTransferListenerAdapter - Downloaded https://repo.maven.apache.org/maven2/io/projectreactor/reactor-core/3.7.11/reactor-core-3.7.11.pom
2025-10-14 11:00:22,156 [Worker-80: Import Getting Started Content] INFO  o.e.m.c.i.e.AbstractTransferListenerAdapter - Downloading https://repo.maven.apache.org/maven2/org/reactivestreams/reactive-streams/1.0.4/reactive-streams-1.0.4.pom
2025-10-14 11:00:22,212 [Worker-80: Import Getting Started Content] INFO  o.e.m.c.i.e.AbstractTransferListenerAdapter - Downloaded https://repo.maven.apache.org/maven2/org/reactivestreams/reactive-streams/1.0.4/reactive-streams-1.0.4.pom
2025-10-14 11:00:22,353 [Worker-80: Import Getting Started Content] INFO  o.e.m.c.i.e.AbstractTransferListenerAdapter - Downloading https://repo.maven.apache.org/maven2/io/projectreactor/addons/reactor-extra/3.5.3/reactor-extra-3.5.3.pom
2025-10-14 11:00:22,398 [Worker-80: Import Getting Started Content] INFO  o.e.m.c.i.e.AbstractTransferListenerAdapter - Downloaded https://repo.maven.apache.org/maven2/io/projectreactor/addons/reactor-extra/3.5.3/reactor-extra-3.5.3.pom
2025-10-14 11:00:22,536 [Worker-80: Import Getting Started Content] INFO  o.e.m.c.i.e.AbstractTransferListenerAdapter - Downloading https://repo.maven.apache.org/maven2/org/springframework/boot/spring-boot-starter-cache/3.5.6/spring-boot-starter-cache-3.5.6.pom
2025-10-14 11:00:22,578 [Worker-80: Import Getting Started Content] INFO  o.e.m.c.i.e.AbstractTransferListenerAdapter - Downloaded https://repo.maven.apache.org/maven2/org/springframework/boot/spring-boot-starter-cache/3.5.6/spring-boot-starter-cache-3.5.6.pom
2025-10-14 11:00:22,683 [Worker-80: Import Getting Started Content] INFO  o.e.m.c.i.e.AbstractTransferListenerAdapter - Downloading https://repo.maven.apache.org/maven2/com/stoyanr/evictor/1.0.0/evictor-1.0.0.pom
2025-10-14 11:00:22,713 [Worker-80: Import Getting Started Content] INFO  o.e.m.c.i.e.AbstractTransferListenerAdapter - Downloaded https://repo.maven.apache.org/maven2/com/stoyanr/evictor/1.0.0/evictor-1.0.0.pom
2025-10-14 11:00:26,628 [Worker-80: Import Getting Started Content] INFO  o.e.m.c.i.e.AbstractTransferListenerAdapter - Downloading https://repo.maven.apache.org/maven2/org/springframework/cloud/spring-cloud-starter-netflix-eureka-server/4.3.0/spring-cloud-starter-netflix-eureka-server-4.3.0.jar
2025-10-14 11:00:26,668 [Worker-80: Import Getting Started Content] INFO  o.e.m.c.i.e.AbstractTransferListenerAdapter - Downloaded https://repo.maven.apache.org/maven2/org/springframework/cloud/spring-cloud-starter-netflix-eureka-server/4.3.0/spring-cloud-starter-netflix-eureka-server-4.3.0.jar
2025-10-14 11:00:26,743 [BasicRepositoryConnector-repo.maven.apache.org-1-0] INFO  o.e.m.c.i.e.AbstractTransferListenerAdapter - Downloading https://repo.maven.apache.org/maven2/org/springframework/cloud/spring-cloud-starter/4.3.0/spring-cloud-starter-4.3.0.jar
2025-10-14 11:00:26,805 [BasicRepositoryConnector-repo.maven.apache.org-1-0] INFO  o.e.m.c.i.e.AbstractTransferListenerAdapter - Downloaded https://repo.maven.apache.org/maven2/org/springframework/cloud/spring-cloud-starter/4.3.0/spring-cloud-starter-4.3.0.jar
2025-10-14 11:00:26,878 [BasicRepositoryConnector-repo.maven.apache.org-1-2] INFO  o.e.m.c.i.e.AbstractTransferListenerAdapter - Downloading https://repo.maven.apache.org/maven2/org/springframework/cloud/spring-cloud-commons/4.3.0/spring-cloud-commons-4.3.0.jar
2025-10-14 11:00:26,912 [BasicRepositoryConnector-repo.maven.apache.org-1-0] INFO  o.e.m.c.i.e.AbstractTransferListenerAdapter - Downloading https://repo.maven.apache.org/maven2/org/springframework/boot/spring-boot-starter-actuator/3.5.6/spring-boot-starter-actuator-3.5.6.jar
2025-10-14 11:00:26,913 [BasicRepositoryConnector-repo.maven.apache.org-1-3] INFO  o.e.m.c.i.e.AbstractTransferListenerAdapter - Downloading https://repo.maven.apache.org/maven2/org/bouncycastle/bcprov-jdk18on/1.80/bcprov-jdk18on-1.80.jar
2025-10-14 11:00:26,925 [BasicRepositoryConnector-repo.maven.apache.org-1-4] INFO  o.e.m.c.i.e.AbstractTransferListenerAdapter - Downloading https://repo.maven.apache.org/maven2/org/springframework/cloud/spring-cloud-netflix-eureka-server/4.3.0/spring-cloud-netflix-eureka-server-4.3.0.jar
2025-10-14 11:00:26,951 [BasicRepositoryConnector-repo.maven.apache.org-1-0] INFO  o.e.m.c.i.e.AbstractTransferListenerAdapter - Downloaded https://repo.maven.apache.org/maven2/org/springframework/boot/spring-boot-starter-actuator/3.5.6/spring-boot-starter-actuator-3.5.6.jar
2025-10-14 11:00:26,988 [BasicRepositoryConnector-repo.maven.apache.org-1-1] INFO  o.e.m.c.i.e.AbstractTransferListenerAdapter - Downloading https://repo.maven.apache.org/maven2/org/springframework/cloud/spring-cloud-context/4.3.0/spring-cloud-context-4.3.0.jar
2025-10-14 11:00:27,134 [BasicRepositoryConnector-repo.maven.apache.org-1-0] INFO  o.e.m.c.i.e.AbstractTransferListenerAdapter - Downloading https://repo.maven.apache.org/maven2/org/springframework/boot/spring-boot-actuator-autoconfigure/3.5.6/spring-boot-actuator-autoconfigure-3.5.6.jar
2025-10-14 11:00:27,549 [BasicRepositoryConnector-repo.maven.apache.org-1-2] INFO  o.e.m.c.i.e.AbstractTransferListenerAdapter - Downloaded https://repo.maven.apache.org/maven2/org/springframework/cloud/spring-cloud-commons/4.3.0/spring-cloud-commons-4.3.0.jar
2025-10-14 11:00:27,579 [BasicRepositoryConnector-repo.maven.apache.org-1-1] INFO  o.e.m.c.i.e.AbstractTransferListenerAdapter - Downloaded https://repo.maven.apache.org/maven2/org/springframework/cloud/spring-cloud-context/4.3.0/spring-cloud-context-4.3.0.jar
2025-10-14 11:00:27,644 [BasicRepositoryConnector-repo.maven.apache.org-1-2] INFO  o.e.m.c.i.e.AbstractTransferListenerAdapter - Downloading https://repo.maven.apache.org/maven2/org/springframework/boot/spring-boot-actuator/3.5.6/spring-boot-actuator-3.5.6.jar
2025-10-14 11:00:27,647 [BasicRepositoryConnector-repo.maven.apache.org-1-0] INFO  o.e.m.c.i.e.AbstractTransferListenerAdapter - Downloaded https://repo.maven.apache.org/maven2/org/springframework/boot/spring-boot-actuator-autoconfigure/3.5.6/spring-boot-actuator-autoconfigure-3.5.6.jar
2025-10-14 11:00:27,661 [BasicRepositoryConnector-repo.maven.apache.org-1-4] INFO  o.e.m.c.i.e.AbstractTransferListenerAdapter - Downloaded https://repo.maven.apache.org/maven2/org/springframework/cloud/spring-cloud-netflix-eureka-server/4.3.0/spring-cloud-netflix-eureka-server-4.3.0.jar
2025-10-14 11:00:27,716 [BasicRepositoryConnector-repo.maven.apache.org-1-1] INFO  o.e.m.c.i.e.AbstractTransferListenerAdapter - Downloading https://repo.maven.apache.org/maven2/io/micrometer/micrometer-jakarta9/1.15.4/micrometer-jakarta9-1.15.4.jar
2025-10-14 11:00:27,735 [BasicRepositoryConnector-repo.maven.apache.org-1-0] INFO  o.e.m.c.i.e.AbstractTransferListenerAdapter - Downloading https://repo.maven.apache.org/maven2/io/micrometer/micrometer-core/1.15.4/micrometer-core-1.15.4.jar
2025-10-14 11:00:27,745 [BasicRepositoryConnector-repo.maven.apache.org-1-1] INFO  o.e.m.c.i.e.AbstractTransferListenerAdapter - Downloaded https://repo.maven.apache.org/maven2/io/micrometer/micrometer-jakarta9/1.15.4/micrometer-jakarta9-1.15.4.jar
2025-10-14 11:00:27,907 [BasicRepositoryConnector-repo.maven.apache.org-1-4] INFO  o.e.m.c.i.e.AbstractTransferListenerAdapter - Downloading https://repo.maven.apache.org/maven2/org/hdrhistogram/HdrHistogram/2.2.2/HdrHistogram-2.2.2.jar
2025-10-14 11:00:27,979 [BasicRepositoryConnector-repo.maven.apache.org-1-4] INFO  o.e.m.c.i.e.AbstractTransferListenerAdapter - Downloaded https://repo.maven.apache.org/maven2/org/hdrhistogram/HdrHistogram/2.2.2/HdrHistogram-2.2.2.jar
2025-10-14 11:00:28,078 [BasicRepositoryConnector-repo.maven.apache.org-1-1] INFO  o.e.m.c.i.e.AbstractTransferListenerAdapter - Downloading https://repo.maven.apache.org/maven2/org/latencyutils/LatencyUtils/2.0.3/LatencyUtils-2.0.3.jar
2025-10-14 11:00:28,123 [BasicRepositoryConnector-repo.maven.apache.org-1-1] INFO  o.e.m.c.i.e.AbstractTransferListenerAdapter - Downloaded https://repo.maven.apache.org/maven2/org/latencyutils/LatencyUtils/2.0.3/LatencyUtils-2.0.3.jar
2025-10-14 11:00:28,188 [BasicRepositoryConnector-repo.maven.apache.org-1-2] INFO  o.e.m.c.i.e.AbstractTransferListenerAdapter - Downloaded https://repo.maven.apache.org/maven2/org/springframework/boot/spring-boot-actuator/3.5.6/spring-boot-actuator-3.5.6.jar
2025-10-14 11:00:28,244 [BasicRepositoryConnector-repo.maven.apache.org-1-4] INFO  o.e.m.c.i.e.AbstractTransferListenerAdapter - Downloading https://repo.maven.apache.org/maven2/org/springframework/boot/spring-boot-starter-freemarker/3.5.6/spring-boot-starter-freemarker-3.5.6.jar
2025-10-14 11:00:28,305 [BasicRepositoryConnector-repo.maven.apache.org-1-4] INFO  o.e.m.c.i.e.AbstractTransferListenerAdapter - Downloaded https://repo.maven.apache.org/maven2/org/springframework/boot/spring-boot-starter-freemarker/3.5.6/spring-boot-starter-freemarker-3.5.6.jar
2025-10-14 11:00:28,319 [BasicRepositoryConnector-repo.maven.apache.org-1-1] INFO  o.e.m.c.i.e.AbstractTransferListenerAdapter - Downloading https://repo.maven.apache.org/maven2/org/freemarker/freemarker/2.3.34/freemarker-2.3.34.jar
2025-10-14 11:00:28,331 [BasicRepositoryConnector-repo.maven.apache.org-1-2] INFO  o.e.m.c.i.e.AbstractTransferListenerAdapter - Downloading https://repo.maven.apache.org/maven2/org/springframework/spring-context-support/6.2.11/spring-context-support-6.2.11.jar
2025-10-14 11:00:28,405 [BasicRepositoryConnector-repo.maven.apache.org-1-0] INFO  o.e.m.c.i.e.AbstractTransferListenerAdapter - Downloaded https://repo.maven.apache.org/maven2/io/micrometer/micrometer-core/1.15.4/micrometer-core-1.15.4.jar
2025-10-14 11:00:28,407 [BasicRepositoryConnector-repo.maven.apache.org-1-2] INFO  o.e.m.c.i.e.AbstractTransferListenerAdapter - Downloaded https://repo.maven.apache.org/maven2/org/springframework/spring-context-support/6.2.11/spring-context-support-6.2.11.jar
2025-10-14 11:00:28,427 [BasicRepositoryConnector-repo.maven.apache.org-1-4] INFO  o.e.m.c.i.e.AbstractTransferListenerAdapter - Downloading https://repo.maven.apache.org/maven2/org/springframework/cloud/spring-cloud-netflix-eureka-client/4.3.0/spring-cloud-netflix-eureka-client-4.3.0.jar
2025-10-14 11:00:28,460 [BasicRepositoryConnector-repo.maven.apache.org-1-4] INFO  o.e.m.c.i.e.AbstractTransferListenerAdapter - Downloaded https://repo.maven.apache.org/maven2/org/springframework/cloud/spring-cloud-netflix-eureka-client/4.3.0/spring-cloud-netflix-eureka-client-4.3.0.jar
2025-10-14 11:00:28,532 [BasicRepositoryConnector-repo.maven.apache.org-1-0] INFO  o.e.m.c.i.e.AbstractTransferListenerAdapter - Downloading https://repo.maven.apache.org/maven2/com/netflix/eureka/eureka-client/2.0.4/eureka-client-2.0.4.jar
2025-10-14 11:00:28,555 [BasicRepositoryConnector-repo.maven.apache.org-1-2] INFO  o.e.m.c.i.e.AbstractTransferListenerAdapter - Downloading https://repo.maven.apache.org/maven2/com/thoughtworks/xstream/xstream/1.4.20/xstream-1.4.20.jar
2025-10-14 11:00:28,683 [BasicRepositoryConnector-repo.maven.apache.org-1-4] INFO  o.e.m.c.i.e.AbstractTransferListenerAdapter - Downloading https://repo.maven.apache.org/maven2/io/github/x-stream/mxparser/1.2.2/mxparser-1.2.2.jar
2025-10-14 11:00:28,786 [BasicRepositoryConnector-repo.maven.apache.org-1-4] INFO  o.e.m.c.i.e.AbstractTransferListenerAdapter - Downloaded https://repo.maven.apache.org/maven2/io/github/x-stream/mxparser/1.2.2/mxparser-1.2.2.jar
2025-10-14 11:00:28,822 [BasicRepositoryConnector-repo.maven.apache.org-1-0] INFO  o.e.m.c.i.e.AbstractTransferListenerAdapter - Downloaded https://repo.maven.apache.org/maven2/com/netflix/eureka/eureka-client/2.0.4/eureka-client-2.0.4.jar
2025-10-14 11:00:28,831 [BasicRepositoryConnector-repo.maven.apache.org-1-2] INFO  o.e.m.c.i.e.AbstractTransferListenerAdapter - Downloaded https://repo.maven.apache.org/maven2/com/thoughtworks/xstream/xstream/1.4.20/xstream-1.4.20.jar
2025-10-14 11:00:29,012 [BasicRepositoryConnector-repo.maven.apache.org-1-4] INFO  o.e.m.c.i.e.AbstractTransferListenerAdapter - Downloading https://repo.maven.apache.org/maven2/xmlpull/xmlpull/1.1.3.1/xmlpull-1.1.3.1.jar
2025-10-14 11:00:29,077 [BasicRepositoryConnector-repo.maven.apache.org-1-4] INFO  o.e.m.c.i.e.AbstractTransferListenerAdapter - Downloaded https://repo.maven.apache.org/maven2/xmlpull/xmlpull/1.1.3.1/xmlpull-1.1.3.1.jar
2025-10-14 11:00:29,077 [BasicRepositoryConnector-repo.maven.apache.org-1-0] INFO  o.e.m.c.i.e.AbstractTransferListenerAdapter - Downloading https://repo.maven.apache.org/maven2/com/netflix/spectator/spectator-api/1.7.3/spectator-api-1.7.3.jar
2025-10-14 11:00:29,116 [BasicRepositoryConnector-repo.maven.apache.org-1-2] INFO  o.e.m.c.i.e.AbstractTransferListenerAdapter - Downloading https://repo.maven.apache.org/maven2/org/apache/httpcomponents/httpclient/4.5.3/httpclient-4.5.3.jar
2025-10-14 11:00:29,127 [BasicRepositoryConnector-repo.maven.apache.org-1-0] INFO  o.e.m.c.i.e.AbstractTransferListenerAdapter - Downloaded https://repo.maven.apache.org/maven2/com/netflix/spectator/spectator-api/1.7.3/spectator-api-1.7.3.jar
2025-10-14 11:00:29,425 [BasicRepositoryConnector-repo.maven.apache.org-1-4] INFO  o.e.m.c.i.e.AbstractTransferListenerAdapter - Downloading https://repo.maven.apache.org/maven2/org/apache/httpcomponents/httpcore/4.4.16/httpcore-4.4.16.jar
2025-10-14 11:00:29,446 [BasicRepositoryConnector-repo.maven.apache.org-1-1] INFO  o.e.m.c.i.e.AbstractTransferListenerAdapter - Downloaded https://repo.maven.apache.org/maven2/org/freemarker/freemarker/2.3.34/freemarker-2.3.34.jar
2025-10-14 11:00:29,460 [BasicRepositoryConnector-repo.maven.apache.org-1-2] INFO  o.e.m.c.i.e.AbstractTransferListenerAdapter - Downloaded https://repo.maven.apache.org/maven2/org/apache/httpcomponents/httpclient/4.5.3/httpclient-4.5.3.jar
2025-10-14 11:00:29,466 [BasicRepositoryConnector-repo.maven.apache.org-1-0] INFO  o.e.m.c.i.e.AbstractTransferListenerAdapter - Downloading https://repo.maven.apache.org/maven2/commons-configuration/commons-configuration/1.10/commons-configuration-1.10.jar
2025-10-14 11:00:29,491 [BasicRepositoryConnector-repo.maven.apache.org-1-4] INFO  o.e.m.c.i.e.AbstractTransferListenerAdapter - Downloaded https://repo.maven.apache.org/maven2/org/apache/httpcomponents/httpcore/4.4.16/httpcore-4.4.16.jar
2025-10-14 11:00:29,518 [BasicRepositoryConnector-repo.maven.apache.org-1-0] INFO  o.e.m.c.i.e.AbstractTransferListenerAdapter - Downloaded https://repo.maven.apache.org/maven2/commons-configuration/commons-configuration/1.10/commons-configuration-1.10.jar
2025-10-14 11:00:29,530 [BasicRepositoryConnector-repo.maven.apache.org-1-1] INFO  o.e.m.c.i.e.AbstractTransferListenerAdapter - Downloading https://repo.maven.apache.org/maven2/commons-lang/commons-lang/2.6/commons-lang-2.6.jar
2025-10-14 11:00:29,568 [BasicRepositoryConnector-repo.maven.apache.org-1-3] INFO  o.e.m.c.i.e.AbstractTransferListenerAdapter - Downloaded https://repo.maven.apache.org/maven2/org/bouncycastle/bcprov-jdk18on/1.80/bcprov-jdk18on-1.80.jar
2025-10-14 11:00:29,577 [BasicRepositoryConnector-repo.maven.apache.org-1-4] INFO  o.e.m.c.i.e.AbstractTransferListenerAdapter - Downloading https://repo.maven.apache.org/maven2/com/netflix/netflix-commons/netflix-infix/0.3.0/netflix-infix-0.3.0.jar
2025-10-14 11:00:29,582 [BasicRepositoryConnector-repo.maven.apache.org-1-2] INFO  o.e.m.c.i.e.AbstractTransferListenerAdapter - Downloading https://repo.maven.apache.org/maven2/com/netflix/netflix-commons/netflix-eventbus/0.3.0/netflix-eventbus-0.3.0.jar
2025-10-14 11:00:29,599 [BasicRepositoryConnector-repo.maven.apache.org-1-1] INFO  o.e.m.c.i.e.AbstractTransferListenerAdapter - Downloaded https://repo.maven.apache.org/maven2/commons-lang/commons-lang/2.6/commons-lang-2.6.jar
2025-10-14 11:00:29,607 [BasicRepositoryConnector-repo.maven.apache.org-1-4] INFO  o.e.m.c.i.e.AbstractTransferListenerAdapter - Downloaded https://repo.maven.apache.org/maven2/com/netflix/netflix-commons/netflix-infix/0.3.0/netflix-infix-0.3.0.jar
2025-10-14 11:00:29,615 [BasicRepositoryConnector-repo.maven.apache.org-1-2] INFO  o.e.m.c.i.e.AbstractTransferListenerAdapter - Downloaded https://repo.maven.apache.org/maven2/com/netflix/netflix-commons/netflix-eventbus/0.3.0/netflix-eventbus-0.3.0.jar
2025-10-14 11:00:29,792 [BasicRepositoryConnector-repo.maven.apache.org-1-0] INFO  o.e.m.c.i.e.AbstractTransferListenerAdapter - Downloading https://repo.maven.apache.org/maven2/commons-jxpath/commons-jxpath/1.3/commons-jxpath-1.3.jar
2025-10-14 11:00:29,837 [BasicRepositoryConnector-repo.maven.apache.org-1-3] INFO  o.e.m.c.i.e.AbstractTransferListenerAdapter - Downloading https://repo.maven.apache.org/maven2/joda-time/joda-time/2.3/joda-time-2.3.jar
2025-10-14 11:00:29,881 [BasicRepositoryConnector-repo.maven.apache.org-1-0] INFO  o.e.m.c.i.e.AbstractTransferListenerAdapter - Downloaded https://repo.maven.apache.org/maven2/commons-jxpath/commons-jxpath/1.3/commons-jxpath-1.3.jar
2025-10-14 11:00:29,938 [BasicRepositoryConnector-repo.maven.apache.org-1-1] INFO  o.e.m.c.i.e.AbstractTransferListenerAdapter - Downloading https://repo.maven.apache.org/maven2/org/antlr/antlr-runtime/3.4/antlr-runtime-3.4.jar
2025-10-14 11:00:29,950 [BasicRepositoryConnector-repo.maven.apache.org-1-4] INFO  o.e.m.c.i.e.AbstractTransferListenerAdapter - Downloading https://repo.maven.apache.org/maven2/org/antlr/stringtemplate/3.2.1/stringtemplate-3.2.1.jar
2025-10-14 11:00:29,977 [BasicRepositoryConnector-repo.maven.apache.org-1-3] INFO  o.e.m.c.i.e.AbstractTransferListenerAdapter - Downloaded https://repo.maven.apache.org/maven2/joda-time/joda-time/2.3/joda-time-2.3.jar
2025-10-14 11:00:29,983 [BasicRepositoryConnector-repo.maven.apache.org-1-2] INFO  o.e.m.c.i.e.AbstractTransferListenerAdapter - Downloading https://repo.maven.apache.org/maven2/com/google/code/gson/gson/2.13.2/gson-2.13.2.jar
2025-10-14 11:00:29,989 [BasicRepositoryConnector-repo.maven.apache.org-1-1] INFO  o.e.m.c.i.e.AbstractTransferListenerAdapter - Downloaded https://repo.maven.apache.org/maven2/org/antlr/antlr-runtime/3.4/antlr-runtime-3.4.jar
2025-10-14 11:00:30,001 [BasicRepositoryConnector-repo.maven.apache.org-1-0] INFO  o.e.m.c.i.e.AbstractTransferListenerAdapter - Downloading https://repo.maven.apache.org/maven2/com/netflix/servo/servo-core/0.5.3/servo-core-0.5.3.jar
2025-10-14 11:00:30,009 [BasicRepositoryConnector-repo.maven.apache.org-1-4] INFO  o.e.m.c.i.e.AbstractTransferListenerAdapter - Downloaded https://repo.maven.apache.org/maven2/org/antlr/stringtemplate/3.2.1/stringtemplate-3.2.1.jar
2025-10-14 11:00:30,023 [BasicRepositoryConnector-repo.maven.apache.org-1-2] INFO  o.e.m.c.i.e.AbstractTransferListenerAdapter - Downloaded https://repo.maven.apache.org/maven2/com/google/code/gson/gson/2.13.2/gson-2.13.2.jar
2025-10-14 11:00:30,039 [BasicRepositoryConnector-repo.maven.apache.org-1-0] INFO  o.e.m.c.i.e.AbstractTransferListenerAdapter - Downloaded https://repo.maven.apache.org/maven2/com/netflix/servo/servo-core/0.5.3/servo-core-0.5.3.jar
2025-10-14 11:00:30,055 [BasicRepositoryConnector-repo.maven.apache.org-1-3] INFO  o.e.m.c.i.e.AbstractTransferListenerAdapter - Downloading https://repo.maven.apache.org/maven2/org/apache/commons/commons-math/2.2/commons-math-2.2.jar
2025-10-14 11:00:30,136 [BasicRepositoryConnector-repo.maven.apache.org-1-1] INFO  o.e.m.c.i.e.AbstractTransferListenerAdapter - Downloading https://repo.maven.apache.org/maven2/javax/annotation/javax.annotation-api/1.2/javax.annotation-api-1.2.jar
2025-10-14 11:00:30,150 [BasicRepositoryConnector-repo.maven.apache.org-1-2] INFO  o.e.m.c.i.e.AbstractTransferListenerAdapter - Downloading https://repo.maven.apache.org/maven2/org/apache/httpcomponents/core5/httpcore5/5.3.5/httpcore5-5.3.5.jar
2025-10-14 11:00:30,156 [BasicRepositoryConnector-repo.maven.apache.org-1-3] INFO  o.e.m.c.i.e.AbstractTransferListenerAdapter - Downloaded https://repo.maven.apache.org/maven2/org/apache/commons/commons-math/2.2/commons-math-2.2.jar
2025-10-14 11:00:30,172 [BasicRepositoryConnector-repo.maven.apache.org-1-1] INFO  o.e.m.c.i.e.AbstractTransferListenerAdapter - Downloaded https://repo.maven.apache.org/maven2/javax/annotation/javax.annotation-api/1.2/javax.annotation-api-1.2.jar
2025-10-14 11:00:30,798 [BasicRepositoryConnector-repo.maven.apache.org-1-0] INFO  o.e.m.c.i.e.AbstractTransferListenerAdapter - Downloading https://repo.maven.apache.org/maven2/org/apache/httpcomponents/core5/httpcore5-h2/5.3.5/httpcore5-h2-5.3.5.jar
2025-10-14 11:00:30,837 [BasicRepositoryConnector-repo.maven.apache.org-1-2] INFO  o.e.m.c.i.e.AbstractTransferListenerAdapter - Downloaded https://repo.maven.apache.org/maven2/org/apache/httpcomponents/core5/httpcore5/5.3.5/httpcore5-5.3.5.jar
2025-10-14 11:00:30,968 [BasicRepositoryConnector-repo.maven.apache.org-1-4] INFO  o.e.m.c.i.e.AbstractTransferListenerAdapter - Downloading https://repo.maven.apache.org/maven2/org/codehaus/jettison/jettison/1.5.4/jettison-1.5.4.jar
2025-10-14 11:00:30,979 [BasicRepositoryConnector-repo.maven.apache.org-1-3] INFO  o.e.m.c.i.e.AbstractTransferListenerAdapter - Downloading https://repo.maven.apache.org/maven2/com/netflix/eureka/eureka-client-jersey3/2.0.4/eureka-client-jersey3-2.0.4.jar
2025-10-14 11:00:30,980 [BasicRepositoryConnector-repo.maven.apache.org-1-1] INFO  o.e.m.c.i.e.AbstractTransferListenerAdapter - Downloading https://repo.maven.apache.org/maven2/org/glassfish/jersey/connectors/jersey-apache-connector/3.1.11/jersey-apache-connector-3.1.11.jar
2025-10-14 11:00:30,988 [BasicRepositoryConnector-repo.maven.apache.org-1-2] INFO  o.e.m.c.i.e.AbstractTransferListenerAdapter - Downloading https://repo.maven.apache.org/maven2/commons-codec/commons-codec/1.18.0/commons-codec-1.18.0.jar
2025-10-14 11:00:31,020 [BasicRepositoryConnector-repo.maven.apache.org-1-0] INFO  o.e.m.c.i.e.AbstractTransferListenerAdapter - Downloaded https://repo.maven.apache.org/maven2/org/apache/httpcomponents/core5/httpcore5-h2/5.3.5/httpcore5-h2-5.3.5.jar
2025-10-14 11:00:31,029 [BasicRepositoryConnector-repo.maven.apache.org-1-4] INFO  o.e.m.c.i.e.AbstractTransferListenerAdapter - Downloaded https://repo.maven.apache.org/maven2/org/codehaus/jettison/jettison/1.5.4/jettison-1.5.4.jar
2025-10-14 11:00:31,032 [BasicRepositoryConnector-repo.maven.apache.org-1-3] INFO  o.e.m.c.i.e.AbstractTransferListenerAdapter - Downloaded https://repo.maven.apache.org/maven2/com/netflix/eureka/eureka-client-jersey3/2.0.4/eureka-client-jersey3-2.0.4.jar
2025-10-14 11:00:31,037 [BasicRepositoryConnector-repo.maven.apache.org-1-1] INFO  o.e.m.c.i.e.AbstractTransferListenerAdapter - Downloaded https://repo.maven.apache.org/maven2/org/glassfish/jersey/connectors/jersey-apache-connector/3.1.11/jersey-apache-connector-3.1.11.jar
2025-10-14 11:00:31,045 [BasicRepositoryConnector-repo.maven.apache.org-1-2] INFO  o.e.m.c.i.e.AbstractTransferListenerAdapter - Downloaded https://repo.maven.apache.org/maven2/commons-codec/commons-codec/1.18.0/commons-codec-1.18.0.jar
2025-10-14 11:00:31,086 [BasicRepositoryConnector-repo.maven.apache.org-1-0] INFO  o.e.m.c.i.e.AbstractTransferListenerAdapter - Downloading https://repo.maven.apache.org/maven2/com/netflix/eureka/eureka-core-jersey3/2.0.4/eureka-core-jersey3-2.0.4.jar
2025-10-14 11:00:31,095 [BasicRepositoryConnector-repo.maven.apache.org-1-4] INFO  o.e.m.c.i.e.AbstractTransferListenerAdapter - Downloading https://repo.maven.apache.org/maven2/com/netflix/eureka/eureka-core/2.0.4/eureka-core-2.0.4.jar
2025-10-14 11:00:31,117 [BasicRepositoryConnector-repo.maven.apache.org-1-0] INFO  o.e.m.c.i.e.AbstractTransferListenerAdapter - Downloaded https://repo.maven.apache.org/maven2/com/netflix/eureka/eureka-core-jersey3/2.0.4/eureka-core-jersey3-2.0.4.jar
2025-10-14 11:00:31,160 [BasicRepositoryConnector-repo.maven.apache.org-1-3] INFO  o.e.m.c.i.e.AbstractTransferListenerAdapter - Downloading https://repo.maven.apache.org/maven2/com/google/guava/guava/33.0.0-jre/guava-33.0.0-jre.jar
2025-10-14 11:00:31,190 [BasicRepositoryConnector-repo.maven.apache.org-1-4] INFO  o.e.m.c.i.e.AbstractTransferListenerAdapter - Downloaded https://repo.maven.apache.org/maven2/com/netflix/eureka/eureka-core/2.0.4/eureka-core-2.0.4.jar
2025-10-14 11:00:31,209 [BasicRepositoryConnector-repo.maven.apache.org-1-2] INFO  o.e.m.c.i.e.AbstractTransferListenerAdapter - Downloading https://repo.maven.apache.org/maven2/org/checkerframework/checker-qual/3.41.0/checker-qual-3.41.0.jar
2025-10-14 11:00:31,286 [BasicRepositoryConnector-repo.maven.apache.org-1-0] INFO  o.e.m.c.i.e.AbstractTransferListenerAdapter - Downloading https://repo.maven.apache.org/maven2/com/google/errorprone/error_prone_annotations/2.23.0/error_prone_annotations-2.23.0.jar
2025-10-14 11:00:31,287 [BasicRepositoryConnector-repo.maven.apache.org-1-1] INFO  o.e.m.c.i.e.AbstractTransferListenerAdapter - Downloading https://repo.maven.apache.org/maven2/com/google/guava/failureaccess/1.0.2/failureaccess-1.0.2.jar
2025-10-14 11:00:31,309 [BasicRepositoryConnector-repo.maven.apache.org-1-2] INFO  o.e.m.c.i.e.AbstractTransferListenerAdapter - Downloaded https://repo.maven.apache.org/maven2/org/checkerframework/checker-qual/3.41.0/checker-qual-3.41.0.jar
2025-10-14 11:00:31,315 [BasicRepositoryConnector-repo.maven.apache.org-1-1] INFO  o.e.m.c.i.e.AbstractTransferListenerAdapter - Downloaded https://repo.maven.apache.org/maven2/com/google/guava/failureaccess/1.0.2/failureaccess-1.0.2.jar
2025-10-14 11:00:31,315 [BasicRepositoryConnector-repo.maven.apache.org-1-0] INFO  o.e.m.c.i.e.AbstractTransferListenerAdapter - Downloaded https://repo.maven.apache.org/maven2/com/google/errorprone/error_prone_annotations/2.23.0/error_prone_annotations-2.23.0.jar
2025-10-14 11:00:31,387 [BasicRepositoryConnector-repo.maven.apache.org-1-4] INFO  o.e.m.c.i.e.AbstractTransferListenerAdapter - Downloading https://repo.maven.apache.org/maven2/com/google/j2objc/j2objc-annotations/2.8/j2objc-annotations-2.8.jar
2025-10-14 11:00:31,416 [BasicRepositoryConnector-repo.maven.apache.org-1-4] INFO  o.e.m.c.i.e.AbstractTransferListenerAdapter - Downloaded https://repo.maven.apache.org/maven2/com/google/j2objc/j2objc-annotations/2.8/j2objc-annotations-2.8.jar
2025-10-14 11:00:31,455 [BasicRepositoryConnector-repo.maven.apache.org-1-0] INFO  o.e.m.c.i.e.AbstractTransferListenerAdapter - Downloading https://repo.maven.apache.org/maven2/org/glassfish/jersey/core/jersey-common/3.1.11/jersey-common-3.1.11.jar
2025-10-14 11:00:31,493 [BasicRepositoryConnector-repo.maven.apache.org-1-2] INFO  o.e.m.c.i.e.AbstractTransferListenerAdapter - Downloading https://repo.maven.apache.org/maven2/org/glassfish/jersey/containers/jersey-container-servlet/3.1.11/jersey-container-servlet-3.1.11.jar
2025-10-14 11:00:31,556 [BasicRepositoryConnector-repo.maven.apache.org-1-1] INFO  o.e.m.c.i.e.AbstractTransferListenerAdapter - Downloading https://repo.maven.apache.org/maven2/org/glassfish/jersey/containers/jersey-container-servlet-core/3.1.11/jersey-container-servlet-core-3.1.11.jar
2025-10-14 11:00:31,576 [BasicRepositoryConnector-repo.maven.apache.org-1-4] INFO  o.e.m.c.i.e.AbstractTransferListenerAdapter - Downloading https://repo.maven.apache.org/maven2/org/glassfish/hk2/osgi-resource-locator/1.0.3/osgi-resource-locator-1.0.3.jar
2025-10-14 11:00:31,581 [BasicRepositoryConnector-repo.maven.apache.org-1-0] INFO  o.e.m.c.i.e.AbstractTransferListenerAdapter - Downloaded https://repo.maven.apache.org/maven2/org/glassfish/jersey/core/jersey-common/3.1.11/jersey-common-3.1.11.jar
2025-10-14 11:00:31,587 [BasicRepositoryConnector-repo.maven.apache.org-1-1] INFO  o.e.m.c.i.e.AbstractTransferListenerAdapter - Downloaded https://repo.maven.apache.org/maven2/org/glassfish/jersey/containers/jersey-container-servlet-core/3.1.11/jersey-container-servlet-core-3.1.11.jar
2025-10-14 11:00:31,596 [BasicRepositoryConnector-repo.maven.apache.org-1-2] INFO  o.e.m.c.i.e.AbstractTransferListenerAdapter - Downloaded https://repo.maven.apache.org/maven2/org/glassfish/jersey/containers/jersey-container-servlet/3.1.11/jersey-container-servlet-3.1.11.jar
2025-10-14 11:00:31,601 [BasicRepositoryConnector-repo.maven.apache.org-1-4] INFO  o.e.m.c.i.e.AbstractTransferListenerAdapter - Downloaded https://repo.maven.apache.org/maven2/org/glassfish/hk2/osgi-resource-locator/1.0.3/osgi-resource-locator-1.0.3.jar
2025-10-14 11:00:31,605 [BasicRepositoryConnector-repo.maven.apache.org-1-3] INFO  o.e.m.c.i.e.AbstractTransferListenerAdapter - Downloaded https://repo.maven.apache.org/maven2/com/google/guava/guava/33.0.0-jre/guava-33.0.0-jre.jar
2025-10-14 11:00:31,647 [BasicRepositoryConnector-repo.maven.apache.org-1-0] INFO  o.e.m.c.i.e.AbstractTransferListenerAdapter - Downloading https://repo.maven.apache.org/maven2/jakarta/ws/rs/jakarta.ws.rs-api/3.1.0/jakarta.ws.rs-api-3.1.0.jar
2025-10-14 11:00:31,654 [BasicRepositoryConnector-repo.maven.apache.org-1-1] INFO  o.e.m.c.i.e.AbstractTransferListenerAdapter - Downloading https://repo.maven.apache.org/maven2/org/glassfish/jersey/core/jersey-server/3.1.11/jersey-server-3.1.11.jar
2025-10-14 11:00:31,669 [BasicRepositoryConnector-repo.maven.apache.org-1-3] INFO  o.e.m.c.i.e.AbstractTransferListenerAdapter - Downloading https://repo.maven.apache.org/maven2/org/glassfish/hk2/hk2-locator/3.0.6/hk2-locator-3.0.6.jar
2025-10-14 11:00:31,676 [BasicRepositoryConnector-repo.maven.apache.org-1-0] INFO  o.e.m.c.i.e.AbstractTransferListenerAdapter - Downloaded https://repo.maven.apache.org/maven2/jakarta/ws/rs/jakarta.ws.rs-api/3.1.0/jakarta.ws.rs-api-3.1.0.jar
2025-10-14 11:00:31,684 [BasicRepositoryConnector-repo.maven.apache.org-1-2] INFO  o.e.m.c.i.e.AbstractTransferListenerAdapter - Downloading https://repo.maven.apache.org/maven2/org/glassfish/jersey/core/jersey-client/3.1.11/jersey-client-3.1.11.jar
2025-10-14 11:00:31,704 [BasicRepositoryConnector-repo.maven.apache.org-1-3] INFO  o.e.m.c.i.e.AbstractTransferListenerAdapter - Downloaded https://repo.maven.apache.org/maven2/org/glassfish/hk2/hk2-locator/3.0.6/hk2-locator-3.0.6.jar
2025-10-14 11:00:31,706 [BasicRepositoryConnector-repo.maven.apache.org-1-4] INFO  o.e.m.c.i.e.AbstractTransferListenerAdapter - Downloading https://repo.maven.apache.org/maven2/org/glassfish/jersey/inject/jersey-hk2/3.1.11/jersey-hk2-3.1.11.jar
2025-10-14 11:00:31,728 [BasicRepositoryConnector-repo.maven.apache.org-1-2] INFO  o.e.m.c.i.e.AbstractTransferListenerAdapter - Downloaded https://repo.maven.apache.org/maven2/org/glassfish/jersey/core/jersey-client/3.1.11/jersey-client-3.1.11.jar
2025-10-14 11:00:31,733 [BasicRepositoryConnector-repo.maven.apache.org-1-4] INFO  o.e.m.c.i.e.AbstractTransferListenerAdapter - Downloaded https://repo.maven.apache.org/maven2/org/glassfish/jersey/inject/jersey-hk2/3.1.11/jersey-hk2-3.1.11.jar
2025-10-14 11:00:31,738 [BasicRepositoryConnector-repo.maven.apache.org-1-0] INFO  o.e.m.c.i.e.AbstractTransferListenerAdapter - Downloading https://repo.maven.apache.org/maven2/org/glassfish/hk2/hk2-utils/3.0.6/hk2-utils-3.0.6.jar
2025-10-14 11:00:31,765 [BasicRepositoryConnector-repo.maven.apache.org-1-0] INFO  o.e.m.c.i.e.AbstractTransferListenerAdapter - Downloaded https://repo.maven.apache.org/maven2/org/glassfish/hk2/hk2-utils/3.0.6/hk2-utils-3.0.6.jar
2025-10-14 11:00:31,775 [BasicRepositoryConnector-repo.maven.apache.org-1-3] INFO  o.e.m.c.i.e.AbstractTransferListenerAdapter - Downloading https://repo.maven.apache.org/maven2/org/javassist/javassist/3.30.2-GA/javassist-3.30.2-GA.jar
2025-10-14 11:00:31,847 [BasicRepositoryConnector-repo.maven.apache.org-1-2] INFO  o.e.m.c.i.e.AbstractTransferListenerAdapter - Downloading https://repo.maven.apache.org/maven2/org/glassfish/hk2/spring-bridge/3.1.1/spring-bridge-3.1.1.jar
2025-10-14 11:00:31,849 [BasicRepositoryConnector-repo.maven.apache.org-1-4] INFO  o.e.m.c.i.e.AbstractTransferListenerAdapter - Downloading https://repo.maven.apache.org/maven2/org/glassfish/hk2/hk2-api/3.1.1/hk2-api-3.1.1.jar
2025-10-14 11:00:31,857 [BasicRepositoryConnector-repo.maven.apache.org-1-0] INFO  o.e.m.c.i.e.AbstractTransferListenerAdapter - Downloading https://repo.maven.apache.org/maven2/com/fasterxml/jackson/dataformat/jackson-dataformat-xml/2.19.2/jackson-dataformat-xml-2.19.2.jar
2025-10-14 11:00:31,872 [BasicRepositoryConnector-repo.maven.apache.org-1-3] INFO  o.e.m.c.i.e.AbstractTransferListenerAdapter - Downloaded https://repo.maven.apache.org/maven2/org/javassist/javassist/3.30.2-GA/javassist-3.30.2-GA.jar
2025-10-14 11:00:31,877 [BasicRepositoryConnector-repo.maven.apache.org-1-2] INFO  o.e.m.c.i.e.AbstractTransferListenerAdapter - Downloaded https://repo.maven.apache.org/maven2/org/glassfish/hk2/spring-bridge/3.1.1/spring-bridge-3.1.1.jar
2025-10-14 11:00:31,882 [BasicRepositoryConnector-repo.maven.apache.org-1-4] INFO  o.e.m.c.i.e.AbstractTransferListenerAdapter - Downloaded https://repo.maven.apache.org/maven2/org/glassfish/hk2/hk2-api/3.1.1/hk2-api-3.1.1.jar
2025-10-14 11:00:31,885 [BasicRepositoryConnector-repo.maven.apache.org-1-0] INFO  o.e.m.c.i.e.AbstractTransferListenerAdapter - Downloaded https://repo.maven.apache.org/maven2/com/fasterxml/jackson/dataformat/jackson-dataformat-xml/2.19.2/jackson-dataformat-xml-2.19.2.jar
2025-10-14 11:00:31,941 [BasicRepositoryConnector-repo.maven.apache.org-1-3] INFO  o.e.m.c.i.e.AbstractTransferListenerAdapter - Downloading https://repo.maven.apache.org/maven2/org/codehaus/woodstox/stax2-api/4.2.2/stax2-api-4.2.2.jar
2025-10-14 11:00:31,960 [BasicRepositoryConnector-repo.maven.apache.org-1-2] INFO  o.e.m.c.i.e.AbstractTransferListenerAdapter - Downloading https://repo.maven.apache.org/maven2/com/fasterxml/woodstox/woodstox-core/7.1.1/woodstox-core-7.1.1.jar
2025-10-14 11:00:31,988 [BasicRepositoryConnector-repo.maven.apache.org-1-3] INFO  o.e.m.c.i.e.AbstractTransferListenerAdapter - Downloaded https://repo.maven.apache.org/maven2/org/codehaus/woodstox/stax2-api/4.2.2/stax2-api-4.2.2.jar
2025-10-14 11:00:32,194 [BasicRepositoryConnector-repo.maven.apache.org-1-0] INFO  o.e.m.c.i.e.AbstractTransferListenerAdapter - Downloading https://repo.maven.apache.org/maven2/org/springframework/cloud/spring-cloud-loadbalancer/4.3.0/spring-cloud-loadbalancer-4.3.0.jar
2025-10-14 11:00:32,206 [BasicRepositoryConnector-repo.maven.apache.org-1-4] INFO  o.e.m.c.i.e.AbstractTransferListenerAdapter - Downloading https://repo.maven.apache.org/maven2/org/springframework/cloud/spring-cloud-starter-loadbalancer/4.3.0/spring-cloud-starter-loadbalancer-4.3.0.jar
2025-10-14 11:00:32,216 [BasicRepositoryConnector-repo.maven.apache.org-1-3] INFO  o.e.m.c.i.e.AbstractTransferListenerAdapter - Downloading https://repo.maven.apache.org/maven2/io/projectreactor/reactor-core/3.7.11/reactor-core-3.7.11.jar
2025-10-14 11:00:32,232 [BasicRepositoryConnector-repo.maven.apache.org-1-0] INFO  o.e.m.c.i.e.AbstractTransferListenerAdapter - Downloaded https://repo.maven.apache.org/maven2/org/springframework/cloud/spring-cloud-loadbalancer/4.3.0/spring-cloud-loadbalancer-4.3.0.jar
2025-10-14 11:00:32,239 [BasicRepositoryConnector-repo.maven.apache.org-1-4] INFO  o.e.m.c.i.e.AbstractTransferListenerAdapter - Downloaded https://repo.maven.apache.org/maven2/org/springframework/cloud/spring-cloud-starter-loadbalancer/4.3.0/spring-cloud-starter-loadbalancer-4.3.0.jar
2025-10-14 11:00:32,243 [BasicRepositoryConnector-repo.maven.apache.org-1-2] INFO  o.e.m.c.i.e.AbstractTransferListenerAdapter - Downloaded https://repo.maven.apache.org/maven2/com/fasterxml/woodstox/woodstox-core/7.1.1/woodstox-core-7.1.1.jar
2025-10-14 11:00:32,568 [BasicRepositoryConnector-repo.maven.apache.org-1-0] INFO  o.e.m.c.i.e.AbstractTransferListenerAdapter - Downloading https://repo.maven.apache.org/maven2/org/reactivestreams/reactive-streams/1.0.4/reactive-streams-1.0.4.jar
2025-10-14 11:00:32,572 [BasicRepositoryConnector-repo.maven.apache.org-1-4] INFO  o.e.m.c.i.e.AbstractTransferListenerAdapter - Downloading https://repo.maven.apache.org/maven2/io/projectreactor/addons/reactor-extra/3.5.3/reactor-extra-3.5.3.jar
2025-10-14 11:00:32,588 [BasicRepositoryConnector-repo.maven.apache.org-1-2] INFO  o.e.m.c.i.e.AbstractTransferListenerAdapter - Downloading https://repo.maven.apache.org/maven2/org/springframework/boot/spring-boot-starter-cache/3.5.6/spring-boot-starter-cache-3.5.6.jar
2025-10-14 11:00:32,597 [BasicRepositoryConnector-repo.maven.apache.org-1-0] INFO  o.e.m.c.i.e.AbstractTransferListenerAdapter - Downloaded https://repo.maven.apache.org/maven2/org/reactivestreams/reactive-streams/1.0.4/reactive-streams-1.0.4.jar
2025-10-14 11:00:32,603 [BasicRepositoryConnector-repo.maven.apache.org-1-4] INFO  o.e.m.c.i.e.AbstractTransferListenerAdapter - Downloaded https://repo.maven.apache.org/maven2/io/projectreactor/addons/reactor-extra/3.5.3/reactor-extra-3.5.3.jar
2025-10-14 11:00:32,612 [BasicRepositoryConnector-repo.maven.apache.org-1-2] INFO  o.e.m.c.i.e.AbstractTransferListenerAdapter - Downloaded https://repo.maven.apache.org/maven2/org/springframework/boot/spring-boot-starter-cache/3.5.6/spring-boot-starter-cache-3.5.6.jar
2025-10-14 11:00:32,616 [BasicRepositoryConnector-repo.maven.apache.org-1-3] INFO  o.e.m.c.i.e.AbstractTransferListenerAdapter - Downloaded https://repo.maven.apache.org/maven2/io/projectreactor/reactor-core/3.7.11/reactor-core-3.7.11.jar
2025-10-14 11:00:32,661 [BasicRepositoryConnector-repo.maven.apache.org-1-0] INFO  o.e.m.c.i.e.AbstractTransferListenerAdapter - Downloading https://repo.maven.apache.org/maven2/com/stoyanr/evictor/1.0.0/evictor-1.0.0.jar
2025-10-14 11:00:32,693 [BasicRepositoryConnector-repo.maven.apache.org-1-0] INFO  o.e.m.c.i.e.AbstractTransferListenerAdapter - Downloaded https://repo.maven.apache.org/maven2/com/stoyanr/evictor/1.0.0/evictor-1.0.0.jar
2025-10-14 11:00:32,802 [BasicRepositoryConnector-repo.maven.apache.org-1-1] INFO  o.e.m.c.i.e.AbstractTransferListenerAdapter - Downloaded https://repo.maven.apache.org/maven2/org/glassfish/jersey/core/jersey-server/3.1.11/jersey-server-3.1.11.jar
2025-10-14 11:00:37,112 [Worker-78: Download sources and javadoc] INFO  o.e.m.c.i.e.AbstractTransferListenerAdapter - Downloaded https://repo.maven.apache.org/maven2/org/springframework/cloud/spring-cloud-starter-netflix-eureka-server/4.3.0/spring-cloud-starter-netflix-eureka-server-4.3.0-sources.jar
2025-10-14 11:00:37,121 [Worker-78: Download sources and javadoc] ERROR o.e.m.j.internal.DownloadSourcesJob - Could not download sources for org.springframework.cloud:spring-cloud-starter-netflix-eureka-server:4.3.0
org.eclipse.core.runtime.CoreException: Could not resolve artifact org.springframework.cloud:spring-cloud-starter-netflix-eureka-server:jar:sources:4.3.0
	at org.eclipse.m2e.core.internal.embedder.MavenImpl.lambda$7(MavenImpl.java:540)
	at org.eclipse.m2e.core.internal.embedder.MavenExecutionContext.executeBare(MavenExecutionContext.java:458)
	at org.eclipse.m2e.core.internal.embedder.MavenExecutionContext.execute(MavenExecutionContext.java:292)
	at org.eclipse.m2e.core.internal.embedder.MavenExecutionContext.execute(MavenExecutionContext.java:278)
	at org.eclipse.m2e.core.internal.embedder.MavenImpl.resolve(MavenImpl.java:509)
	at org.eclipse.m2e.core.internal.embedder.MavenImpl.resolve(MavenImpl.java:494)
	at org.eclipse.m2e.jdt.internal.DownloadSourcesJob.download(DownloadSourcesJob.java:308)
	at org.eclipse.m2e.jdt.internal.DownloadSourcesJob.downloadAttachments(DownloadSourcesJob.java:282)
	at org.eclipse.m2e.jdt.internal.DownloadSourcesJob.downloadMaven(DownloadSourcesJob.java:252)
	at org.eclipse.m2e.jdt.internal.DownloadSourcesJob.downloadFilesAndPopulateToUpdate(DownloadSourcesJob.java:220)
	at org.eclipse.m2e.jdt.internal.DownloadSourcesJob.lambda$0(DownloadSourcesJob.java:149)
	at org.eclipse.m2e.core.internal.embedder.MavenExecutionContext.executeBare(MavenExecutionContext.java:458)
	at org.eclipse.m2e.core.internal.embedder.MavenExecutionContext.execute(MavenExecutionContext.java:339)
	at org.eclipse.m2e.core.internal.embedder.MavenExecutionContext.execute(MavenExecutionContext.java:278)
	at org.eclipse.m2e.core.embedder.IMaven.execute(IMaven.java:300)
	at org.eclipse.m2e.jdt.internal.DownloadSourcesJob.run(DownloadSourcesJob.java:149)
	at org.eclipse.core.internal.jobs.Worker.run(Worker.java:63)
2025-10-14 11:00:37,297 [Worker-78: Download sources and javadoc] INFO  o.e.m.c.i.e.AbstractTransferListenerAdapter - Downloaded https://repo.maven.apache.org/maven2/org/springframework/cloud/spring-cloud-starter/4.3.0/spring-cloud-starter-4.3.0-sources.jar
2025-10-14 11:00:37,300 [Worker-78: Download sources and javadoc] ERROR o.e.m.j.internal.DownloadSourcesJob - Could not download sources for org.springframework.cloud:spring-cloud-starter:4.3.0
org.eclipse.core.runtime.CoreException: Could not resolve artifact org.springframework.cloud:spring-cloud-starter:jar:sources:4.3.0
	at org.eclipse.m2e.core.internal.embedder.MavenImpl.lambda$7(MavenImpl.java:540)
	at org.eclipse.m2e.core.internal.embedder.MavenExecutionContext.executeBare(MavenExecutionContext.java:458)
	at org.eclipse.m2e.core.internal.embedder.MavenExecutionContext.execute(MavenExecutionContext.java:292)
	at org.eclipse.m2e.core.internal.embedder.MavenExecutionContext.execute(MavenExecutionContext.java:278)
	at org.eclipse.m2e.core.internal.embedder.MavenImpl.resolve(MavenImpl.java:509)
	at org.eclipse.m2e.core.internal.embedder.MavenImpl.resolve(MavenImpl.java:494)
	at org.eclipse.m2e.jdt.internal.DownloadSourcesJob.download(DownloadSourcesJob.java:308)
	at org.eclipse.m2e.jdt.internal.DownloadSourcesJob.downloadAttachments(DownloadSourcesJob.java:282)
	at org.eclipse.m2e.jdt.internal.DownloadSourcesJob.downloadMaven(DownloadSourcesJob.java:252)
	at org.eclipse.m2e.jdt.internal.DownloadSourcesJob.downloadFilesAndPopulateToUpdate(DownloadSourcesJob.java:220)
	at org.eclipse.m2e.jdt.internal.DownloadSourcesJob.lambda$0(DownloadSourcesJob.java:149)
	at org.eclipse.m2e.core.internal.embedder.MavenExecutionContext.executeBare(MavenExecutionContext.java:458)
	at org.eclipse.m2e.core.internal.embedder.MavenExecutionContext.execute(MavenExecutionContext.java:339)
	at org.eclipse.m2e.core.internal.embedder.MavenExecutionContext.execute(MavenExecutionContext.java:278)
	at org.eclipse.m2e.core.embedder.IMaven.execute(IMaven.java:300)
	at org.eclipse.m2e.jdt.internal.DownloadSourcesJob.run(DownloadSourcesJob.java:149)
	at org.eclipse.core.internal.jobs.Worker.run(Worker.java:63)
2025-10-14 11:00:37,472 [Worker-78: Download sources and javadoc] INFO  o.e.m.c.i.e.AbstractTransferListenerAdapter - Downloading https://repo.maven.apache.org/maven2/org/springframework/cloud/spring-cloud-context/4.3.0/spring-cloud-context-4.3.0-sources.jar
2025-10-14 11:00:37,617 [Worker-78: Download sources and javadoc] INFO  o.e.m.c.i.e.AbstractTransferListenerAdapter - Downloaded https://repo.maven.apache.org/maven2/org/springframework/cloud/spring-cloud-context/4.3.0/spring-cloud-context-4.3.0-sources.jar
2025-10-14 11:00:37,623 [Worker-78: Download sources and javadoc] INFO  o.e.m.j.internal.DownloadSourcesJob - Downloaded sources for org.springframework.cloud:spring-cloud-context:4.3.0
2025-10-14 11:00:37,793 [Worker-78: Download sources and javadoc] INFO  o.e.m.c.i.e.AbstractTransferListenerAdapter - Downloading https://repo.maven.apache.org/maven2/org/springframework/cloud/spring-cloud-commons/4.3.0/spring-cloud-commons-4.3.0-sources.jar
2025-10-14 11:00:37,951 [Worker-78: Download sources and javadoc] INFO  o.e.m.c.i.e.AbstractTransferListenerAdapter - Downloaded https://repo.maven.apache.org/maven2/org/springframework/cloud/spring-cloud-commons/4.3.0/spring-cloud-commons-4.3.0-sources.jar
2025-10-14 11:00:37,956 [Worker-78: Download sources and javadoc] INFO  o.e.m.j.internal.DownloadSourcesJob - Downloaded sources for org.springframework.cloud:spring-cloud-commons:4.3.0
2025-10-14 11:00:38,126 [Worker-78: Download sources and javadoc] INFO  o.e.m.c.i.e.AbstractTransferListenerAdapter - Downloading https://repo.maven.apache.org/maven2/org/bouncycastle/bcprov-jdk18on/1.80/bcprov-jdk18on-1.80-sources.jar
2025-10-14 11:00:38,433 [Worker-80: Import Getting Started Content] INFO  o.e.m.j.i.AbstractJavaProjectConfigurator - Adding source folder /hr-system-service-registry/src/main/java
2025-10-14 11:00:38,436 [Worker-80: Import Getting Started Content] INFO  o.e.m.j.i.AbstractJavaProjectConfigurator - Adding resource folder /hr-system-service-registry/src/main/resources
2025-10-14 11:00:38,468 [Worker-80: Import Getting Started Content] INFO  o.e.m.j.i.AbstractJavaProjectConfigurator - Adding resource folder /hr-system-service-registry/src/main/resources
2025-10-14 11:00:38,506 [Worker-80: Import Getting Started Content] INFO  o.e.m.j.i.AbstractJavaProjectConfigurator - Adding source folder /hr-system-service-registry/src/test/java
2025-10-14 11:00:38,509 [Worker-80: Import Getting Started Content] INFO  o.e.m.j.i.AbstractJavaProjectConfigurator - Adding resource folder /hr-system-service-registry/src/test/resources
2025-10-14 11:00:38,747 [Worker-78: Download sources and javadoc] INFO  o.e.m.c.i.e.AbstractTransferListenerAdapter - Downloaded https://repo.maven.apache.org/maven2/org/bouncycastle/bcprov-jdk18on/1.80/bcprov-jdk18on-1.80-sources.jar
2025-10-14 11:00:38,753 [Worker-78: Download sources and javadoc] INFO  o.e.m.j.internal.DownloadSourcesJob - Downloaded sources for org.bouncycastle:bcprov-jdk18on:1.80
2025-10-14 11:00:38,937 [Worker-78: Download sources and javadoc] INFO  o.e.m.c.i.e.AbstractTransferListenerAdapter - Downloading https://repo.maven.apache.org/maven2/org/springframework/cloud/spring-cloud-netflix-eureka-server/4.3.0/spring-cloud-netflix-eureka-server-4.3.0-sources.jar
2025-10-14 11:00:39,145 [Worker-78: Download sources and javadoc] INFO  o.e.m.c.i.e.AbstractTransferListenerAdapter - Downloaded https://repo.maven.apache.org/maven2/org/springframework/cloud/spring-cloud-netflix-eureka-server/4.3.0/spring-cloud-netflix-eureka-server-4.3.0-sources.jar
2025-10-14 11:00:39,151 [Worker-78: Download sources and javadoc] INFO  o.e.m.j.internal.DownloadSourcesJob - Downloaded sources for org.springframework.cloud:spring-cloud-netflix-eureka-server:4.3.0
2025-10-14 11:00:39,331 [Worker-78: Download sources and javadoc] INFO  o.e.m.c.i.e.AbstractTransferListenerAdapter - Downloading https://repo.maven.apache.org/maven2/org/springframework/boot/spring-boot-starter-actuator/3.5.6/spring-boot-starter-actuator-3.5.6-sources.jar
2025-10-14 11:00:39,375 [Worker-78: Download sources and javadoc] INFO  o.e.m.c.i.e.AbstractTransferListenerAdapter - Downloaded https://repo.maven.apache.org/maven2/org/springframework/boot/spring-boot-starter-actuator/3.5.6/spring-boot-starter-actuator-3.5.6-sources.jar
2025-10-14 11:00:39,379 [Worker-78: Download sources and javadoc] INFO  o.e.m.j.internal.DownloadSourcesJob - Downloaded sources for org.springframework.boot:spring-boot-starter-actuator:3.5.6
2025-10-14 11:00:39,589 [Worker-78: Download sources and javadoc] INFO  o.e.m.c.i.e.AbstractTransferListenerAdapter - Downloading https://repo.maven.apache.org/maven2/org/springframework/boot/spring-boot-actuator-autoconfigure/3.5.6/spring-boot-actuator-autoconfigure-3.5.6-sources.jar
2025-10-14 11:00:39,988 [Worker-78: Download sources and javadoc] INFO  o.e.m.c.i.e.AbstractTransferListenerAdapter - Downloaded https://repo.maven.apache.org/maven2/org/springframework/boot/spring-boot-actuator-autoconfigure/3.5.6/spring-boot-actuator-autoconfigure-3.5.6-sources.jar
2025-10-14 11:00:39,993 [Worker-78: Download sources and javadoc] INFO  o.e.m.j.internal.DownloadSourcesJob - Downloaded sources for org.springframework.boot:spring-boot-actuator-autoconfigure:3.5.6
2025-10-14 11:00:40,165 [Worker-78: Download sources and javadoc] INFO  o.e.m.c.i.e.AbstractTransferListenerAdapter - Downloading https://repo.maven.apache.org/maven2/org/springframework/boot/spring-boot-actuator/3.5.6/spring-boot-actuator-3.5.6-sources.jar
2025-10-14 11:00:40,445 [Worker-80: Import Getting Started Content] INFO  o.e.m.c.i.p.ProjectConfigurationManager - Imported and configured 1 project(s) in 46 sec
2025-10-14 11:00:40,448 [Worker-80: Import Getting Started Content] INFO  o.e.m.c.i.p.ProjectConfigurationManager - Update started
2025-10-14 11:00:40,463 [Worker-78: Download sources and javadoc] INFO  o.e.m.c.i.e.AbstractTransferListenerAdapter - Downloaded https://repo.maven.apache.org/maven2/org/springframework/boot/spring-boot-actuator/3.5.6/spring-boot-actuator-3.5.6-sources.jar
2025-10-14 11:00:40,475 [Worker-78: Download sources and javadoc] INFO  o.e.m.j.internal.DownloadSourcesJob - Downloaded sources for org.springframework.boot:spring-boot-actuator:3.5.6
2025-10-14 11:00:50,577 [Worker-78: Download sources and javadoc] INFO  o.e.m.c.i.e.AbstractTransferListenerAdapter - Downloading https://repo.maven.apache.org/maven2/io/micrometer/micrometer-jakarta9/1.15.4/micrometer-jakarta9-1.15.4-sources.jar
2025-10-14 11:00:50,655 [Worker-78: Download sources and javadoc] INFO  o.e.m.c.i.e.AbstractTransferListenerAdapter - Downloaded https://repo.maven.apache.org/maven2/io/micrometer/micrometer-jakarta9/1.15.4/micrometer-jakarta9-1.15.4-sources.jar
2025-10-14 11:00:50,663 [Worker-78: Download sources and javadoc] INFO  o.e.m.j.internal.DownloadSourcesJob - Downloaded sources for io.micrometer:micrometer-jakarta9:1.15.4
2025-10-14 11:00:50,843 [Worker-80: Import Getting Started Content] INFO  o.e.m.c.i.l.LifecycleMappingFactory - Using org.eclipse.m2e.jdt.JarLifecycleMapping lifecycle mapping for MavenProject: com.example.genc:hr-system-service-registry:0.0.1-SNAPSHOT @ C:\Users\2440888\OneDrive - Cognizant\Desktop\Health-Insurance-Claim\hr-system-service-registry\pom.xml.
2025-10-14 11:00:50,886 [Worker-78: Download sources and javadoc] INFO  o.e.m.c.i.e.AbstractTransferListenerAdapter - Downloading https://repo.maven.apache.org/maven2/io/micrometer/micrometer-core/1.15.4/micrometer-core-1.15.4-sources.jar
2025-10-14 11:00:51,230 [Worker-78: Download sources and javadoc] INFO  o.e.m.c.i.e.AbstractTransferListenerAdapter - Downloaded https://repo.maven.apache.org/maven2/io/micrometer/micrometer-core/1.15.4/micrometer-core-1.15.4-sources.jar
2025-10-14 11:00:51,236 [Worker-78: Download sources and javadoc] INFO  o.e.m.j.internal.DownloadSourcesJob - Downloaded sources for io.micrometer:micrometer-core:1.15.4
2025-10-14 11:00:51,396 [Worker-78: Download sources and javadoc] INFO  o.e.m.c.i.e.AbstractTransferListenerAdapter - Downloading https://repo.maven.apache.org/maven2/org/hdrhistogram/HdrHistogram/2.2.2/HdrHistogram-2.2.2-sources.jar
2025-10-14 11:00:51,602 [Worker-78: Download sources and javadoc] INFO  o.e.m.c.i.e.AbstractTransferListenerAdapter - Downloaded https://repo.maven.apache.org/maven2/org/hdrhistogram/HdrHistogram/2.2.2/HdrHistogram-2.2.2-sources.jar
2025-10-14 11:00:51,619 [Worker-78: Download sources and javadoc] INFO  o.e.m.j.internal.DownloadSourcesJob - Downloaded sources for org.hdrhistogram:HdrHistogram:2.2.2
2025-10-14 11:00:51,847 [Worker-78: Download sources and javadoc] INFO  o.e.m.c.i.e.AbstractTransferListenerAdapter - Downloading https://repo.maven.apache.org/maven2/org/latencyutils/LatencyUtils/2.0.3/LatencyUtils-2.0.3-sources.jar
2025-10-14 11:00:51,922 [Worker-78: Download sources and javadoc] INFO  o.e.m.c.i.e.AbstractTransferListenerAdapter - Downloaded https://repo.maven.apache.org/maven2/org/latencyutils/LatencyUtils/2.0.3/LatencyUtils-2.0.3-sources.jar
2025-10-14 11:00:51,926 [Worker-78: Download sources and javadoc] INFO  o.e.m.j.internal.DownloadSourcesJob - Downloaded sources for org.latencyutils:LatencyUtils:2.0.3
2025-10-14 11:00:52,105 [Worker-78: Download sources and javadoc] INFO  o.e.m.c.i.e.AbstractTransferListenerAdapter - Downloading https://repo.maven.apache.org/maven2/org/springframework/boot/spring-boot-starter-freemarker/3.5.6/spring-boot-starter-freemarker-3.5.6-sources.jar
2025-10-14 11:00:52,160 [Worker-78: Download sources and javadoc] INFO  o.e.m.c.i.e.AbstractTransferListenerAdapter - Downloaded https://repo.maven.apache.org/maven2/org/springframework/boot/spring-boot-starter-freemarker/3.5.6/spring-boot-starter-freemarker-3.5.6-sources.jar
2025-10-14 11:00:52,171 [Worker-78: Download sources and javadoc] INFO  o.e.m.j.internal.DownloadSourcesJob - Downloaded sources for org.springframework.boot:spring-boot-starter-freemarker:3.5.6
2025-10-14 11:00:52,385 [Worker-78: Download sources and javadoc] INFO  o.e.m.c.i.e.AbstractTransferListenerAdapter - Downloading https://repo.maven.apache.org/maven2/org/freemarker/freemarker/2.3.34/freemarker-2.3.34-sources.jar
2025-10-14 11:00:52,753 [Worker-78: Download sources and javadoc] INFO  o.e.m.c.i.e.AbstractTransferListenerAdapter - Downloaded https://repo.maven.apache.org/maven2/org/freemarker/freemarker/2.3.34/freemarker-2.3.34-sources.jar
2025-10-14 11:00:52,762 [Worker-78: Download sources and javadoc] INFO  o.e.m.j.internal.DownloadSourcesJob - Downloaded sources for org.freemarker:freemarker:2.3.34
2025-10-14 11:00:52,979 [Worker-78: Download sources and javadoc] INFO  o.e.m.c.i.e.AbstractTransferListenerAdapter - Downloading https://repo.maven.apache.org/maven2/org/springframework/spring-context-support/6.2.11/spring-context-support-6.2.11-sources.jar
2025-10-14 11:00:53,207 [Worker-78: Download sources and javadoc] INFO  o.e.m.c.i.e.AbstractTransferListenerAdapter - Downloaded https://repo.maven.apache.org/maven2/org/springframework/spring-context-support/6.2.11/spring-context-support-6.2.11-sources.jar
2025-10-14 11:00:53,228 [Worker-78: Download sources and javadoc] INFO  o.e.m.j.internal.DownloadSourcesJob - Downloaded sources for org.springframework:spring-context-support:6.2.11
2025-10-14 11:00:53,435 [Worker-78: Download sources and javadoc] INFO  o.e.m.c.i.e.AbstractTransferListenerAdapter - Downloading https://repo.maven.apache.org/maven2/org/springframework/cloud/spring-cloud-netflix-eureka-client/4.3.0/spring-cloud-netflix-eureka-client-4.3.0-sources.jar
2025-10-14 11:00:53,597 [Worker-78: Download sources and javadoc] INFO  o.e.m.c.i.e.AbstractTransferListenerAdapter - Downloaded https://repo.maven.apache.org/maven2/org/springframework/cloud/spring-cloud-netflix-eureka-client/4.3.0/spring-cloud-netflix-eureka-client-4.3.0-sources.jar
2025-10-14 11:00:53,612 [Worker-78: Download sources and javadoc] INFO  o.e.m.j.internal.DownloadSourcesJob - Downloaded sources for org.springframework.cloud:spring-cloud-netflix-eureka-client:4.3.0
2025-10-14 11:00:53,835 [Worker-78: Download sources and javadoc] INFO  o.e.m.c.i.e.AbstractTransferListenerAdapter - Downloading https://repo.maven.apache.org/maven2/com/netflix/eureka/eureka-client/2.0.4/eureka-client-2.0.4-sources.jar
2025-10-14 11:00:54,026 [Worker-78: Download sources and javadoc] INFO  o.e.m.c.i.e.AbstractTransferListenerAdapter - Downloaded https://repo.maven.apache.org/maven2/com/netflix/eureka/eureka-client/2.0.4/eureka-client-2.0.4-sources.jar
2025-10-14 11:00:54,039 [Worker-78: Download sources and javadoc] INFO  o.e.m.j.internal.DownloadSourcesJob - Downloaded sources for com.netflix.eureka:eureka-client:2.0.4
2025-10-14 11:00:54,219 [Worker-78: Download sources and javadoc] INFO  o.e.m.c.i.e.AbstractTransferListenerAdapter - Downloading https://repo.maven.apache.org/maven2/com/thoughtworks/xstream/xstream/1.4.20/xstream-1.4.20-sources.jar
2025-10-14 11:00:54,428 [Worker-78: Download sources and javadoc] INFO  o.e.m.c.i.e.AbstractTransferListenerAdapter - Downloaded https://repo.maven.apache.org/maven2/com/thoughtworks/xstream/xstream/1.4.20/xstream-1.4.20-sources.jar
2025-10-14 11:00:54,437 [Worker-78: Download sources and javadoc] INFO  o.e.m.j.internal.DownloadSourcesJob - Downloaded sources for com.thoughtworks.xstream:xstream:1.4.20
2025-10-14 11:00:54,527 [Worker-80: Import Getting Started Content] INFO  o.e.m.j.i.AbstractJavaProjectConfigurator - Adding source folder /hr-system-service-registry/src/main/java
2025-10-14 11:00:54,528 [Worker-80: Import Getting Started Content] INFO  o.e.m.j.i.AbstractJavaProjectConfigurator - Adding resource folder /hr-system-service-registry/src/main/resources
2025-10-14 11:00:54,528 [Worker-80: Import Getting Started Content] INFO  o.e.m.j.i.AbstractJavaProjectConfigurator - Adding resource folder /hr-system-service-registry/src/main/resources
2025-10-14 11:00:54,529 [Worker-80: Import Getting Started Content] INFO  o.e.m.j.i.AbstractJavaProjectConfigurator - Adding source folder /hr-system-service-registry/src/test/java
2025-10-14 11:00:54,529 [Worker-80: Import Getting Started Content] INFO  o.e.m.j.i.AbstractJavaProjectConfigurator - Adding resource folder /hr-system-service-registry/src/test/resources
2025-10-14 11:00:54,636 [Worker-78: Download sources and javadoc] INFO  o.e.m.c.i.e.AbstractTransferListenerAdapter - Downloading https://repo.maven.apache.org/maven2/io/github/x-stream/mxparser/1.2.2/mxparser-1.2.2-sources.jar
2025-10-14 11:00:54,733 [Worker-78: Download sources and javadoc] INFO  o.e.m.c.i.e.AbstractTransferListenerAdapter - Downloaded https://repo.maven.apache.org/maven2/io/github/x-stream/mxparser/1.2.2/mxparser-1.2.2-sources.jar
2025-10-14 11:00:54,739 [Worker-78: Download sources and javadoc] INFO  o.e.m.j.internal.DownloadSourcesJob - Downloaded sources for io.github.x-stream:mxparser:1.2.2
2025-10-14 11:00:54,903 [Worker-78: Download sources and javadoc] INFO  o.e.m.c.i.e.AbstractTransferListenerAdapter - Downloaded https://repo.maven.apache.org/maven2/xmlpull/xmlpull/1.1.3.1/xmlpull-1.1.3.1-sources.jar
2025-10-14 11:00:54,939 [Worker-78: Download sources and javadoc] ERROR o.e.m.j.internal.DownloadSourcesJob - Could not download sources for xmlpull:xmlpull:1.1.3.1
org.eclipse.core.runtime.CoreException: Could not resolve artifact xmlpull:xmlpull:jar:sources:1.1.3.1
	at org.eclipse.m2e.core.internal.embedder.MavenImpl.lambda$7(MavenImpl.java:540)
	at org.eclipse.m2e.core.internal.embedder.MavenExecutionContext.executeBare(MavenExecutionContext.java:458)
	at org.eclipse.m2e.core.internal.embedder.MavenExecutionContext.execute(MavenExecutionContext.java:292)
	at org.eclipse.m2e.core.internal.embedder.MavenExecutionContext.execute(MavenExecutionContext.java:278)
	at org.eclipse.m2e.core.internal.embedder.MavenImpl.resolve(MavenImpl.java:509)
	at org.eclipse.m2e.core.internal.embedder.MavenImpl.resolve(MavenImpl.java:494)
	at org.eclipse.m2e.jdt.internal.DownloadSourcesJob.download(DownloadSourcesJob.java:308)
	at org.eclipse.m2e.jdt.internal.DownloadSourcesJob.downloadAttachments(DownloadSourcesJob.java:282)
	at org.eclipse.m2e.jdt.internal.DownloadSourcesJob.downloadMaven(DownloadSourcesJob.java:252)
	at org.eclipse.m2e.jdt.internal.DownloadSourcesJob.downloadFilesAndPopulateToUpdate(DownloadSourcesJob.java:220)
	at org.eclipse.m2e.jdt.internal.DownloadSourcesJob.lambda$0(DownloadSourcesJob.java:149)
	at org.eclipse.m2e.core.internal.embedder.MavenExecutionContext.executeBare(MavenExecutionContext.java:458)
	at org.eclipse.m2e.core.internal.embedder.MavenExecutionContext.execute(MavenExecutionContext.java:339)
	at org.eclipse.m2e.core.internal.embedder.MavenExecutionContext.execute(MavenExecutionContext.java:278)
	at org.eclipse.m2e.core.embedder.IMaven.execute(IMaven.java:300)
	at org.eclipse.m2e.jdt.internal.DownloadSourcesJob.run(DownloadSourcesJob.java:149)
	at org.eclipse.core.internal.jobs.Worker.run(Worker.java:63)
2025-10-14 11:00:55,199 [Worker-78: Download sources and javadoc] INFO  o.e.m.c.i.e.AbstractTransferListenerAdapter - Downloading https://repo.maven.apache.org/maven2/com/netflix/spectator/spectator-api/1.7.3/spectator-api-1.7.3-sources.jar
2025-10-14 11:00:55,382 [Worker-78: Download sources and javadoc] INFO  o.e.m.c.i.e.AbstractTransferListenerAdapter - Downloaded https://repo.maven.apache.org/maven2/com/netflix/spectator/spectator-api/1.7.3/spectator-api-1.7.3-sources.jar
2025-10-14 11:00:55,407 [Worker-78: Download sources and javadoc] INFO  o.e.m.j.internal.DownloadSourcesJob - Downloaded sources for com.netflix.spectator:spectator-api:1.7.3
2025-10-14 11:00:55,599 [Worker-78: Download sources and javadoc] INFO  o.e.m.c.i.e.AbstractTransferListenerAdapter - Downloading https://repo.maven.apache.org/maven2/org/apache/httpcomponents/httpclient/4.5.3/httpclient-4.5.3-sources.jar
2025-10-14 11:00:56,010 [Worker-78: Download sources and javadoc] INFO  o.e.m.c.i.e.AbstractTransferListenerAdapter - Downloaded https://repo.maven.apache.org/maven2/org/apache/httpcomponents/httpclient/4.5.3/httpclient-4.5.3-sources.jar
2025-10-14 11:00:56,022 [Worker-78: Download sources and javadoc] INFO  o.e.m.j.internal.DownloadSourcesJob - Downloaded sources for org.apache.httpcomponents:httpclient:4.5.3
2025-10-14 11:00:56,025 [Worker-80: Import Getting Started Content] INFO  o.e.m.c.i.p.ProjectConfigurationManager - Update completed for 1 poms: local refresh takes 0.00 sec, refresh facades takes 13.00 sec, update config takes 1.00 sec 
2025-10-14 11:00:56,169 [Worker-78: Download sources and javadoc] INFO  o.e.m.c.i.e.AbstractTransferListenerAdapter - Downloading https://repo.maven.apache.org/maven2/org/apache/httpcomponents/httpcore/4.4.16/httpcore-4.4.16-sources.jar
2025-10-14 11:00:56,228 [Worker-70: Updating Maven Project] INFO  o.e.m.c.i.p.ProjectConfigurationManager - Update started
2025-10-14 11:00:56,375 [Worker-78: Download sources and javadoc] INFO  o.e.m.c.i.e.AbstractTransferListenerAdapter - Downloaded https://repo.maven.apache.org/maven2/org/apache/httpcomponents/httpcore/4.4.16/httpcore-4.4.16-sources.jar
2025-10-14 11:00:56,392 [Worker-78: Download sources and javadoc] INFO  o.e.m.j.internal.DownloadSourcesJob - Downloaded sources for org.apache.httpcomponents:httpcore:4.4.16
2025-10-14 11:01:05,640 [Worker-78: Download sources and javadoc] INFO  o.e.m.c.i.e.AbstractTransferListenerAdapter - Downloading https://repo.maven.apache.org/maven2/commons-configuration/commons-configuration/1.10/commons-configuration-1.10-sources.jar
2025-10-14 11:01:05,865 [Worker-78: Download sources and javadoc] INFO  o.e.m.c.i.e.AbstractTransferListenerAdapter - Downloaded https://repo.maven.apache.org/maven2/commons-configuration/commons-configuration/1.10/commons-configuration-1.10-sources.jar
2025-10-14 11:01:05,904 [Worker-78: Download sources and javadoc] INFO  o.e.m.j.internal.DownloadSourcesJob - Downloaded sources for commons-configuration:commons-configuration:1.10
2025-10-14 11:01:05,933 [Worker-70: Updating Maven Project] INFO  o.e.m.c.i.l.LifecycleMappingFactory - Using org.eclipse.m2e.jdt.JarLifecycleMapping lifecycle mapping for MavenProject: com.example.genc:hr-system-service-registry:0.0.1-SNAPSHOT @ C:\Users\2440888\OneDrive - Cognizant\Desktop\Health-Insurance-Claim\hr-system-service-registry\pom.xml.
2025-10-14 11:01:06,170 [Worker-78: Download sources and javadoc] INFO  o.e.m.c.i.e.AbstractTransferListenerAdapter - Downloading https://repo.maven.apache.org/maven2/commons-lang/commons-lang/2.6/commons-lang-2.6-sources.jar
2025-10-14 11:01:06,393 [Worker-78: Download sources and javadoc] INFO  o.e.m.c.i.e.AbstractTransferListenerAdapter - Downloaded https://repo.maven.apache.org/maven2/commons-lang/commons-lang/2.6/commons-lang-2.6-sources.jar
2025-10-14 11:01:06,421 [Worker-78: Download sources and javadoc] INFO  o.e.m.j.internal.DownloadSourcesJob - Downloaded sources for commons-lang:commons-lang:2.6
2025-10-14 11:01:06,601 [Worker-78: Download sources and javadoc] INFO  o.e.m.c.i.e.AbstractTransferListenerAdapter - Downloading https://repo.maven.apache.org/maven2/com/netflix/netflix-commons/netflix-eventbus/0.3.0/netflix-eventbus-0.3.0-sources.jar
2025-10-14 11:01:06,719 [Worker-78: Download sources and javadoc] INFO  o.e.m.c.i.e.AbstractTransferListenerAdapter - Downloaded https://repo.maven.apache.org/maven2/com/netflix/netflix-commons/netflix-eventbus/0.3.0/netflix-eventbus-0.3.0-sources.jar
2025-10-14 11:01:06,733 [Worker-78: Download sources and javadoc] INFO  o.e.m.j.internal.DownloadSourcesJob - Downloaded sources for com.netflix.netflix-commons:netflix-eventbus:0.3.0
2025-10-14 11:01:06,913 [Worker-78: Download sources and javadoc] INFO  o.e.m.c.i.e.AbstractTransferListenerAdapter - Downloading https://repo.maven.apache.org/maven2/com/netflix/netflix-commons/netflix-infix/0.3.0/netflix-infix-0.3.0-sources.jar
2025-10-14 11:01:07,033 [Worker-78: Download sources and javadoc] INFO  o.e.m.c.i.e.AbstractTransferListenerAdapter - Downloaded https://repo.maven.apache.org/maven2/com/netflix/netflix-commons/netflix-infix/0.3.0/netflix-infix-0.3.0-sources.jar
2025-10-14 11:01:07,038 [Worker-78: Download sources and javadoc] INFO  o.e.m.j.internal.DownloadSourcesJob - Downloaded sources for com.netflix.netflix-commons:netflix-infix:0.3.0
2025-10-14 11:01:07,227 [Worker-78: Download sources and javadoc] INFO  o.e.m.c.i.e.AbstractTransferListenerAdapter - Downloading https://repo.maven.apache.org/maven2/commons-jxpath/commons-jxpath/1.3/commons-jxpath-1.3-sources.jar
2025-10-14 11:01:07,421 [Worker-78: Download sources and javadoc] INFO  o.e.m.c.i.e.AbstractTransferListenerAdapter - Downloaded https://repo.maven.apache.org/maven2/commons-jxpath/commons-jxpath/1.3/commons-jxpath-1.3-sources.jar
2025-10-14 11:01:07,425 [Worker-78: Download sources and javadoc] INFO  o.e.m.j.internal.DownloadSourcesJob - Downloaded sources for commons-jxpath:commons-jxpath:1.3
2025-10-14 11:01:07,589 [Worker-78: Download sources and javadoc] INFO  o.e.m.c.i.e.AbstractTransferListenerAdapter - Downloading https://repo.maven.apache.org/maven2/joda-time/joda-time/2.3/joda-time-2.3-sources.jar
2025-10-14 11:01:07,863 [Worker-78: Download sources and javadoc] INFO  o.e.m.c.i.e.AbstractTransferListenerAdapter - Downloaded https://repo.maven.apache.org/maven2/joda-time/joda-time/2.3/joda-time-2.3-sources.jar
2025-10-14 11:01:07,870 [Worker-78: Download sources and javadoc] INFO  o.e.m.j.internal.DownloadSourcesJob - Downloaded sources for joda-time:joda-time:2.3
2025-10-14 11:01:08,042 [Worker-78: Download sources and javadoc] INFO  o.e.m.c.i.e.AbstractTransferListenerAdapter - Downloading https://repo.maven.apache.org/maven2/org/antlr/antlr-runtime/3.4/antlr-runtime-3.4-sources.jar
2025-10-14 11:01:08,226 [Worker-78: Download sources and javadoc] INFO  o.e.m.c.i.e.AbstractTransferListenerAdapter - Downloaded https://repo.maven.apache.org/maven2/org/antlr/antlr-runtime/3.4/antlr-runtime-3.4-sources.jar
2025-10-14 11:01:08,233 [Worker-78: Download sources and javadoc] INFO  o.e.m.j.internal.DownloadSourcesJob - Downloaded sources for org.antlr:antlr-runtime:3.4
2025-10-14 11:01:08,386 [Worker-78: Download sources and javadoc] INFO  o.e.m.c.i.e.AbstractTransferListenerAdapter - Downloading https://repo.maven.apache.org/maven2/org/antlr/stringtemplate/3.2.1/stringtemplate-3.2.1-sources.jar
2025-10-14 11:01:08,561 [Worker-78: Download sources and javadoc] INFO  o.e.m.c.i.e.AbstractTransferListenerAdapter - Downloaded https://repo.maven.apache.org/maven2/org/antlr/stringtemplate/3.2.1/stringtemplate-3.2.1-sources.jar
2025-10-14 11:01:08,572 [Worker-78: Download sources and javadoc] INFO  o.e.m.j.internal.DownloadSourcesJob - Downloaded sources for org.antlr:stringtemplate:3.2.1
2025-10-14 11:01:08,732 [Worker-78: Download sources and javadoc] INFO  o.e.m.c.i.e.AbstractTransferListenerAdapter - Downloaded https://repo.maven.apache.org/maven2/antlr/antlr/2.7.7/antlr-2.7.7-sources.jar
2025-10-14 11:01:08,736 [Worker-78: Download sources and javadoc] ERROR o.e.m.j.internal.DownloadSourcesJob - Could not download sources for antlr:antlr:2.7.7
org.eclipse.core.runtime.CoreException: Could not resolve artifact antlr:antlr:jar:sources:2.7.7
	at org.eclipse.m2e.core.internal.embedder.MavenImpl.lambda$7(MavenImpl.java:540)
	at org.eclipse.m2e.core.internal.embedder.MavenExecutionContext.executeBare(MavenExecutionContext.java:458)
	at org.eclipse.m2e.core.internal.embedder.MavenExecutionContext.execute(MavenExecutionContext.java:292)
	at org.eclipse.m2e.core.internal.embedder.MavenExecutionContext.execute(MavenExecutionContext.java:278)
	at org.eclipse.m2e.core.internal.embedder.MavenImpl.resolve(MavenImpl.java:509)
	at org.eclipse.m2e.core.internal.embedder.MavenImpl.resolve(MavenImpl.java:494)
	at org.eclipse.m2e.jdt.internal.DownloadSourcesJob.download(DownloadSourcesJob.java:308)
	at org.eclipse.m2e.jdt.internal.DownloadSourcesJob.downloadAttachments(DownloadSourcesJob.java:282)
	at org.eclipse.m2e.jdt.internal.DownloadSourcesJob.downloadMaven(DownloadSourcesJob.java:252)
	at org.eclipse.m2e.jdt.internal.DownloadSourcesJob.downloadFilesAndPopulateToUpdate(DownloadSourcesJob.java:220)
	at org.eclipse.m2e.jdt.internal.DownloadSourcesJob.lambda$0(DownloadSourcesJob.java:149)
	at org.eclipse.m2e.core.internal.embedder.MavenExecutionContext.executeBare(MavenExecutionContext.java:458)
	at org.eclipse.m2e.core.internal.embedder.MavenExecutionContext.execute(MavenExecutionContext.java:339)
	at org.eclipse.m2e.core.internal.embedder.MavenExecutionContext.execute(MavenExecutionContext.java:278)
	at org.eclipse.m2e.core.embedder.IMaven.execute(IMaven.java:300)
	at org.eclipse.m2e.jdt.internal.DownloadSourcesJob.run(DownloadSourcesJob.java:149)
	at org.eclipse.core.internal.jobs.Worker.run(Worker.java:63)
2025-10-14 11:01:08,891 [Worker-78: Download sources and javadoc] INFO  o.e.m.c.i.e.AbstractTransferListenerAdapter - Downloading https://repo.maven.apache.org/maven2/com/google/code/gson/gson/2.13.2/gson-2.13.2-sources.jar
2025-10-14 11:01:09,082 [Worker-78: Download sources and javadoc] INFO  o.e.m.c.i.e.AbstractTransferListenerAdapter - Downloaded https://repo.maven.apache.org/maven2/com/google/code/gson/gson/2.13.2/gson-2.13.2-sources.jar
2025-10-14 11:01:09,093 [Worker-78: Download sources and javadoc] INFO  o.e.m.j.internal.DownloadSourcesJob - Downloaded sources for com.google.code.gson:gson:2.13.2
2025-10-14 11:01:09,181 [Worker-70: Updating Maven Project] INFO  o.e.m.j.i.AbstractJavaProjectConfigurator - Adding source folder /hr-system-service-registry/src/main/java
2025-10-14 11:01:09,183 [Worker-70: Updating Maven Project] INFO  o.e.m.j.i.AbstractJavaProjectConfigurator - Adding resource folder /hr-system-service-registry/src/main/resources
2025-10-14 11:01:09,185 [Worker-70: Updating Maven Project] INFO  o.e.m.j.i.AbstractJavaProjectConfigurator - Adding resource folder /hr-system-service-registry/src/main/resources
2025-10-14 11:01:09,186 [Worker-70: Updating Maven Project] INFO  o.e.m.j.i.AbstractJavaProjectConfigurator - Adding source folder /hr-system-service-registry/src/test/java
2025-10-14 11:01:09,188 [Worker-70: Updating Maven Project] INFO  o.e.m.j.i.AbstractJavaProjectConfigurator - Adding resource folder /hr-system-service-registry/src/test/resources
2025-10-14 11:01:09,290 [Worker-78: Download sources and javadoc] INFO  o.e.m.c.i.e.AbstractTransferListenerAdapter - Downloading https://repo.maven.apache.org/maven2/com/netflix/servo/servo-core/0.5.3/servo-core-0.5.3-sources.jar
2025-10-14 11:01:09,463 [Worker-78: Download sources and javadoc] INFO  o.e.m.c.i.e.AbstractTransferListenerAdapter - Downloaded https://repo.maven.apache.org/maven2/com/netflix/servo/servo-core/0.5.3/servo-core-0.5.3-sources.jar
2025-10-14 11:01:09,469 [Worker-78: Download sources and javadoc] INFO  o.e.m.j.internal.DownloadSourcesJob - Downloaded sources for com.netflix.servo:servo-core:0.5.3
2025-10-14 11:01:09,627 [Worker-78: Download sources and javadoc] INFO  o.e.m.c.i.e.AbstractTransferListenerAdapter - Downloading https://repo.maven.apache.org/maven2/org/apache/commons/commons-math/2.2/commons-math-2.2-sources.jar
2025-10-14 11:01:09,832 [Worker-70: Updating Maven Project] INFO  o.e.m.c.i.p.ProjectConfigurationManager - Update completed for 1 poms: local refresh takes 0.00 sec, refresh facades takes 12.00 sec, update config takes 0.00 sec 
2025-10-14 11:01:09,965 [Worker-78: Download sources and javadoc] INFO  o.e.m.c.i.e.AbstractTransferListenerAdapter - Downloaded https://repo.maven.apache.org/maven2/org/apache/commons/commons-math/2.2/commons-math-2.2-sources.jar
2025-10-14 11:01:09,971 [Worker-78: Download sources and javadoc] INFO  o.e.m.j.internal.DownloadSourcesJob - Downloaded sources for org.apache.commons:commons-math:2.2
2025-10-14 11:01:10,145 [Worker-78: Download sources and javadoc] INFO  o.e.m.c.i.e.AbstractTransferListenerAdapter - Downloading https://repo.maven.apache.org/maven2/javax/annotation/javax.annotation-api/1.2/javax.annotation-api-1.2-sources.jar
2025-10-14 11:01:10,277 [Worker-78: Download sources and javadoc] INFO  o.e.m.c.i.e.AbstractTransferListenerAdapter - Downloaded https://repo.maven.apache.org/maven2/javax/annotation/javax.annotation-api/1.2/javax.annotation-api-1.2-sources.jar
2025-10-14 11:01:10,286 [Worker-78: Download sources and javadoc] INFO  o.e.m.j.internal.DownloadSourcesJob - Downloaded sources for javax.annotation:javax.annotation-api:1.2
2025-10-14 11:01:10,496 [Worker-78: Download sources and javadoc] INFO  o.e.m.c.i.e.AbstractTransferListenerAdapter - Downloading https://repo.maven.apache.org/maven2/org/codehaus/jettison/jettison/1.5.4/jettison-1.5.4-sources.jar
2025-10-14 11:01:10,651 [Worker-78: Download sources and javadoc] INFO  o.e.m.c.i.e.AbstractTransferListenerAdapter - Downloaded https://repo.maven.apache.org/maven2/org/codehaus/jettison/jettison/1.5.4/jettison-1.5.4-sources.jar
2025-10-14 11:01:10,656 [Worker-78: Download sources and javadoc] INFO  o.e.m.j.internal.DownloadSourcesJob - Downloaded sources for org.codehaus.jettison:jettison:1.5.4
2025-10-14 11:01:10,810 [Worker-78: Download sources and javadoc] INFO  o.e.m.c.i.e.AbstractTransferListenerAdapter - Downloading https://repo.maven.apache.org/maven2/org/apache/httpcomponents/client5/httpclient5/5.5/httpclient5-5.5-sources.jar
2025-10-14 11:01:10,957 [Worker-68: Building] INFO  o.a.m.s.f.DefaultMavenResourcesFiltering - Copying 1 resource from src\main\resources to target\classes
2025-10-14 11:01:10,986 [Worker-68: Building] INFO  o.a.m.s.f.DefaultMavenResourcesFiltering - Copying 0 resource from src\main\resources to target\classes
2025-10-14 11:01:10,991 [Worker-68: Building] INFO  o.a.m.s.f.DefaultMavenResourcesFiltering - skip non existing resourceDirectory C:\Users\2440888\OneDrive - Cognizant\Desktop\Health-Insurance-Claim\hr-system-service-registry\src\test\resources
2025-10-14 11:01:11,039 [Worker-78: Download sources and javadoc] INFO  o.e.m.c.i.e.AbstractTransferListenerAdapter - Downloaded https://repo.maven.apache.org/maven2/org/apache/httpcomponents/client5/httpclient5/5.5/httpclient5-5.5-sources.jar
2025-10-14 11:01:11,049 [Worker-78: Download sources and javadoc] INFO  o.e.m.j.internal.DownloadSourcesJob - Downloaded sources for org.apache.httpcomponents.client5:httpclient5:5.5
2025-10-14 11:01:11,209 [Worker-78: Download sources and javadoc] INFO  o.e.m.c.i.e.AbstractTransferListenerAdapter - Downloading https://repo.maven.apache.org/maven2/org/apache/httpcomponents/core5/httpcore5/5.3.5/httpcore5-5.3.5-sources.jar
2025-10-14 11:01:11,505 [Worker-78: Download sources and javadoc] INFO  o.e.m.c.i.e.AbstractTransferListenerAdapter - Downloaded https://repo.maven.apache.org/maven2/org/apache/httpcomponents/core5/httpcore5/5.3.5/httpcore5-5.3.5-sources.jar
2025-10-14 11:01:11,511 [Worker-78: Download sources and javadoc] INFO  o.e.m.j.internal.DownloadSourcesJob - Downloaded sources for org.apache.httpcomponents.core5:httpcore5:5.3.5
2025-10-14 11:01:11,670 [Worker-78: Download sources and javadoc] INFO  o.e.m.c.i.e.AbstractTransferListenerAdapter - Downloading https://repo.maven.apache.org/maven2/org/apache/httpcomponents/core5/httpcore5-h2/5.3.5/httpcore5-h2-5.3.5-sources.jar
2025-10-14 11:01:11,819 [Worker-78: Download sources and javadoc] INFO  o.e.m.c.i.e.AbstractTransferListenerAdapter - Downloaded https://repo.maven.apache.org/maven2/org/apache/httpcomponents/core5/httpcore5-h2/5.3.5/httpcore5-h2-5.3.5-sources.jar
2025-10-14 11:01:11,839 [Worker-78: Download sources and javadoc] INFO  o.e.m.j.internal.DownloadSourcesJob - Downloaded sources for org.apache.httpcomponents.core5:httpcore5-h2:5.3.5
2025-10-14 11:01:11,980 [Worker-78: Download sources and javadoc] INFO  o.e.m.c.i.e.AbstractTransferListenerAdapter - Downloading https://repo.maven.apache.org/maven2/com/netflix/eureka/eureka-client-jersey3/2.0.4/eureka-client-jersey3-2.0.4-sources.jar
2025-10-14 11:01:12,040 [Worker-78: Download sources and javadoc] INFO  o.e.m.c.i.e.AbstractTransferListenerAdapter - Downloaded https://repo.maven.apache.org/maven2/com/netflix/eureka/eureka-client-jersey3/2.0.4/eureka-client-jersey3-2.0.4-sources.jar
2025-10-14 11:01:12,055 [Worker-78: Download sources and javadoc] INFO  o.e.m.j.internal.DownloadSourcesJob - Downloaded sources for com.netflix.eureka:eureka-client-jersey3:2.0.4
2025-10-14 11:01:12,223 [Worker-78: Download sources and javadoc] INFO  o.e.m.c.i.e.AbstractTransferListenerAdapter - Downloading https://repo.maven.apache.org/maven2/org/glassfish/jersey/connectors/jersey-apache-connector/3.1.11/jersey-apache-connector-3.1.11-sources.jar
2025-10-14 11:01:12,308 [Worker-78: Download sources and javadoc] INFO  o.e.m.c.i.e.AbstractTransferListenerAdapter - Downloaded https://repo.maven.apache.org/maven2/org/glassfish/jersey/connectors/jersey-apache-connector/3.1.11/jersey-apache-connector-3.1.11-sources.jar
2025-10-14 11:01:12,331 [Worker-78: Download sources and javadoc] INFO  o.e.m.j.internal.DownloadSourcesJob - Downloaded sources for org.glassfish.jersey.connectors:jersey-apache-connector:3.1.11
2025-10-14 11:01:12,481 [Worker-78: Download sources and javadoc] INFO  o.e.m.c.i.e.AbstractTransferListenerAdapter - Downloading https://repo.maven.apache.org/maven2/commons-codec/commons-codec/1.18.0/commons-codec-1.18.0-sources.jar
2025-10-14 11:01:12,663 [Worker-78: Download sources and javadoc] INFO  o.e.m.c.i.e.AbstractTransferListenerAdapter - Downloaded https://repo.maven.apache.org/maven2/commons-codec/commons-codec/1.18.0/commons-codec-1.18.0-sources.jar
2025-10-14 11:01:12,677 [Worker-78: Download sources and javadoc] INFO  o.e.m.j.internal.DownloadSourcesJob - Downloaded sources for commons-codec:commons-codec:1.18.0
2025-10-14 11:01:12,843 [Worker-78: Download sources and javadoc] INFO  o.e.m.c.i.e.AbstractTransferListenerAdapter - Downloading https://repo.maven.apache.org/maven2/com/netflix/eureka/eureka-core-jersey3/2.0.4/eureka-core-jersey3-2.0.4-sources.jar
2025-10-14 11:01:12,908 [Worker-78: Download sources and javadoc] INFO  o.e.m.c.i.e.AbstractTransferListenerAdapter - Downloaded https://repo.maven.apache.org/maven2/com/netflix/eureka/eureka-core-jersey3/2.0.4/eureka-core-jersey3-2.0.4-sources.jar
2025-10-14 11:01:12,928 [Worker-78: Download sources and javadoc] INFO  o.e.m.j.internal.DownloadSourcesJob - Downloaded sources for com.netflix.eureka:eureka-core-jersey3:2.0.4
2025-10-14 11:01:13,079 [Worker-78: Download sources and javadoc] INFO  o.e.m.c.i.e.AbstractTransferListenerAdapter - Downloading https://repo.maven.apache.org/maven2/com/netflix/eureka/eureka-core/2.0.4/eureka-core-2.0.4-sources.jar
2025-10-14 11:01:13,252 [Worker-78: Download sources and javadoc] INFO  o.e.m.c.i.e.AbstractTransferListenerAdapter - Downloaded https://repo.maven.apache.org/maven2/com/netflix/eureka/eureka-core/2.0.4/eureka-core-2.0.4-sources.jar
2025-10-14 11:01:13,271 [Worker-78: Download sources and javadoc] INFO  o.e.m.j.internal.DownloadSourcesJob - Downloaded sources for com.netflix.eureka:eureka-core:2.0.4
2025-10-14 11:01:13,459 [Worker-78: Download sources and javadoc] INFO  o.e.m.c.i.e.AbstractTransferListenerAdapter - Downloading https://repo.maven.apache.org/maven2/com/google/guava/guava/33.0.0-jre/guava-33.0.0-jre-sources.jar
2025-10-14 11:01:13,855 [Worker-78: Download sources and javadoc] INFO  o.e.m.c.i.e.AbstractTransferListenerAdapter - Downloaded https://repo.maven.apache.org/maven2/com/google/guava/guava/33.0.0-jre/guava-33.0.0-jre-sources.jar
2025-10-14 11:01:13,899 [Worker-78: Download sources and javadoc] INFO  o.e.m.j.internal.DownloadSourcesJob - Downloaded sources for com.google.guava:guava:33.0.0-jre
2025-10-14 11:01:14,081 [Worker-78: Download sources and javadoc] INFO  o.e.m.c.i.e.AbstractTransferListenerAdapter - Downloading https://repo.maven.apache.org/maven2/com/google/guava/failureaccess/1.0.2/failureaccess-1.0.2-sources.jar
2025-10-14 11:01:14,132 [Worker-78: Download sources and javadoc] INFO  o.e.m.c.i.e.AbstractTransferListenerAdapter - Downloaded https://repo.maven.apache.org/maven2/com/google/guava/failureaccess/1.0.2/failureaccess-1.0.2-sources.jar
2025-10-14 11:01:14,174 [Worker-78: Download sources and javadoc] INFO  o.e.m.j.internal.DownloadSourcesJob - Downloaded sources for com.google.guava:failureaccess:1.0.2
2025-10-14 11:01:14,342 [Worker-78: Download sources and javadoc] INFO  o.e.m.c.i.e.AbstractTransferListenerAdapter - Downloaded https://repo.maven.apache.org/maven2/com/google/guava/listenablefuture/9999.0-empty-to-avoid-conflict-with-guava/listenablefuture-9999.0-empty-to-avoid-conflict-with-guava-sources.jar
2025-10-14 11:01:14,361 [Worker-78: Download sources and javadoc] ERROR o.e.m.j.internal.DownloadSourcesJob - Could not download sources for com.google.guava:listenablefuture:9999.0-empty-to-avoid-conflict-with-guava
org.eclipse.core.runtime.CoreException: Could not resolve artifact com.google.guava:listenablefuture:jar:sources:9999.0-empty-to-avoid-conflict-with-guava
	at org.eclipse.m2e.core.internal.embedder.MavenImpl.lambda$7(MavenImpl.java:540)
	at org.eclipse.m2e.core.internal.embedder.MavenExecutionContext.executeBare(MavenExecutionContext.java:458)
	at org.eclipse.m2e.core.internal.embedder.MavenExecutionContext.execute(MavenExecutionContext.java:292)
	at org.eclipse.m2e.core.internal.embedder.MavenExecutionContext.execute(MavenExecutionContext.java:278)
	at org.eclipse.m2e.core.internal.embedder.MavenImpl.resolve(MavenImpl.java:509)
	at org.eclipse.m2e.core.internal.embedder.MavenImpl.resolve(MavenImpl.java:494)
	at org.eclipse.m2e.jdt.internal.DownloadSourcesJob.download(DownloadSourcesJob.java:308)
	at org.eclipse.m2e.jdt.internal.DownloadSourcesJob.downloadAttachments(DownloadSourcesJob.java:282)
	at org.eclipse.m2e.jdt.internal.DownloadSourcesJob.downloadMaven(DownloadSourcesJob.java:252)
	at org.eclipse.m2e.jdt.internal.DownloadSourcesJob.downloadFilesAndPopulateToUpdate(DownloadSourcesJob.java:220)
	at org.eclipse.m2e.jdt.internal.DownloadSourcesJob.lambda$0(DownloadSourcesJob.java:149)
	at org.eclipse.m2e.core.internal.embedder.MavenExecutionContext.executeBare(MavenExecutionContext.java:458)
	at org.eclipse.m2e.core.internal.embedder.MavenExecutionContext.execute(MavenExecutionContext.java:339)
	at org.eclipse.m2e.core.internal.embedder.MavenExecutionContext.execute(MavenExecutionContext.java:278)
	at org.eclipse.m2e.core.embedder.IMaven.execute(IMaven.java:300)
	at org.eclipse.m2e.jdt.internal.DownloadSourcesJob.run(DownloadSourcesJob.java:149)
	at org.eclipse.core.internal.jobs.Worker.run(Worker.java:63)
2025-10-14 11:01:14,545 [Worker-78: Download sources and javadoc] INFO  o.e.m.c.i.e.AbstractTransferListenerAdapter - Downloading https://repo.maven.apache.org/maven2/org/checkerframework/checker-qual/3.41.0/checker-qual-3.41.0-sources.jar
2025-10-14 11:01:14,732 [Worker-78: Download sources and javadoc] INFO  o.e.m.c.i.e.AbstractTransferListenerAdapter - Downloaded https://repo.maven.apache.org/maven2/org/checkerframework/checker-qual/3.41.0/checker-qual-3.41.0-sources.jar
2025-10-14 11:01:14,771 [Worker-78: Download sources and javadoc] INFO  o.e.m.j.internal.DownloadSourcesJob - Downloaded sources for org.checkerframework:checker-qual:3.41.0
2025-10-14 11:01:14,993 [Worker-78: Download sources and javadoc] INFO  o.e.m.c.i.e.AbstractTransferListenerAdapter - Downloading https://repo.maven.apache.org/maven2/com/google/errorprone/error_prone_annotations/2.23.0/error_prone_annotations-2.23.0-sources.jar
2025-10-14 11:01:15,099 [Worker-78: Download sources and javadoc] INFO  o.e.m.c.i.e.AbstractTransferListenerAdapter - Downloaded https://repo.maven.apache.org/maven2/com/google/errorprone/error_prone_annotations/2.23.0/error_prone_annotations-2.23.0-sources.jar
2025-10-14 11:01:15,141 [Worker-78: Download sources and javadoc] INFO  o.e.m.j.internal.DownloadSourcesJob - Downloaded sources for com.google.errorprone:error_prone_annotations:2.23.0
2025-10-14 11:01:15,342 [Worker-78: Download sources and javadoc] INFO  o.e.m.c.i.e.AbstractTransferListenerAdapter - Downloading https://repo.maven.apache.org/maven2/com/google/j2objc/j2objc-annotations/2.8/j2objc-annotations-2.8-sources.jar
2025-10-14 11:01:15,428 [Worker-78: Download sources and javadoc] INFO  o.e.m.c.i.e.AbstractTransferListenerAdapter - Downloaded https://repo.maven.apache.org/maven2/com/google/j2objc/j2objc-annotations/2.8/j2objc-annotations-2.8-sources.jar
2025-10-14 11:01:15,480 [Worker-78: Download sources and javadoc] INFO  o.e.m.j.internal.DownloadSourcesJob - Downloaded sources for com.google.j2objc:j2objc-annotations:2.8
2025-10-14 11:01:15,748 [Worker-78: Download sources and javadoc] INFO  o.e.m.c.i.e.AbstractTransferListenerAdapter - Downloading https://repo.maven.apache.org/maven2/org/glassfish/jersey/containers/jersey-container-servlet/3.1.11/jersey-container-servlet-3.1.11-sources.jar
2025-10-14 11:01:15,861 [Worker-78: Download sources and javadoc] INFO  o.e.m.c.i.e.AbstractTransferListenerAdapter - Downloaded https://repo.maven.apache.org/maven2/org/glassfish/jersey/containers/jersey-container-servlet/3.1.11/jersey-container-servlet-3.1.11-sources.jar
2025-10-14 11:01:15,903 [Worker-78: Download sources and javadoc] INFO  o.e.m.j.internal.DownloadSourcesJob - Downloaded sources for org.glassfish.jersey.containers:jersey-container-servlet:3.1.11
2025-10-14 11:01:16,126 [Worker-78: Download sources and javadoc] INFO  o.e.m.c.i.e.AbstractTransferListenerAdapter - Downloading https://repo.maven.apache.org/maven2/org/glassfish/jersey/containers/jersey-container-servlet-core/3.1.11/jersey-container-servlet-core-3.1.11-sources.jar
2025-10-14 11:01:16,267 [Worker-78: Download sources and javadoc] INFO  o.e.m.c.i.e.AbstractTransferListenerAdapter - Downloaded https://repo.maven.apache.org/maven2/org/glassfish/jersey/containers/jersey-container-servlet-core/3.1.11/jersey-container-servlet-core-3.1.11-sources.jar
2025-10-14 11:01:16,300 [Worker-78: Download sources and javadoc] INFO  o.e.m.j.internal.DownloadSourcesJob - Downloaded sources for org.glassfish.jersey.containers:jersey-container-servlet-core:3.1.11
2025-10-14 11:01:16,494 [Worker-78: Download sources and javadoc] INFO  o.e.m.c.i.e.AbstractTransferListenerAdapter - Downloading https://repo.maven.apache.org/maven2/org/glassfish/jersey/core/jersey-common/3.1.11/jersey-common-3.1.11-sources.jar
2025-10-14 11:01:16,854 [Worker-78: Download sources and javadoc] INFO  o.e.m.c.i.e.AbstractTransferListenerAdapter - Downloaded https://repo.maven.apache.org/maven2/org/glassfish/jersey/core/jersey-common/3.1.11/jersey-common-3.1.11-sources.jar
2025-10-14 11:01:16,904 [Worker-78: Download sources and javadoc] INFO  o.e.m.j.internal.DownloadSourcesJob - Downloaded sources for org.glassfish.jersey.core:jersey-common:3.1.11
2025-10-14 11:01:17,125 [Worker-78: Download sources and javadoc] INFO  o.e.m.c.i.e.AbstractTransferListenerAdapter - Downloading https://repo.maven.apache.org/maven2/org/glassfish/hk2/osgi-resource-locator/1.0.3/osgi-resource-locator-1.0.3-sources.jar
2025-10-14 11:01:17,207 [Worker-78: Download sources and javadoc] INFO  o.e.m.c.i.e.AbstractTransferListenerAdapter - Downloaded https://repo.maven.apache.org/maven2/org/glassfish/hk2/osgi-resource-locator/1.0.3/osgi-resource-locator-1.0.3-sources.jar
2025-10-14 11:01:17,266 [Worker-78: Download sources and javadoc] INFO  o.e.m.j.internal.DownloadSourcesJob - Downloaded sources for org.glassfish.hk2:osgi-resource-locator:1.0.3
2025-10-14 11:01:17,447 [Worker-78: Download sources and javadoc] INFO  o.e.m.c.i.e.AbstractTransferListenerAdapter - Downloading https://repo.maven.apache.org/maven2/jakarta/ws/rs/jakarta.ws.rs-api/3.1.0/jakarta.ws.rs-api-3.1.0-sources.jar
2025-10-14 11:01:17,668 [Worker-78: Download sources and javadoc] INFO  o.e.m.c.i.e.AbstractTransferListenerAdapter - Downloaded https://repo.maven.apache.org/maven2/jakarta/ws/rs/jakarta.ws.rs-api/3.1.0/jakarta.ws.rs-api-3.1.0-sources.jar
2025-10-14 11:01:17,733 [Worker-78: Download sources and javadoc] INFO  o.e.m.j.internal.DownloadSourcesJob - Downloaded sources for jakarta.ws.rs:jakarta.ws.rs-api:3.1.0
2025-10-14 11:01:17,988 [Worker-78: Download sources and javadoc] INFO  o.e.m.c.i.e.AbstractTransferListenerAdapter - Downloading https://repo.maven.apache.org/maven2/org/glassfish/jersey/core/jersey-server/3.1.11/jersey-server-3.1.11-sources.jar
2025-10-14 11:01:18,255 [Worker-78: Download sources and javadoc] INFO  o.e.m.c.i.e.AbstractTransferListenerAdapter - Downloaded https://repo.maven.apache.org/maven2/org/glassfish/jersey/core/jersey-server/3.1.11/jersey-server-3.1.11-sources.jar
2025-10-14 11:01:18,292 [Worker-78: Download sources and javadoc] INFO  o.e.m.j.internal.DownloadSourcesJob - Downloaded sources for org.glassfish.jersey.core:jersey-server:3.1.11
2025-10-14 11:01:18,481 [Worker-78: Download sources and javadoc] INFO  o.e.m.c.i.e.AbstractTransferListenerAdapter - Downloading https://repo.maven.apache.org/maven2/org/glassfish/jersey/core/jersey-client/3.1.11/jersey-client-3.1.11-sources.jar
2025-10-14 11:01:18,667 [Worker-78: Download sources and javadoc] INFO  o.e.m.c.i.e.AbstractTransferListenerAdapter - Downloaded https://repo.maven.apache.org/maven2/org/glassfish/jersey/core/jersey-client/3.1.11/jersey-client-3.1.11-sources.jar
2025-10-14 11:01:18,719 [Worker-78: Download sources and javadoc] INFO  o.e.m.j.internal.DownloadSourcesJob - Downloaded sources for org.glassfish.jersey.core:jersey-client:3.1.11
2025-10-14 11:01:18,918 [Worker-78: Download sources and javadoc] INFO  o.e.m.c.i.e.AbstractTransferListenerAdapter - Downloading https://repo.maven.apache.org/maven2/org/glassfish/jersey/inject/jersey-hk2/3.1.11/jersey-hk2-3.1.11-sources.jar
2025-10-14 11:01:19,053 [Worker-78: Download sources and javadoc] INFO  o.e.m.c.i.e.AbstractTransferListenerAdapter - Downloaded https://repo.maven.apache.org/maven2/org/glassfish/jersey/inject/jersey-hk2/3.1.11/jersey-hk2-3.1.11-sources.jar
2025-10-14 11:01:19,091 [Worker-78: Download sources and javadoc] INFO  o.e.m.j.internal.DownloadSourcesJob - Downloaded sources for org.glassfish.jersey.inject:jersey-hk2:3.1.11
2025-10-14 11:01:19,291 [Worker-78: Download sources and javadoc] INFO  o.e.m.c.i.e.AbstractTransferListenerAdapter - Downloading https://repo.maven.apache.org/maven2/org/glassfish/hk2/hk2-locator/3.0.6/hk2-locator-3.0.6-sources.jar
2025-10-14 11:01:19,450 [Worker-78: Download sources and javadoc] INFO  o.e.m.c.i.e.AbstractTransferListenerAdapter - Downloaded https://repo.maven.apache.org/maven2/org/glassfish/hk2/hk2-locator/3.0.6/hk2-locator-3.0.6-sources.jar
2025-10-14 11:01:19,481 [Worker-78: Download sources and javadoc] INFO  o.e.m.j.internal.DownloadSourcesJob - Downloaded sources for org.glassfish.hk2:hk2-locator:3.0.6
2025-10-14 11:01:19,666 [Worker-78: Download sources and javadoc] INFO  o.e.m.c.i.e.AbstractTransferListenerAdapter - Downloading https://repo.maven.apache.org/maven2/org/glassfish/hk2/hk2-utils/3.0.6/hk2-utils-3.0.6-sources.jar
2025-10-14 11:01:19,810 [Worker-78: Download sources and javadoc] INFO  o.e.m.c.i.e.AbstractTransferListenerAdapter - Downloaded https://repo.maven.apache.org/maven2/org/glassfish/hk2/hk2-utils/3.0.6/hk2-utils-3.0.6-sources.jar
2025-10-14 11:01:19,838 [Worker-78: Download sources and javadoc] INFO  o.e.m.j.internal.DownloadSourcesJob - Downloaded sources for org.glassfish.hk2:hk2-utils:3.0.6
2025-10-14 11:01:20,021 [Worker-78: Download sources and javadoc] INFO  o.e.m.c.i.e.AbstractTransferListenerAdapter - Downloading https://repo.maven.apache.org/maven2/org/javassist/javassist/3.30.2-GA/javassist-3.30.2-GA-sources.jar
2025-10-14 11:01:20,278 [Worker-78: Download sources and javadoc] INFO  o.e.m.c.i.e.AbstractTransferListenerAdapter - Downloaded https://repo.maven.apache.org/maven2/org/javassist/javassist/3.30.2-GA/javassist-3.30.2-GA-sources.jar
2025-10-14 11:01:20,324 [Worker-78: Download sources and javadoc] INFO  o.e.m.j.internal.DownloadSourcesJob - Downloaded sources for org.javassist:javassist:3.30.2-GA
2025-10-14 11:01:20,578 [Worker-78: Download sources and javadoc] INFO  o.e.m.c.i.e.AbstractTransferListenerAdapter - Downloading https://repo.maven.apache.org/maven2/org/glassfish/hk2/spring-bridge/3.1.1/spring-bridge-3.1.1-sources.jar
2025-10-14 11:01:20,697 [Worker-78: Download sources and javadoc] INFO  o.e.m.c.i.e.AbstractTransferListenerAdapter - Downloaded https://repo.maven.apache.org/maven2/org/glassfish/hk2/spring-bridge/3.1.1/spring-bridge-3.1.1-sources.jar
2025-10-14 11:01:20,731 [Worker-78: Download sources and javadoc] INFO  o.e.m.j.internal.DownloadSourcesJob - Downloaded sources for org.glassfish.hk2:spring-bridge:3.1.1
2025-10-14 11:01:20,941 [Worker-78: Download sources and javadoc] INFO  o.e.m.c.i.e.AbstractTransferListenerAdapter - Downloading https://repo.maven.apache.org/maven2/org/glassfish/hk2/hk2-api/3.1.1/hk2-api-3.1.1-sources.jar
2025-10-14 11:01:21,151 [Worker-78: Download sources and javadoc] INFO  o.e.m.c.i.e.AbstractTransferListenerAdapter - Downloaded https://repo.maven.apache.org/maven2/org/glassfish/hk2/hk2-api/3.1.1/hk2-api-3.1.1-sources.jar
2025-10-14 11:01:21,187 [Worker-78: Download sources and javadoc] INFO  o.e.m.j.internal.DownloadSourcesJob - Downloaded sources for org.glassfish.hk2:hk2-api:3.1.1
2025-10-14 11:01:21,402 [Worker-78: Download sources and javadoc] INFO  o.e.m.c.i.e.AbstractTransferListenerAdapter - Downloading https://repo.maven.apache.org/maven2/com/fasterxml/jackson/dataformat/jackson-dataformat-xml/2.19.2/jackson-dataformat-xml-2.19.2-sources.jar
2025-10-14 11:01:21,552 [Worker-78: Download sources and javadoc] INFO  o.e.m.c.i.e.AbstractTransferListenerAdapter - Downloaded https://repo.maven.apache.org/maven2/com/fasterxml/jackson/dataformat/jackson-dataformat-xml/2.19.2/jackson-dataformat-xml-2.19.2-sources.jar
2025-10-14 11:01:21,612 [Worker-78: Download sources and javadoc] INFO  o.e.m.j.internal.DownloadSourcesJob - Downloaded sources for com.fasterxml.jackson.dataformat:jackson-dataformat-xml:2.19.2
2025-10-14 11:01:21,820 [Worker-78: Download sources and javadoc] INFO  o.e.m.c.i.e.AbstractTransferListenerAdapter - Downloading https://repo.maven.apache.org/maven2/org/codehaus/woodstox/stax2-api/4.2.2/stax2-api-4.2.2-sources.jar
2025-10-14 11:01:22,005 [Worker-78: Download sources and javadoc] INFO  o.e.m.c.i.e.AbstractTransferListenerAdapter - Downloaded https://repo.maven.apache.org/maven2/org/codehaus/woodstox/stax2-api/4.2.2/stax2-api-4.2.2-sources.jar
2025-10-14 11:01:22,037 [Worker-78: Download sources and javadoc] INFO  o.e.m.j.internal.DownloadSourcesJob - Downloaded sources for org.codehaus.woodstox:stax2-api:4.2.2
2025-10-14 11:01:22,249 [Worker-78: Download sources and javadoc] INFO  o.e.m.c.i.e.AbstractTransferListenerAdapter - Downloading https://repo.maven.apache.org/maven2/com/fasterxml/woodstox/woodstox-core/7.1.1/woodstox-core-7.1.1-sources.jar
2025-10-14 11:01:22,484 [Worker-78: Download sources and javadoc] INFO  o.e.m.c.i.e.AbstractTransferListenerAdapter - Downloaded https://repo.maven.apache.org/maven2/com/fasterxml/woodstox/woodstox-core/7.1.1/woodstox-core-7.1.1-sources.jar
2025-10-14 11:01:22,511 [Worker-78: Download sources and javadoc] INFO  o.e.m.j.internal.DownloadSourcesJob - Downloaded sources for com.fasterxml.woodstox:woodstox-core:7.1.1
2025-10-14 11:01:22,675 [Worker-78: Download sources and javadoc] INFO  o.e.m.c.i.e.AbstractTransferListenerAdapter - Downloaded https://repo.maven.apache.org/maven2/org/springframework/cloud/spring-cloud-starter-loadbalancer/4.3.0/spring-cloud-starter-loadbalancer-4.3.0-sources.jar
2025-10-14 11:01:22,693 [Worker-78: Download sources and javadoc] ERROR o.e.m.j.internal.DownloadSourcesJob - Could not download sources for org.springframework.cloud:spring-cloud-starter-loadbalancer:4.3.0
org.eclipse.core.runtime.CoreException: Could not resolve artifact org.springframework.cloud:spring-cloud-starter-loadbalancer:jar:sources:4.3.0
	at org.eclipse.m2e.core.internal.embedder.MavenImpl.lambda$7(MavenImpl.java:540)
	at org.eclipse.m2e.core.internal.embedder.MavenExecutionContext.executeBare(MavenExecutionContext.java:458)
	at org.eclipse.m2e.core.internal.embedder.MavenExecutionContext.execute(MavenExecutionContext.java:292)
	at org.eclipse.m2e.core.internal.embedder.MavenExecutionContext.execute(MavenExecutionContext.java:278)
	at org.eclipse.m2e.core.internal.embedder.MavenImpl.resolve(MavenImpl.java:509)
	at org.eclipse.m2e.core.internal.embedder.MavenImpl.resolve(MavenImpl.java:494)
	at org.eclipse.m2e.jdt.internal.DownloadSourcesJob.download(DownloadSourcesJob.java:308)
	at org.eclipse.m2e.jdt.internal.DownloadSourcesJob.downloadAttachments(DownloadSourcesJob.java:282)
	at org.eclipse.m2e.jdt.internal.DownloadSourcesJob.downloadMaven(DownloadSourcesJob.java:252)
	at org.eclipse.m2e.jdt.internal.DownloadSourcesJob.downloadFilesAndPopulateToUpdate(DownloadSourcesJob.java:220)
	at org.eclipse.m2e.jdt.internal.DownloadSourcesJob.lambda$0(DownloadSourcesJob.java:149)
	at org.eclipse.m2e.core.internal.embedder.MavenExecutionContext.executeBare(MavenExecutionContext.java:458)
	at org.eclipse.m2e.core.internal.embedder.MavenExecutionContext.execute(MavenExecutionContext.java:339)
	at org.eclipse.m2e.core.internal.embedder.MavenExecutionContext.execute(MavenExecutionContext.java:278)
	at org.eclipse.m2e.core.embedder.IMaven.execute(IMaven.java:300)
	at org.eclipse.m2e.jdt.internal.DownloadSourcesJob.run(DownloadSourcesJob.java:149)
	at org.eclipse.core.internal.jobs.Worker.run(Worker.java:63)
2025-10-14 11:01:22,847 [Worker-78: Download sources and javadoc] INFO  o.e.m.c.i.e.AbstractTransferListenerAdapter - Downloading https://repo.maven.apache.org/maven2/org/springframework/cloud/spring-cloud-loadbalancer/4.3.0/spring-cloud-loadbalancer-4.3.0-sources.jar
2025-10-14 11:01:22,959 [Worker-78: Download sources and javadoc] INFO  o.e.m.c.i.e.AbstractTransferListenerAdapter - Downloaded https://repo.maven.apache.org/maven2/org/springframework/cloud/spring-cloud-loadbalancer/4.3.0/spring-cloud-loadbalancer-4.3.0-sources.jar
2025-10-14 11:01:22,977 [Worker-78: Download sources and javadoc] INFO  o.e.m.j.internal.DownloadSourcesJob - Downloaded sources for org.springframework.cloud:spring-cloud-loadbalancer:4.3.0
2025-10-14 11:01:23,129 [Worker-78: Download sources and javadoc] INFO  o.e.m.c.i.e.AbstractTransferListenerAdapter - Downloading https://repo.maven.apache.org/maven2/io/projectreactor/reactor-core/3.7.11/reactor-core-3.7.11-sources.jar
2025-10-14 11:01:23,452 [Worker-78: Download sources and javadoc] INFO  o.e.m.c.i.e.AbstractTransferListenerAdapter - Downloaded https://repo.maven.apache.org/maven2/io/projectreactor/reactor-core/3.7.11/reactor-core-3.7.11-sources.jar
2025-10-14 11:01:23,476 [Worker-78: Download sources and javadoc] INFO  o.e.m.j.internal.DownloadSourcesJob - Downloaded sources for io.projectreactor:reactor-core:3.7.11
2025-10-14 11:01:23,655 [Worker-78: Download sources and javadoc] INFO  o.e.m.c.i.e.AbstractTransferListenerAdapter - Downloading https://repo.maven.apache.org/maven2/org/reactivestreams/reactive-streams/1.0.4/reactive-streams-1.0.4-sources.jar
2025-10-14 11:01:23,698 [Worker-78: Download sources and javadoc] INFO  o.e.m.c.i.e.AbstractTransferListenerAdapter - Downloaded https://repo.maven.apache.org/maven2/org/reactivestreams/reactive-streams/1.0.4/reactive-streams-1.0.4-sources.jar
2025-10-14 11:01:23,718 [Worker-78: Download sources and javadoc] INFO  o.e.m.j.internal.DownloadSourcesJob - Downloaded sources for org.reactivestreams:reactive-streams:1.0.4
2025-10-14 11:01:23,902 [Worker-78: Download sources and javadoc] INFO  o.e.m.c.i.e.AbstractTransferListenerAdapter - Downloading https://repo.maven.apache.org/maven2/io/projectreactor/addons/reactor-extra/3.5.3/reactor-extra-3.5.3-sources.jar
2025-10-14 11:01:24,035 [Worker-78: Download sources and javadoc] INFO  o.e.m.c.i.e.AbstractTransferListenerAdapter - Downloaded https://repo.maven.apache.org/maven2/io/projectreactor/addons/reactor-extra/3.5.3/reactor-extra-3.5.3-sources.jar
2025-10-14 11:01:24,103 [Worker-78: Download sources and javadoc] INFO  o.e.m.j.internal.DownloadSourcesJob - Downloaded sources for io.projectreactor.addons:reactor-extra:3.5.3
2025-10-14 11:01:24,323 [Worker-78: Download sources and javadoc] INFO  o.e.m.c.i.e.AbstractTransferListenerAdapter - Downloading https://repo.maven.apache.org/maven2/org/springframework/boot/spring-boot-starter-cache/3.5.6/spring-boot-starter-cache-3.5.6-sources.jar
2025-10-14 11:01:24,373 [Worker-78: Download sources and javadoc] INFO  o.e.m.c.i.e.AbstractTransferListenerAdapter - Downloaded https://repo.maven.apache.org/maven2/org/springframework/boot/spring-boot-starter-cache/3.5.6/spring-boot-starter-cache-3.5.6-sources.jar
2025-10-14 11:01:24,445 [Worker-78: Download sources and javadoc] INFO  o.e.m.j.internal.DownloadSourcesJob - Downloaded sources for org.springframework.boot:spring-boot-starter-cache:3.5.6
2025-10-14 11:01:24,649 [Worker-78: Download sources and javadoc] INFO  o.e.m.c.i.e.AbstractTransferListenerAdapter - Downloading https://repo.maven.apache.org/maven2/com/stoyanr/evictor/1.0.0/evictor-1.0.0-sources.jar
2025-10-14 11:01:24,734 [Worker-78: Download sources and javadoc] INFO  o.e.m.c.i.e.AbstractTransferListenerAdapter - Downloaded https://repo.maven.apache.org/maven2/com/stoyanr/evictor/1.0.0/evictor-1.0.0-sources.jar
2025-10-14 11:01:24,759 [Worker-78: Download sources and javadoc] INFO  o.e.m.j.internal.DownloadSourcesJob - Downloaded sources for com.stoyanr:evictor:1.0.0
2025-10-14 11:02:11,829 [Worker-70: Building] INFO  o.a.m.s.f.DefaultMavenResourcesFiltering - Copying 1 resource from src\main\resources to target\classes
2025-10-14 11:02:11,853 [Worker-70: Building] INFO  o.a.m.s.f.DefaultMavenResourcesFiltering - Copying 0 resource from src\main\resources to target\classes
2025-10-14 11:02:11,857 [Worker-70: Building] INFO  o.a.m.s.f.DefaultMavenResourcesFiltering - skip non existing resourceDirectory C:\Users\2440888\OneDrive - Cognizant\Desktop\Health-Insurance-Claim\hr-system-service-registry\src\test\resources
2025-10-14 11:03:29,162 [Worker-68: Building] INFO  o.a.m.s.f.DefaultMavenResourcesFiltering - Copying 1 resource from src\main\resources to target\classes
2025-10-14 11:03:29,177 [Worker-68: Building] INFO  o.a.m.s.f.DefaultMavenResourcesFiltering - Copying 0 resource from src\main\resources to target\classes
2025-10-14 11:03:29,182 [Worker-68: Building] INFO  o.a.m.s.f.DefaultMavenResourcesFiltering - skip non existing resourceDirectory C:\Users\2440888\OneDrive - Cognizant\Desktop\Health-Insurance-Claim\hr-system-service-registry\src\test\resources
2025-10-14 11:03:43,260 [Worker-78: Download sources and javadoc] INFO  o.e.m.c.i.e.AbstractTransferListenerAdapter - Downloaded https://repo.maven.apache.org/maven2/org/springframework/cloud/spring-cloud-starter-netflix-eureka-server/4.3.0/spring-cloud-starter-netflix-eureka-server-4.3.0-javadoc.jar
2025-10-14 11:03:43,267 [Worker-78: Download sources and javadoc] ERROR o.e.m.j.internal.DownloadSourcesJob - Could not download javadoc for org.springframework.cloud:spring-cloud-starter-netflix-eureka-server:4.3.0
org.eclipse.core.runtime.CoreException: Could not resolve artifact org.springframework.cloud:spring-cloud-starter-netflix-eureka-server:jar:javadoc:4.3.0
	at org.eclipse.m2e.core.internal.embedder.MavenImpl.lambda$7(MavenImpl.java:540)
	at org.eclipse.m2e.core.internal.embedder.MavenExecutionContext.executeBare(MavenExecutionContext.java:458)
	at org.eclipse.m2e.core.internal.embedder.MavenExecutionContext.execute(MavenExecutionContext.java:292)
	at org.eclipse.m2e.core.internal.embedder.MavenExecutionContext.execute(MavenExecutionContext.java:278)
	at org.eclipse.m2e.core.internal.embedder.MavenImpl.resolve(MavenImpl.java:509)
	at org.eclipse.m2e.core.internal.embedder.MavenImpl.resolve(MavenImpl.java:494)
	at org.eclipse.m2e.jdt.internal.DownloadSourcesJob.download(DownloadSourcesJob.java:308)
	at org.eclipse.m2e.jdt.internal.DownloadSourcesJob.downloadAttachments(DownloadSourcesJob.java:294)
	at org.eclipse.m2e.jdt.internal.DownloadSourcesJob.downloadMaven(DownloadSourcesJob.java:252)
	at org.eclipse.m2e.jdt.internal.DownloadSourcesJob.downloadFilesAndPopulateToUpdate(DownloadSourcesJob.java:220)
	at org.eclipse.m2e.jdt.internal.DownloadSourcesJob.lambda$0(DownloadSourcesJob.java:149)
	at org.eclipse.m2e.core.internal.embedder.MavenExecutionContext.executeBare(MavenExecutionContext.java:458)
	at org.eclipse.m2e.core.internal.embedder.MavenExecutionContext.execute(MavenExecutionContext.java:339)
	at org.eclipse.m2e.core.internal.embedder.MavenExecutionContext.execute(MavenExecutionContext.java:278)
	at org.eclipse.m2e.core.embedder.IMaven.execute(IMaven.java:300)
	at org.eclipse.m2e.jdt.internal.DownloadSourcesJob.run(DownloadSourcesJob.java:149)
	at org.eclipse.core.internal.jobs.Worker.run(Worker.java:63)
2025-10-14 11:03:43,471 [Worker-78: Download sources and javadoc] INFO  o.e.m.c.i.e.AbstractTransferListenerAdapter - Downloading https://repo.maven.apache.org/maven2/org/springframework/cloud/spring-cloud-starter/4.3.0/spring-cloud-starter-4.3.0-javadoc.jar
2025-10-14 11:03:43,508 [Worker-78: Download sources and javadoc] INFO  o.e.m.c.i.e.AbstractTransferListenerAdapter - Downloaded https://repo.maven.apache.org/maven2/org/springframework/cloud/spring-cloud-starter/4.3.0/spring-cloud-starter-4.3.0-javadoc.jar
2025-10-14 11:03:43,527 [Worker-78: Download sources and javadoc] INFO  o.e.m.j.internal.DownloadSourcesJob - Downloaded javadoc for org.springframework.cloud:spring-cloud-starter:4.3.0
2025-10-14 11:03:43,720 [Worker-78: Download sources and javadoc] INFO  o.e.m.c.i.e.AbstractTransferListenerAdapter - Downloaded https://repo.maven.apache.org/maven2/xmlpull/xmlpull/1.1.3.1/xmlpull-1.1.3.1-javadoc.jar
2025-10-14 11:03:43,730 [Worker-78: Download sources and javadoc] ERROR o.e.m.j.internal.DownloadSourcesJob - Could not download javadoc for xmlpull:xmlpull:1.1.3.1
org.eclipse.core.runtime.CoreException: Could not resolve artifact xmlpull:xmlpull:jar:javadoc:1.1.3.1
	at org.eclipse.m2e.core.internal.embedder.MavenImpl.lambda$7(MavenImpl.java:540)
	at org.eclipse.m2e.core.internal.embedder.MavenExecutionContext.executeBare(MavenExecutionContext.java:458)
	at org.eclipse.m2e.core.internal.embedder.MavenExecutionContext.execute(MavenExecutionContext.java:292)
	at org.eclipse.m2e.core.internal.embedder.MavenExecutionContext.execute(MavenExecutionContext.java:278)
	at org.eclipse.m2e.core.internal.embedder.MavenImpl.resolve(MavenImpl.java:509)
	at org.eclipse.m2e.core.internal.embedder.MavenImpl.resolve(MavenImpl.java:494)
	at org.eclipse.m2e.jdt.internal.DownloadSourcesJob.download(DownloadSourcesJob.java:308)
	at org.eclipse.m2e.jdt.internal.DownloadSourcesJob.downloadAttachments(DownloadSourcesJob.java:294)
	at org.eclipse.m2e.jdt.internal.DownloadSourcesJob.downloadMaven(DownloadSourcesJob.java:252)
	at org.eclipse.m2e.jdt.internal.DownloadSourcesJob.downloadFilesAndPopulateToUpdate(DownloadSourcesJob.java:220)
	at org.eclipse.m2e.jdt.internal.DownloadSourcesJob.lambda$0(DownloadSourcesJob.java:149)
	at org.eclipse.m2e.core.internal.embedder.MavenExecutionContext.executeBare(MavenExecutionContext.java:458)
	at org.eclipse.m2e.core.internal.embedder.MavenExecutionContext.execute(MavenExecutionContext.java:339)
	at org.eclipse.m2e.core.internal.embedder.MavenExecutionContext.execute(MavenExecutionContext.java:278)
	at org.eclipse.m2e.core.embedder.IMaven.execute(IMaven.java:300)
	at org.eclipse.m2e.jdt.internal.DownloadSourcesJob.run(DownloadSourcesJob.java:149)
	at org.eclipse.core.internal.jobs.Worker.run(Worker.java:63)
2025-10-14 11:03:43,945 [Worker-78: Download sources and javadoc] INFO  o.e.m.c.i.e.AbstractTransferListenerAdapter - Downloaded https://repo.maven.apache.org/maven2/antlr/antlr/2.7.7/antlr-2.7.7-javadoc.jar
2025-10-14 11:03:43,950 [Worker-78: Download sources and javadoc] ERROR o.e.m.j.internal.DownloadSourcesJob - Could not download javadoc for antlr:antlr:2.7.7
org.eclipse.core.runtime.CoreException: Could not resolve artifact antlr:antlr:jar:javadoc:2.7.7
	at org.eclipse.m2e.core.internal.embedder.MavenImpl.lambda$7(MavenImpl.java:540)
	at org.eclipse.m2e.core.internal.embedder.MavenExecutionContext.executeBare(MavenExecutionContext.java:458)
	at org.eclipse.m2e.core.internal.embedder.MavenExecutionContext.execute(MavenExecutionContext.java:292)
	at org.eclipse.m2e.core.internal.embedder.MavenExecutionContext.execute(MavenExecutionContext.java:278)
	at org.eclipse.m2e.core.internal.embedder.MavenImpl.resolve(MavenImpl.java:509)
	at org.eclipse.m2e.core.internal.embedder.MavenImpl.resolve(MavenImpl.java:494)
	at org.eclipse.m2e.jdt.internal.DownloadSourcesJob.download(DownloadSourcesJob.java:308)
	at org.eclipse.m2e.jdt.internal.DownloadSourcesJob.downloadAttachments(DownloadSourcesJob.java:294)
	at org.eclipse.m2e.jdt.internal.DownloadSourcesJob.downloadMaven(DownloadSourcesJob.java:252)
	at org.eclipse.m2e.jdt.internal.DownloadSourcesJob.downloadFilesAndPopulateToUpdate(DownloadSourcesJob.java:220)
	at org.eclipse.m2e.jdt.internal.DownloadSourcesJob.lambda$0(DownloadSourcesJob.java:149)
	at org.eclipse.m2e.core.internal.embedder.MavenExecutionContext.executeBare(MavenExecutionContext.java:458)
	at org.eclipse.m2e.core.internal.embedder.MavenExecutionContext.execute(MavenExecutionContext.java:339)
	at org.eclipse.m2e.core.internal.embedder.MavenExecutionContext.execute(MavenExecutionContext.java:278)
	at org.eclipse.m2e.core.embedder.IMaven.execute(IMaven.java:300)
	at org.eclipse.m2e.jdt.internal.DownloadSourcesJob.run(DownloadSourcesJob.java:149)
	at org.eclipse.core.internal.jobs.Worker.run(Worker.java:63)
2025-10-14 11:03:44,184 [Worker-78: Download sources and javadoc] INFO  o.e.m.c.i.e.AbstractTransferListenerAdapter - Downloaded https://repo.maven.apache.org/maven2/com/google/guava/listenablefuture/9999.0-empty-to-avoid-conflict-with-guava/listenablefuture-9999.0-empty-to-avoid-conflict-with-guava-javadoc.jar
2025-10-14 11:03:44,193 [Worker-78: Download sources and javadoc] ERROR o.e.m.j.internal.DownloadSourcesJob - Could not download javadoc for com.google.guava:listenablefuture:9999.0-empty-to-avoid-conflict-with-guava
org.eclipse.core.runtime.CoreException: Could not resolve artifact com.google.guava:listenablefuture:jar:javadoc:9999.0-empty-to-avoid-conflict-with-guava
	at org.eclipse.m2e.core.internal.embedder.MavenImpl.lambda$7(MavenImpl.java:540)
	at org.eclipse.m2e.core.internal.embedder.MavenExecutionContext.executeBare(MavenExecutionContext.java:458)
	at org.eclipse.m2e.core.internal.embedder.MavenExecutionContext.execute(MavenExecutionContext.java:292)
	at org.eclipse.m2e.core.internal.embedder.MavenExecutionContext.execute(MavenExecutionContext.java:278)
	at org.eclipse.m2e.core.internal.embedder.MavenImpl.resolve(MavenImpl.java:509)
	at org.eclipse.m2e.core.internal.embedder.MavenImpl.resolve(MavenImpl.java:494)
	at org.eclipse.m2e.jdt.internal.DownloadSourcesJob.download(DownloadSourcesJob.java:308)
	at org.eclipse.m2e.jdt.internal.DownloadSourcesJob.downloadAttachments(DownloadSourcesJob.java:294)
	at org.eclipse.m2e.jdt.internal.DownloadSourcesJob.downloadMaven(DownloadSourcesJob.java:252)
	at org.eclipse.m2e.jdt.internal.DownloadSourcesJob.downloadFilesAndPopulateToUpdate(DownloadSourcesJob.java:220)
	at org.eclipse.m2e.jdt.internal.DownloadSourcesJob.lambda$0(DownloadSourcesJob.java:149)
	at org.eclipse.m2e.core.internal.embedder.MavenExecutionContext.executeBare(MavenExecutionContext.java:458)
	at org.eclipse.m2e.core.internal.embedder.MavenExecutionContext.execute(MavenExecutionContext.java:339)
	at org.eclipse.m2e.core.internal.embedder.MavenExecutionContext.execute(MavenExecutionContext.java:278)
	at org.eclipse.m2e.core.embedder.IMaven.execute(IMaven.java:300)
	at org.eclipse.m2e.jdt.internal.DownloadSourcesJob.run(DownloadSourcesJob.java:149)
	at org.eclipse.core.internal.jobs.Worker.run(Worker.java:63)
2025-10-14 11:03:46,537 [Worker-71: Download sources and javadoc] INFO  o.e.m.c.i.e.AbstractTransferListenerAdapter - Downloaded https://repo.maven.apache.org/maven2/org/springframework/cloud/spring-cloud-starter-loadbalancer/4.3.0/spring-cloud-starter-loadbalancer-4.3.0-javadoc.jar
2025-10-14 11:03:46,541 [Worker-71: Download sources and javadoc] ERROR o.e.m.j.internal.DownloadSourcesJob - Could not download javadoc for org.springframework.cloud:spring-cloud-starter-loadbalancer:4.3.0
org.eclipse.core.runtime.CoreException: Could not resolve artifact org.springframework.cloud:spring-cloud-starter-loadbalancer:jar:javadoc:4.3.0
	at org.eclipse.m2e.core.internal.embedder.MavenImpl.lambda$7(MavenImpl.java:540)
	at org.eclipse.m2e.core.internal.embedder.MavenExecutionContext.executeBare(MavenExecutionContext.java:458)
	at org.eclipse.m2e.core.internal.embedder.MavenExecutionContext.execute(MavenExecutionContext.java:292)
	at org.eclipse.m2e.core.internal.embedder.MavenExecutionContext.execute(MavenExecutionContext.java:278)
	at org.eclipse.m2e.core.internal.embedder.MavenImpl.resolve(MavenImpl.java:509)
	at org.eclipse.m2e.core.internal.embedder.MavenImpl.resolve(MavenImpl.java:494)
	at org.eclipse.m2e.jdt.internal.DownloadSourcesJob.download(DownloadSourcesJob.java:308)
	at org.eclipse.m2e.jdt.internal.DownloadSourcesJob.downloadAttachments(DownloadSourcesJob.java:294)
	at org.eclipse.m2e.jdt.internal.DownloadSourcesJob.downloadMaven(DownloadSourcesJob.java:252)
	at org.eclipse.m2e.jdt.internal.DownloadSourcesJob.downloadFilesAndPopulateToUpdate(DownloadSourcesJob.java:220)
	at org.eclipse.m2e.jdt.internal.DownloadSourcesJob.lambda$0(DownloadSourcesJob.java:149)
	at org.eclipse.m2e.core.internal.embedder.MavenExecutionContext.executeBare(MavenExecutionContext.java:458)
	at org.eclipse.m2e.core.internal.embedder.MavenExecutionContext.execute(MavenExecutionContext.java:339)
	at org.eclipse.m2e.core.internal.embedder.MavenExecutionContext.execute(MavenExecutionContext.java:278)
	at org.eclipse.m2e.core.embedder.IMaven.execute(IMaven.java:300)
	at org.eclipse.m2e.jdt.internal.DownloadSourcesJob.run(DownloadSourcesJob.java:149)
	at org.eclipse.core.internal.jobs.Worker.run(Worker.java:63)
2025-10-14 11:09:23,623 [Worker-70: Building] INFO  o.a.m.s.f.DefaultMavenResourcesFiltering - Copying 1 resource from src\main\resources to target\classes
2025-10-14 11:09:23,662 [Worker-70: Building] INFO  o.a.m.s.f.DefaultMavenResourcesFiltering - Copying 17 resources from src\main\resources to target\classes
2025-10-14 11:09:23,894 [Worker-70: Building] INFO  o.a.m.s.f.DefaultMavenResourcesFiltering - skip non existing resourceDirectory C:\Users\2440888\OneDrive - Cognizant\Desktop\Health-Insurance-Claim\health-insurance-claim\src\test\resources
2025-10-14 11:12:31,753 [Worker-72: Building] INFO  o.a.m.s.f.DefaultMavenResourcesFiltering - Copying 1 resource from src\main\resources to target\classes
2025-10-14 11:12:31,779 [Worker-72: Building] INFO  o.a.m.s.f.DefaultMavenResourcesFiltering - Copying 17 resources from src\main\resources to target\classes
2025-10-14 11:12:31,980 [Worker-72: Building] INFO  o.a.m.s.f.DefaultMavenResourcesFiltering - skip non existing resourceDirectory C:\Users\2440888\OneDrive - Cognizant\Desktop\Health-Insurance-Claim\health-insurance-claim\src\test\resources
2025-10-14 11:23:15,705 [Worker-70: Building] INFO  o.a.m.s.f.DefaultMavenResourcesFiltering - Copying 1 resource from src\main\resources to target\classes
2025-10-14 11:23:15,726 [Worker-70: Building] INFO  o.a.m.s.f.DefaultMavenResourcesFiltering - Copying 17 resources from src\main\resources to target\classes
2025-10-14 11:23:15,912 [Worker-70: Building] INFO  o.a.m.s.f.DefaultMavenResourcesFiltering - skip non existing resourceDirectory C:\Users\2440888\OneDrive - Cognizant\Desktop\Health-Insurance-Claim\health-insurance-claim\src\test\resources
2025-10-14 11:24:04,242 [Worker-55: Building] INFO  o.a.m.s.f.DefaultMavenResourcesFiltering - Copying 1 resource from src\main\resources to target\classes
2025-10-14 11:24:04,266 [Worker-55: Building] INFO  o.a.m.s.f.DefaultMavenResourcesFiltering - Copying 17 resources from src\main\resources to target\classes
2025-10-14 11:24:04,459 [Worker-55: Building] INFO  o.a.m.s.f.DefaultMavenResourcesFiltering - skip non existing resourceDirectory C:\Users\2440888\OneDrive - Cognizant\Desktop\Health-Insurance-Claim\health-insurance-claim\src\test\resources
2025-10-14 11:27:32,908 [Worker-68: Building] INFO  o.a.m.s.f.DefaultMavenResourcesFiltering - Copying 1 resource from src\main\resources to target\classes
2025-10-14 11:27:32,928 [Worker-68: Building] INFO  o.a.m.s.f.DefaultMavenResourcesFiltering - Copying 17 resources from src\main\resources to target\classes
2025-10-14 11:27:33,126 [Worker-68: Building] INFO  o.a.m.s.f.DefaultMavenResourcesFiltering - skip non existing resourceDirectory C:\Users\2440888\OneDrive - Cognizant\Desktop\Health-Insurance-Claim\health-insurance-claim\src\test\resources
2025-10-14 11:29:35,978 [Worker-84: Building] INFO  o.a.m.s.f.DefaultMavenResourcesFiltering - Copying 1 resource from src\main\resources to target\classes
2025-10-14 11:29:36,003 [Worker-84: Building] INFO  o.a.m.s.f.DefaultMavenResourcesFiltering - Copying 17 resources from src\main\resources to target\classes
2025-10-14 11:29:36,193 [Worker-84: Building] INFO  o.a.m.s.f.DefaultMavenResourcesFiltering - skip non existing resourceDirectory C:\Users\2440888\OneDrive - Cognizant\Desktop\Health-Insurance-Claim\health-insurance-claim\src\test\resources
2025-10-14 11:29:39,453 [Worker-50: Building] INFO  o.a.m.s.f.DefaultMavenResourcesFiltering - Copying 1 resource from src\main\resources to target\classes
2025-10-14 11:29:39,464 [Worker-50: Building] INFO  o.a.m.s.f.DefaultMavenResourcesFiltering - Copying 17 resources from src\main\resources to target\classes
2025-10-14 11:29:39,475 [Worker-50: Building] INFO  o.a.m.s.f.DefaultMavenResourcesFiltering - skip non existing resourceDirectory C:\Users\2440888\OneDrive - Cognizant\Desktop\Health-Insurance-Claim\health-insurance-claim\src\test\resources
2025-10-14 11:29:59,166 [Worker-50: Building] INFO  o.a.m.s.f.DefaultMavenResourcesFiltering - Copying 1 resource from src\main\resources to target\classes
2025-10-14 11:29:59,185 [Worker-50: Building] INFO  o.a.m.s.f.DefaultMavenResourcesFiltering - Copying 17 resources from src\main\resources to target\classes
2025-10-14 11:29:59,382 [Worker-50: Building] INFO  o.a.m.s.f.DefaultMavenResourcesFiltering - skip non existing resourceDirectory C:\Users\2440888\OneDrive - Cognizant\Desktop\Health-Insurance-Claim\health-insurance-claim\src\test\resources
2025-10-14 11:46:28,981 [Worker-49: Building] INFO  o.a.m.s.f.DefaultMavenResourcesFiltering - Copying 1 resource from src\main\resources to target\classes
2025-10-14 11:46:29,025 [Worker-49: Building] INFO  o.a.m.s.f.DefaultMavenResourcesFiltering - Copying 17 resources from src\main\resources to target\classes
2025-10-14 11:46:29,213 [Worker-49: Building] INFO  o.a.m.s.f.DefaultMavenResourcesFiltering - skip non existing resourceDirectory C:\Users\2440888\OneDrive - Cognizant\Desktop\Health-Insurance-Claim\health-insurance-claim\src\test\resources
2025-10-14 12:00:44,445 [Worker-4: Loading available Gradle versions] INFO  o.e.b.c.i.u.g.PublishedGradleVersions - Gradle version information cache is out-of-date. Trying to update.
2025-10-14 12:00:44,846 [Worker-4: Loading available Gradle versions] INFO  o.e.b.c.i.u.g.PublishedGradleVersions - Updating Gradle version information cache failed. Using outdated cache.
2025-10-14 12:06:31,196 [Worker-11: Building] INFO  o.a.m.s.f.DefaultMavenResourcesFiltering - Copying 1 resource from src\main\resources to target\classes
2025-10-14 12:06:31,222 [Worker-11: Building] INFO  o.a.m.s.f.DefaultMavenResourcesFiltering - Copying 17 resources from src\main\resources to target\classes
2025-10-14 12:06:31,445 [Worker-11: Building] INFO  o.a.m.s.f.DefaultMavenResourcesFiltering - skip non existing resourceDirectory C:\Users\2440888\OneDrive - Cognizant\Desktop\Health-Insurance-Claim\health-insurance-claim\src\test\resources
2025-10-14 12:06:37,558 [Worker-15: Building] INFO  o.a.m.s.f.DefaultMavenResourcesFiltering - Copying 1 resource from src\main\resources to target\classes
2025-10-14 12:06:37,573 [Worker-15: Building] INFO  o.a.m.s.f.DefaultMavenResourcesFiltering - Copying 17 resources from src\main\resources to target\classes
2025-10-14 12:06:37,589 [Worker-15: Building] INFO  o.a.m.s.f.DefaultMavenResourcesFiltering - skip non existing resourceDirectory C:\Users\2440888\OneDrive - Cognizant\Desktop\Health-Insurance-Claim\health-insurance-claim\src\test\resources
2025-10-14 12:11:12,311 [Worker-18: Building] INFO  o.a.m.s.f.DefaultMavenResourcesFiltering - Copying 1 resource from src\main\resources to target\classes
2025-10-14 12:11:12,346 [Worker-18: Building] INFO  o.a.m.s.f.DefaultMavenResourcesFiltering - Copying 17 resources from src\main\resources to target\classes
2025-10-14 12:11:12,543 [Worker-18: Building] INFO  o.a.m.s.f.DefaultMavenResourcesFiltering - skip non existing resourceDirectory C:\Users\2440888\OneDrive - Cognizant\Desktop\Health-Insurance-Claim\health-insurance-claim\src\test\resources
2025-10-14 12:14:56,116 [Worker-14: Building] INFO  o.a.m.s.f.DefaultMavenResourcesFiltering - Copying 1 resource from src\main\resources to target\classes
2025-10-14 12:14:56,144 [Worker-14: Building] INFO  o.a.m.s.f.DefaultMavenResourcesFiltering - Copying 17 resources from src\main\resources to target\classes
2025-10-14 12:14:56,349 [Worker-14: Building] INFO  o.a.m.s.f.DefaultMavenResourcesFiltering - skip non existing resourceDirectory C:\Users\2440888\OneDrive - Cognizant\Desktop\Health-Insurance-Claim\health-insurance-claim\src\test\resources
2025-10-14 12:15:28,312 [Worker-22: Building] INFO  o.a.m.s.f.DefaultMavenResourcesFiltering - Copying 1 resource from src\main\resources to target\classes
2025-10-14 12:15:28,346 [Worker-22: Building] INFO  o.a.m.s.f.DefaultMavenResourcesFiltering - Copying 17 resources from src\main\resources to target\classes
2025-10-14 12:15:28,526 [Worker-22: Building] INFO  o.a.m.s.f.DefaultMavenResourcesFiltering - skip non existing resourceDirectory C:\Users\2440888\OneDrive - Cognizant\Desktop\Health-Insurance-Claim\health-insurance-claim\src\test\resources
2025-10-14 12:15:34,567 [Worker-22: Building] INFO  o.a.m.s.f.DefaultMavenResourcesFiltering - Copying 1 resource from src\main\resources to target\classes
2025-10-14 12:15:34,580 [Worker-22: Building] INFO  o.a.m.s.f.DefaultMavenResourcesFiltering - Copying 17 resources from src\main\resources to target\classes
2025-10-14 12:15:34,590 [Worker-22: Building] INFO  o.a.m.s.f.DefaultMavenResourcesFiltering - skip non existing resourceDirectory C:\Users\2440888\OneDrive - Cognizant\Desktop\Health-Insurance-Claim\health-insurance-claim\src\test\resources
2025-10-14 12:16:43,640 [Worker-22: Building] INFO  o.a.m.s.f.DefaultMavenResourcesFiltering - Copying 1 resource from src\main\resources to target\classes
2025-10-14 12:16:43,663 [Worker-22: Building] INFO  o.a.m.s.f.DefaultMavenResourcesFiltering - Copying 17 resources from src\main\resources to target\classes
2025-10-14 12:16:43,860 [Worker-22: Building] INFO  o.a.m.s.f.DefaultMavenResourcesFiltering - skip non existing resourceDirectory C:\Users\2440888\OneDrive - Cognizant\Desktop\Health-Insurance-Claim\health-insurance-claim\src\test\resources
2025-10-14 12:17:11,706 [Worker-14: Building] INFO  o.a.m.s.f.DefaultMavenResourcesFiltering - Copying 1 resource from src\main\resources to target\classes
2025-10-14 12:17:11,726 [Worker-14: Building] INFO  o.a.m.s.f.DefaultMavenResourcesFiltering - Copying 17 resources from src\main\resources to target\classes
2025-10-14 12:17:11,921 [Worker-14: Building] INFO  o.a.m.s.f.DefaultMavenResourcesFiltering - skip non existing resourceDirectory C:\Users\2440888\OneDrive - Cognizant\Desktop\Health-Insurance-Claim\health-insurance-claim\src\test\resources
2025-10-14 12:18:01,964 [Worker-14: Building] INFO  o.a.m.s.f.DefaultMavenResourcesFiltering - Copying 1 resource from src\main\resources to target\classes
2025-10-14 12:18:01,991 [Worker-14: Building] INFO  o.a.m.s.f.DefaultMavenResourcesFiltering - Copying 17 resources from src\main\resources to target\classes
2025-10-14 12:18:02,194 [Worker-14: Building] INFO  o.a.m.s.f.DefaultMavenResourcesFiltering - skip non existing resourceDirectory C:\Users\2440888\OneDrive - Cognizant\Desktop\Health-Insurance-Claim\health-insurance-claim\src\test\resources
2025-10-14 12:20:17,143 [Worker-23: Building] INFO  o.a.m.s.f.DefaultMavenResourcesFiltering - Copying 1 resource from src\main\resources to target\classes
2025-10-14 12:20:17,178 [Worker-23: Building] INFO  o.a.m.s.f.DefaultMavenResourcesFiltering - Copying 17 resources from src\main\resources to target\classes
2025-10-14 12:20:17,359 [Worker-23: Building] INFO  o.a.m.s.f.DefaultMavenResourcesFiltering - skip non existing resourceDirectory C:\Users\2440888\OneDrive - Cognizant\Desktop\Health-Insurance-Claim\health-insurance-claim\src\test\resources
2025-10-14 12:20:42,106 [Worker-26: Building] INFO  o.a.m.s.f.DefaultMavenResourcesFiltering - Copying 1 resource from src\main\resources to target\classes
2025-10-14 12:20:42,127 [Worker-26: Building] INFO  o.a.m.s.f.DefaultMavenResourcesFiltering - Copying 17 resources from src\main\resources to target\classes
2025-10-14 12:20:42,316 [Worker-26: Building] INFO  o.a.m.s.f.DefaultMavenResourcesFiltering - skip non existing resourceDirectory C:\Users\2440888\OneDrive - Cognizant\Desktop\Health-Insurance-Claim\health-insurance-claim\src\test\resources
2025-10-14 12:23:58,215 [Worker-26: Building] INFO  o.a.m.s.f.DefaultMavenResourcesFiltering - Copying 1 resource from src\main\resources to target\classes
2025-10-14 12:23:58,232 [Worker-26: Building] INFO  o.a.m.s.f.DefaultMavenResourcesFiltering - Copying 17 resources from src\main\resources to target\classes
2025-10-14 12:23:58,430 [Worker-26: Building] INFO  o.a.m.s.f.DefaultMavenResourcesFiltering - skip non existing resourceDirectory C:\Users\2440888\OneDrive - Cognizant\Desktop\Health-Insurance-Claim\health-insurance-claim\src\test\resources
2025-10-14 12:24:33,627 [Worker-26: Building] INFO  o.a.m.s.f.DefaultMavenResourcesFiltering - Copying 1 resource from src\main\resources to target\classes
2025-10-14 12:24:33,650 [Worker-26: Building] INFO  o.a.m.s.f.DefaultMavenResourcesFiltering - Copying 17 resources from src\main\resources to target\classes
2025-10-14 12:24:33,844 [Worker-26: Building] INFO  o.a.m.s.f.DefaultMavenResourcesFiltering - skip non existing resourceDirectory C:\Users\2440888\OneDrive - Cognizant\Desktop\Health-Insurance-Claim\health-insurance-claim\src\test\resources
2025-10-14 12:24:45,483 [Worker-14: Building] INFO  o.a.m.s.f.DefaultMavenResourcesFiltering - Copying 1 resource from src\main\resources to target\classes
2025-10-14 12:24:45,512 [Worker-14: Building] INFO  o.a.m.s.f.DefaultMavenResourcesFiltering - Copying 17 resources from src\main\resources to target\classes
2025-10-14 12:24:45,705 [Worker-14: Building] INFO  o.a.m.s.f.DefaultMavenResourcesFiltering - skip non existing resourceDirectory C:\Users\2440888\OneDrive - Cognizant\Desktop\Health-Insurance-Claim\health-insurance-claim\src\test\resources
2025-10-14 12:27:17,316 [Worker-30: Building] INFO  o.a.m.s.f.DefaultMavenResourcesFiltering - Copying 1 resource from src\main\resources to target\classes
2025-10-14 12:27:17,336 [Worker-30: Building] INFO  o.a.m.s.f.DefaultMavenResourcesFiltering - Copying 17 resources from src\main\resources to target\classes
2025-10-14 12:27:17,538 [Worker-30: Building] INFO  o.a.m.s.f.DefaultMavenResourcesFiltering - skip non existing resourceDirectory C:\Users\2440888\OneDrive - Cognizant\Desktop\Health-Insurance-Claim\health-insurance-claim\src\test\resources
2025-10-14 12:27:37,432 [Worker-31: Building] INFO  o.a.m.s.f.DefaultMavenResourcesFiltering - Copying 1 resource from src\main\resources to target\classes
2025-10-14 12:27:37,456 [Worker-31: Building] INFO  o.a.m.s.f.DefaultMavenResourcesFiltering - Copying 17 resources from src\main\resources to target\classes
2025-10-14 12:27:37,702 [Worker-31: Building] INFO  o.a.m.s.f.DefaultMavenResourcesFiltering - skip non existing resourceDirectory C:\Users\2440888\OneDrive - Cognizant\Desktop\Health-Insurance-Claim\health-insurance-claim\src\test\resources
2025-10-14 12:29:05,456 [Worker-29: Building] INFO  o.a.m.s.f.DefaultMavenResourcesFiltering - Copying 0 resource from src\main\resources to target\classes
2025-10-14 12:29:05,552 [Worker-29: Building] INFO  o.a.m.s.f.DefaultMavenResourcesFiltering - Copying 1 resource from src\main\resources to target\classes
2025-10-14 12:29:05,561 [Worker-29: Building] INFO  o.a.m.s.f.DefaultMavenResourcesFiltering - skip non existing resourceDirectory C:\Users\2440888\OneDrive - Cognizant\Desktop\Health-Insurance-Claim\health-insurance-claim\src\test\resources
2025-10-14 12:29:14,840 [Worker-29: Building] INFO  o.a.m.s.f.DefaultMavenResourcesFiltering - Copying 0 resource from src\main\resources to target\classes
2025-10-14 12:29:14,847 [Worker-29: Building] INFO  o.a.m.s.f.DefaultMavenResourcesFiltering - Copying 0 resource from src\main\resources to target\classes
2025-10-14 12:29:14,856 [Worker-29: Building] INFO  o.a.m.s.f.DefaultMavenResourcesFiltering - skip non existing resourceDirectory C:\Users\2440888\OneDrive - Cognizant\Desktop\Health-Insurance-Claim\health-insurance-claim\src\test\resources
2025-10-14 12:29:17,213 [Worker-29: Building] INFO  o.a.m.s.f.DefaultMavenResourcesFiltering - Copying 0 resource from src\main\resources to target\classes
2025-10-14 12:29:17,305 [Worker-29: Building] INFO  o.a.m.s.f.DefaultMavenResourcesFiltering - Copying 0 resource from src\main\resources to target\classes
2025-10-14 12:29:17,314 [Worker-29: Building] INFO  o.a.m.s.f.DefaultMavenResourcesFiltering - skip non existing resourceDirectory C:\Users\2440888\OneDrive - Cognizant\Desktop\Health-Insurance-Claim\health-insurance-claim\src\test\resources
2025-10-14 12:29:19,284 [Worker-31: Building] INFO  o.a.m.s.f.DefaultMavenResourcesFiltering - Copying 0 resource from src\main\resources to target\classes
2025-10-14 12:29:19,290 [Worker-31: Building] INFO  o.a.m.s.f.DefaultMavenResourcesFiltering - Copying 0 resource from src\main\resources to target\classes
2025-10-14 12:29:19,299 [Worker-31: Building] INFO  o.a.m.s.f.DefaultMavenResourcesFiltering - skip non existing resourceDirectory C:\Users\2440888\OneDrive - Cognizant\Desktop\Health-Insurance-Claim\health-insurance-claim\src\test\resources
2025-10-14 12:29:32,894 [Worker-26: Building] INFO  o.a.m.s.f.DefaultMavenResourcesFiltering - Copying 0 resource from src\main\resources to target\classes
2025-10-14 12:29:32,973 [Worker-26: Building] INFO  o.a.m.s.f.DefaultMavenResourcesFiltering - Copying 1 resource from src\main\resources to target\classes
2025-10-14 12:29:32,984 [Worker-26: Building] INFO  o.a.m.s.f.DefaultMavenResourcesFiltering - skip non existing resourceDirectory C:\Users\2440888\OneDrive - Cognizant\Desktop\Health-Insurance-Claim\health-insurance-claim\src\test\resources
2025-10-14 12:32:07,225 [Worker-26: Building] INFO  o.a.m.s.f.DefaultMavenResourcesFiltering - Copying 1 resource from src\main\resources to target\classes
2025-10-14 12:32:07,245 [Worker-26: Building] INFO  o.a.m.s.f.DefaultMavenResourcesFiltering - Copying 15 resources from src\main\resources to target\classes
2025-10-14 12:32:07,408 [Worker-26: Building] INFO  o.a.m.s.f.DefaultMavenResourcesFiltering - skip non existing resourceDirectory C:\Users\2440888\OneDrive - Cognizant\Desktop\Health-Insurance-Claim\health-insurance-claim\src\test\resources
2025-10-14 12:33:32,643 [Worker-27: Building] INFO  o.a.m.s.f.DefaultMavenResourcesFiltering - Copying 0 resource from src\main\resources to target\classes
2025-10-14 12:33:32,718 [Worker-27: Building] INFO  o.a.m.s.f.DefaultMavenResourcesFiltering - Copying 1 resource from src\main\resources to target\classes
2025-10-14 12:33:32,739 [Worker-27: Building] INFO  o.a.m.s.f.DefaultMavenResourcesFiltering - skip non existing resourceDirectory C:\Users\2440888\OneDrive - Cognizant\Desktop\Health-Insurance-Claim\health-insurance-claim\src\test\resources
2025-10-14 12:36:51,577 [Worker-29: Building] INFO  o.a.m.s.f.DefaultMavenResourcesFiltering - Copying 0 resource from src\main\resources to target\classes
2025-10-14 12:36:51,658 [Worker-29: Building] INFO  o.a.m.s.f.DefaultMavenResourcesFiltering - Copying 1 resource from src\main\resources to target\classes
2025-10-14 12:36:51,666 [Worker-29: Building] INFO  o.a.m.s.f.DefaultMavenResourcesFiltering - skip non existing resourceDirectory C:\Users\2440888\OneDrive - Cognizant\Desktop\Health-Insurance-Claim\health-insurance-claim\src\test\resources
2025-10-14 12:37:27,663 [Worker-27: Building] INFO  o.a.m.s.f.DefaultMavenResourcesFiltering - Copying 0 resource from src\main\resources to target\classes
2025-10-14 12:37:27,766 [Worker-27: Building] INFO  o.a.m.s.f.DefaultMavenResourcesFiltering - Copying 1 resource from src\main\resources to target\classes
2025-10-14 12:37:27,776 [Worker-27: Building] INFO  o.a.m.s.f.DefaultMavenResourcesFiltering - skip non existing resourceDirectory C:\Users\2440888\OneDrive - Cognizant\Desktop\Health-Insurance-Claim\health-insurance-claim\src\test\resources
2025-10-14 12:37:44,906 [Worker-33: Building] INFO  o.a.m.s.f.DefaultMavenResourcesFiltering - Copying 0 resource from src\main\resources to target\classes
2025-10-14 12:37:44,990 [Worker-33: Building] INFO  o.a.m.s.f.DefaultMavenResourcesFiltering - Copying 1 resource from src\main\resources to target\classes
2025-10-14 12:37:45,000 [Worker-33: Building] INFO  o.a.m.s.f.DefaultMavenResourcesFiltering - skip non existing resourceDirectory C:\Users\2440888\OneDrive - Cognizant\Desktop\Health-Insurance-Claim\health-insurance-claim\src\test\resources
2025-10-14 12:46:29,022 [Worker-14: Building] INFO  o.a.m.s.f.DefaultMavenResourcesFiltering - Copying 1 resource from src\main\resources to target\classes
2025-10-14 12:46:29,055 [Worker-14: Building] INFO  o.a.m.s.f.DefaultMavenResourcesFiltering - Copying 15 resources from src\main\resources to target\classes
2025-10-14 12:46:29,217 [Worker-14: Building] INFO  o.a.m.s.f.DefaultMavenResourcesFiltering - skip non existing resourceDirectory C:\Users\2440888\OneDrive - Cognizant\Desktop\Health-Insurance-Claim\health-insurance-claim\src\test\resources
2025-10-14 12:49:55,040 [Worker-29: Building] INFO  o.a.m.s.f.DefaultMavenResourcesFiltering - Copying 1 resource from src\main\resources to target\classes
2025-10-14 12:49:55,064 [Worker-29: Building] INFO  o.a.m.s.f.DefaultMavenResourcesFiltering - Copying 15 resources from src\main\resources to target\classes
2025-10-14 12:49:55,239 [Worker-29: Building] INFO  o.a.m.s.f.DefaultMavenResourcesFiltering - skip non existing resourceDirectory C:\Users\2440888\OneDrive - Cognizant\Desktop\Health-Insurance-Claim\health-insurance-claim\src\test\resources
2025-10-14 12:52:53,798 [Worker-14: Building] INFO  o.a.m.s.f.DefaultMavenResourcesFiltering - Copying 0 resource from src\main\resources to target\classes
2025-10-14 12:52:53,886 [Worker-14: Building] INFO  o.a.m.s.f.DefaultMavenResourcesFiltering - Copying 1 resource from src\main\resources to target\classes
2025-10-14 12:52:53,901 [Worker-14: Building] INFO  o.a.m.s.f.DefaultMavenResourcesFiltering - skip non existing resourceDirectory C:\Users\2440888\OneDrive - Cognizant\Desktop\Health-Insurance-Claim\health-insurance-claim\src\test\resources
2025-10-14 12:53:18,240 [Worker-33: Building] INFO  o.a.m.s.f.DefaultMavenResourcesFiltering - Copying 0 resource from src\main\resources to target\classes
2025-10-14 12:53:18,324 [Worker-33: Building] INFO  o.a.m.s.f.DefaultMavenResourcesFiltering - Copying 1 resource from src\main\resources to target\classes
2025-10-14 12:53:18,335 [Worker-33: Building] INFO  o.a.m.s.f.DefaultMavenResourcesFiltering - skip non existing resourceDirectory C:\Users\2440888\OneDrive - Cognizant\Desktop\Health-Insurance-Claim\health-insurance-claim\src\test\resources
2025-10-14 12:53:22,017 [Worker-14: Building] INFO  o.a.m.s.f.DefaultMavenResourcesFiltering - Copying 0 resource from src\main\resources to target\classes
2025-10-14 12:53:22,022 [Worker-14: Building] INFO  o.a.m.s.f.DefaultMavenResourcesFiltering - Copying 1 resource from src\main\resources to target\classes
2025-10-14 12:53:22,026 [Worker-14: Building] INFO  o.a.m.s.f.DefaultMavenResourcesFiltering - skip non existing resourceDirectory C:\Users\2440888\OneDrive - Cognizant\Desktop\Health-Insurance-Claim\health-insurance-claim\src\test\resources
2025-10-14 12:54:26,182 [Worker-29: Building] INFO  o.a.m.s.f.DefaultMavenResourcesFiltering - Copying 0 resource from src\main\resources to target\classes
2025-10-14 12:54:26,277 [Worker-29: Building] INFO  o.a.m.s.f.DefaultMavenResourcesFiltering - Copying 1 resource from src\main\resources to target\classes
2025-10-14 12:54:26,291 [Worker-29: Building] INFO  o.a.m.s.f.DefaultMavenResourcesFiltering - skip non existing resourceDirectory C:\Users\2440888\OneDrive - Cognizant\Desktop\Health-Insurance-Claim\health-insurance-claim\src\test\resources
2025-10-14 12:54:35,522 [Worker-31: Building] INFO  o.a.m.s.f.DefaultMavenResourcesFiltering - Copying 0 resource from src\main\resources to target\classes
2025-10-14 12:54:35,527 [Worker-31: Building] INFO  o.a.m.s.f.DefaultMavenResourcesFiltering - Copying 1 resource from src\main\resources to target\classes
2025-10-14 12:54:35,530 [Worker-31: Building] INFO  o.a.m.s.f.DefaultMavenResourcesFiltering - skip non existing resourceDirectory C:\Users\2440888\OneDrive - Cognizant\Desktop\Health-Insurance-Claim\health-insurance-claim\src\test\resources
2025-10-14 12:55:12,528 [Worker-33: Building] INFO  o.a.m.s.f.DefaultMavenResourcesFiltering - Copying 0 resource from src\main\resources to target\classes
2025-10-14 12:55:12,617 [Worker-33: Building] INFO  o.a.m.s.f.DefaultMavenResourcesFiltering - Copying 1 resource from src\main\resources to target\classes
2025-10-14 12:55:12,630 [Worker-33: Building] INFO  o.a.m.s.f.DefaultMavenResourcesFiltering - skip non existing resourceDirectory C:\Users\2440888\OneDrive - Cognizant\Desktop\Health-Insurance-Claim\health-insurance-claim\src\test\resources
2025-10-14 12:55:17,876 [Worker-14: Building] INFO  o.a.m.s.f.DefaultMavenResourcesFiltering - Copying 0 resource from src\main\resources to target\classes
2025-10-14 12:55:17,882 [Worker-14: Building] INFO  o.a.m.s.f.DefaultMavenResourcesFiltering - Copying 1 resource from src\main\resources to target\classes
2025-10-14 12:55:17,885 [Worker-14: Building] INFO  o.a.m.s.f.DefaultMavenResourcesFiltering - skip non existing resourceDirectory C:\Users\2440888\OneDrive - Cognizant\Desktop\Health-Insurance-Claim\health-insurance-claim\src\test\resources
2025-10-14 12:56:42,159 [Worker-33: Building] INFO  o.a.m.s.f.DefaultMavenResourcesFiltering - Copying 1 resource from src\main\resources to target\classes
2025-10-14 12:56:42,192 [Worker-33: Building] INFO  o.a.m.s.f.DefaultMavenResourcesFiltering - Copying 18 resources from src\main\resources to target\classes
2025-10-14 12:56:42,390 [Worker-33: Building] INFO  o.a.m.s.f.DefaultMavenResourcesFiltering - skip non existing resourceDirectory C:\Users\2440888\OneDrive - Cognizant\Desktop\Health-Insurance-Claim\health-insurance-claim\src\test\resources
2025-10-14 12:58:45,927 [Worker-32: Building] INFO  o.a.m.s.f.DefaultMavenResourcesFiltering - Copying 0 resource from src\main\resources to target\classes
2025-10-14 12:58:46,046 [Worker-32: Building] INFO  o.a.m.s.f.DefaultMavenResourcesFiltering - Copying 1 resource from src\main\resources to target\classes
2025-10-14 12:58:46,077 [Worker-32: Building] INFO  o.a.m.s.f.DefaultMavenResourcesFiltering - skip non existing resourceDirectory C:\Users\2440888\OneDrive - Cognizant\Desktop\Health-Insurance-Claim\health-insurance-claim\src\test\resources
2025-10-14 13:14:04,910 [Worker-14: Building] INFO  o.a.m.s.f.DefaultMavenResourcesFiltering - Copying 1 resource from src\main\resources to target\classes
2025-10-14 13:14:04,944 [Worker-14: Building] INFO  o.a.m.s.f.DefaultMavenResourcesFiltering - Copying 18 resources from src\main\resources to target\classes
2025-10-14 13:14:05,139 [Worker-14: Building] INFO  o.a.m.s.f.DefaultMavenResourcesFiltering - skip non existing resourceDirectory C:\Users\2440888\OneDrive - Cognizant\Desktop\Health-Insurance-Claim\health-insurance-claim\src\test\resources
2025-10-14 13:19:21,463 [Worker-27: Launching health-insurance-claim - HealthInsuranceApplication] INFO  o.a.m.s.f.DefaultMavenResourcesFiltering - Copying 1 resource from src\main\resources to target\classes
2025-10-14 13:19:21,492 [Worker-27: Launching health-insurance-claim - HealthInsuranceApplication] INFO  o.a.m.s.f.DefaultMavenResourcesFiltering - Copying 18 resources from src\main\resources to target\classes
2025-10-14 13:19:21,691 [Worker-27: Launching health-insurance-claim - HealthInsuranceApplication] INFO  o.a.m.s.f.DefaultMavenResourcesFiltering - skip non existing resourceDirectory C:\Users\2440888\OneDrive - Cognizant\Desktop\Health-Insurance-Claim\health-insurance-claim\src\test\resources
2025-10-14 13:34:52,191 [Worker-26: Building] INFO  o.a.m.s.f.DefaultMavenResourcesFiltering - Copying 0 resource from src\main\resources to target\classes
2025-10-14 13:34:52,290 [Worker-26: Building] INFO  o.a.m.s.f.DefaultMavenResourcesFiltering - Copying 1 resource from src\main\resources to target\classes
2025-10-14 13:34:52,298 [Worker-26: Building] INFO  o.a.m.s.f.DefaultMavenResourcesFiltering - skip non existing resourceDirectory C:\Users\2440888\OneDrive - Cognizant\Desktop\Health-Insurance-Claim\health-insurance-claim\src\test\resources
2025-10-14 13:35:49,969 [Worker-34: Building] INFO  o.a.m.s.f.DefaultMavenResourcesFiltering - Copying 0 resource from src\main\resources to target\classes
2025-10-14 13:35:50,068 [Worker-34: Building] INFO  o.a.m.s.f.DefaultMavenResourcesFiltering - Copying 1 resource from src\main\resources to target\classes
2025-10-14 13:35:50,076 [Worker-34: Building] INFO  o.a.m.s.f.DefaultMavenResourcesFiltering - skip non existing resourceDirectory C:\Users\2440888\OneDrive - Cognizant\Desktop\Health-Insurance-Claim\health-insurance-claim\src\test\resources
2025-10-14 13:36:28,368 [Worker-33: Building] INFO  o.a.m.s.f.DefaultMavenResourcesFiltering - Copying 0 resource from src\main\resources to target\classes
2025-10-14 13:36:28,480 [Worker-33: Building] INFO  o.a.m.s.f.DefaultMavenResourcesFiltering - Copying 1 resource from src\main\resources to target\classes
2025-10-14 13:36:28,489 [Worker-33: Building] INFO  o.a.m.s.f.DefaultMavenResourcesFiltering - skip non existing resourceDirectory C:\Users\2440888\OneDrive - Cognizant\Desktop\Health-Insurance-Claim\health-insurance-claim\src\test\resources
2025-10-14 13:37:14,366 [Worker-27: Building] INFO  o.a.m.s.f.DefaultMavenResourcesFiltering - Copying 0 resource from src\main\resources to target\classes
2025-10-14 13:37:14,462 [Worker-27: Building] INFO  o.a.m.s.f.DefaultMavenResourcesFiltering - Copying 1 resource from src\main\resources to target\classes
2025-10-14 13:37:14,471 [Worker-27: Building] INFO  o.a.m.s.f.DefaultMavenResourcesFiltering - skip non existing resourceDirectory C:\Users\2440888\OneDrive - Cognizant\Desktop\Health-Insurance-Claim\health-insurance-claim\src\test\resources
2025-10-14 13:39:36,305 [Worker-27: Building] INFO  o.a.m.s.f.DefaultMavenResourcesFiltering - Copying 0 resource from src\main\resources to target\classes
2025-10-14 13:39:36,384 [Worker-27: Building] INFO  o.a.m.s.f.DefaultMavenResourcesFiltering - Copying 1 resource from src\main\resources to target\classes
2025-10-14 13:39:36,396 [Worker-27: Building] INFO  o.a.m.s.f.DefaultMavenResourcesFiltering - skip non existing resourceDirectory C:\Users\2440888\OneDrive - Cognizant\Desktop\Health-Insurance-Claim\health-insurance-claim\src\test\resources
2025-10-14 13:39:59,730 [Worker-33: Building] INFO  o.a.m.s.f.DefaultMavenResourcesFiltering - Copying 0 resource from src\main\resources to target\classes
2025-10-14 13:39:59,848 [Worker-33: Building] INFO  o.a.m.s.f.DefaultMavenResourcesFiltering - Copying 1 resource from src\main\resources to target\classes
2025-10-14 13:39:59,864 [Worker-33: Building] INFO  o.a.m.s.f.DefaultMavenResourcesFiltering - skip non existing resourceDirectory C:\Users\2440888\OneDrive - Cognizant\Desktop\Health-Insurance-Claim\health-insurance-claim\src\test\resources
2025-10-14 13:42:21,620 [Worker-29: Building] INFO  o.a.m.s.f.DefaultMavenResourcesFiltering - Copying 1 resource from src\main\resources to target\classes
2025-10-14 13:42:21,644 [Worker-29: Building] INFO  o.a.m.s.f.DefaultMavenResourcesFiltering - Copying 18 resources from src\main\resources to target\classes
2025-10-14 13:42:21,844 [Worker-29: Building] INFO  o.a.m.s.f.DefaultMavenResourcesFiltering - skip non existing resourceDirectory C:\Users\2440888\OneDrive - Cognizant\Desktop\Health-Insurance-Claim\health-insurance-claim\src\test\resources
2025-10-14 13:42:42,170 [Worker-31: Building] INFO  o.a.m.s.f.DefaultMavenResourcesFiltering - Copying 1 resource from src\main\resources to target\classes
2025-10-14 13:42:42,192 [Worker-31: Building] INFO  o.a.m.s.f.DefaultMavenResourcesFiltering - Copying 18 resources from src\main\resources to target\classes
2025-10-14 13:42:42,422 [Worker-31: Building] INFO  o.a.m.s.f.DefaultMavenResourcesFiltering - skip non existing resourceDirectory C:\Users\2440888\OneDrive - Cognizant\Desktop\Health-Insurance-Claim\health-insurance-claim\src\test\resources
2025-10-14 13:51:53,145 [Worker-26: Building] INFO  o.a.m.s.f.DefaultMavenResourcesFiltering - Copying 1 resource from src\main\resources to target\classes
2025-10-14 13:51:53,186 [Worker-26: Building] INFO  o.a.m.s.f.DefaultMavenResourcesFiltering - Copying 18 resources from src\main\resources to target\classes
2025-10-14 13:51:53,424 [Worker-26: Building] INFO  o.a.m.s.f.DefaultMavenResourcesFiltering - skip non existing resourceDirectory C:\Users\2440888\OneDrive - Cognizant\Desktop\Health-Insurance-Claim\health-insurance-claim\src\test\resources
2025-10-14 13:57:16,863 [Worker-32: Building] INFO  o.a.m.s.f.DefaultMavenResourcesFiltering - Copying 0 resource from src\main\resources to target\classes
2025-10-14 13:57:16,968 [Worker-32: Building] INFO  o.a.m.s.f.DefaultMavenResourcesFiltering - Copying 1 resource from src\main\resources to target\classes
2025-10-14 13:57:16,978 [Worker-32: Building] INFO  o.a.m.s.f.DefaultMavenResourcesFiltering - skip non existing resourceDirectory C:\Users\2440888\OneDrive - Cognizant\Desktop\Health-Insurance-Claim\health-insurance-claim\src\test\resources
2025-10-14 13:57:37,070 [Worker-31: Building] INFO  o.a.m.s.f.DefaultMavenResourcesFiltering - Copying 1 resource from src\main\resources to target\classes
2025-10-14 13:57:37,090 [Worker-31: Building] INFO  o.a.m.s.f.DefaultMavenResourcesFiltering - Copying 18 resources from src\main\resources to target\classes
2025-10-14 13:57:37,295 [Worker-31: Building] INFO  o.a.m.s.f.DefaultMavenResourcesFiltering - skip non existing resourceDirectory C:\Users\2440888\OneDrive - Cognizant\Desktop\Health-Insurance-Claim\health-insurance-claim\src\test\resources
2025-10-14 14:05:20,905 [Worker-14: Building] INFO  o.a.m.s.f.DefaultMavenResourcesFiltering - Copying 1 resource from src\main\resources to target\classes
2025-10-14 14:05:20,927 [Worker-14: Building] INFO  o.a.m.s.f.DefaultMavenResourcesFiltering - Copying 18 resources from src\main\resources to target\classes
2025-10-14 14:05:21,205 [Worker-14: Building] INFO  o.a.m.s.f.DefaultMavenResourcesFiltering - skip non existing resourceDirectory C:\Users\2440888\OneDrive - Cognizant\Desktop\Health-Insurance-Claim\health-insurance-claim\src\test\resources
2025-10-14 14:07:47,305 [Worker-29: Building] INFO  o.a.m.s.f.DefaultMavenResourcesFiltering - Copying 1 resource from src\main\resources to target\classes
2025-10-14 14:07:47,331 [Worker-29: Building] INFO  o.a.m.s.f.DefaultMavenResourcesFiltering - Copying 18 resources from src\main\resources to target\classes
2025-10-14 14:07:47,570 [Worker-29: Building] INFO  o.a.m.s.f.DefaultMavenResourcesFiltering - skip non existing resourceDirectory C:\Users\2440888\OneDrive - Cognizant\Desktop\Health-Insurance-Claim\health-insurance-claim\src\test\resources
2025-10-14 14:18:11,167 [Worker-29: Building] INFO  o.a.m.s.f.DefaultMavenResourcesFiltering - Copying 1 resource from src\main\resources to target\classes
2025-10-14 14:18:11,226 [Worker-29: Building] INFO  o.a.m.s.f.DefaultMavenResourcesFiltering - Copying 18 resources from src\main\resources to target\classes
2025-10-14 14:18:11,491 [Worker-29: Building] INFO  o.a.m.s.f.DefaultMavenResourcesFiltering - skip non existing resourceDirectory C:\Users\2440888\OneDrive - Cognizant\Desktop\Health-Insurance-Claim\health-insurance-claim\src\test\resources
2025-10-14 15:49:47,474 [Worker-34: Building] INFO  o.a.m.s.f.DefaultMavenResourcesFiltering - Copying 1 resource from src\main\resources to target\classes
2025-10-14 15:49:47,524 [Worker-34: Building] INFO  o.a.m.s.f.DefaultMavenResourcesFiltering - Copying 18 resources from src\main\resources to target\classes
2025-10-14 15:49:47,739 [Worker-34: Building] INFO  o.a.m.s.f.DefaultMavenResourcesFiltering - skip non existing resourceDirectory C:\Users\2440888\OneDrive - Cognizant\Desktop\Health-Insurance-Claim\health-insurance-claim\src\test\resources
2025-10-14 15:51:51,261 [Worker-26: Building] INFO  o.a.m.s.f.DefaultMavenResourcesFiltering - Copying 0 resource from src\main\resources to target\classes
2025-10-14 15:51:51,363 [Worker-26: Building] INFO  o.a.m.s.f.DefaultMavenResourcesFiltering - Copying 1 resource from src\main\resources to target\classes
2025-10-14 15:51:51,373 [Worker-26: Building] INFO  o.a.m.s.f.DefaultMavenResourcesFiltering - skip non existing resourceDirectory C:\Users\2440888\OneDrive - Cognizant\Desktop\Health-Insurance-Claim\health-insurance-claim\src\test\resources
2025-10-14 15:51:56,174 [Worker-31: Building] INFO  o.a.m.s.f.DefaultMavenResourcesFiltering - Copying 0 resource from src\main\resources to target\classes
2025-10-14 15:51:56,180 [Worker-31: Building] INFO  o.a.m.s.f.DefaultMavenResourcesFiltering - Copying 1 resource from src\main\resources to target\classes
2025-10-14 15:51:56,186 [Worker-31: Building] INFO  o.a.m.s.f.DefaultMavenResourcesFiltering - skip non existing resourceDirectory C:\Users\2440888\OneDrive - Cognizant\Desktop\Health-Insurance-Claim\health-insurance-claim\src\test\resources
2025-10-14 15:52:29,028 [Worker-34: Building] INFO  o.a.m.s.f.DefaultMavenResourcesFiltering - Copying 1 resource from src\main\resources to target\classes
2025-10-14 15:52:29,047 [Worker-34: Building] INFO  o.a.m.s.f.DefaultMavenResourcesFiltering - Copying 18 resources from src\main\resources to target\classes
2025-10-14 15:52:29,243 [Worker-34: Building] INFO  o.a.m.s.f.DefaultMavenResourcesFiltering - skip non existing resourceDirectory C:\Users\2440888\OneDrive - Cognizant\Desktop\Health-Insurance-Claim\health-insurance-claim\src\test\resources
2025-10-14 15:56:58,013 [Worker-26: Building] INFO  o.a.m.s.f.DefaultMavenResourcesFiltering - Copying 1 resource from src\main\resources to target\classes
2025-10-14 15:56:58,033 [Worker-26: Building] INFO  o.a.m.s.f.DefaultMavenResourcesFiltering - Copying 18 resources from src\main\resources to target\classes
2025-10-14 15:56:58,235 [Worker-26: Building] INFO  o.a.m.s.f.DefaultMavenResourcesFiltering - skip non existing resourceDirectory C:\Users\2440888\OneDrive - Cognizant\Desktop\Health-Insurance-Claim\health-insurance-claim\src\test\resources
2025-10-14 15:59:06,252 [Worker-31: Building] INFO  o.a.m.s.f.DefaultMavenResourcesFiltering - Copying 1 resource from src\main\resources to target\classes
2025-10-14 15:59:06,271 [Worker-31: Building] INFO  o.a.m.s.f.DefaultMavenResourcesFiltering - Copying 18 resources from src\main\resources to target\classes
2025-10-14 15:59:06,475 [Worker-31: Building] INFO  o.a.m.s.f.DefaultMavenResourcesFiltering - skip non existing resourceDirectory C:\Users\2440888\OneDrive - Cognizant\Desktop\Health-Insurance-Claim\health-insurance-claim\src\test\resources
2025-10-14 16:06:28,504 [Worker-27: Building] INFO  o.a.m.s.f.DefaultMavenResourcesFiltering - Copying 1 resource from src\main\resources to target\classes
2025-10-14 16:06:28,529 [Worker-27: Building] INFO  o.a.m.s.f.DefaultMavenResourcesFiltering - Copying 18 resources from src\main\resources to target\classes
2025-10-14 16:06:28,770 [Worker-27: Building] INFO  o.a.m.s.f.DefaultMavenResourcesFiltering - skip non existing resourceDirectory C:\Users\2440888\OneDrive - Cognizant\Desktop\Health-Insurance-Claim\health-insurance-claim\src\test\resources
2025-10-14 16:06:41,955 [Worker-35: Building] INFO  o.a.m.s.f.DefaultMavenResourcesFiltering - Copying 1 resource from src\main\resources to target\classes
2025-10-14 16:06:41,977 [Worker-35: Building] INFO  o.a.m.s.f.DefaultMavenResourcesFiltering - Copying 18 resources from src\main\resources to target\classes
2025-10-14 16:06:42,197 [Worker-35: Building] INFO  o.a.m.s.f.DefaultMavenResourcesFiltering - skip non existing resourceDirectory C:\Users\2440888\OneDrive - Cognizant\Desktop\Health-Insurance-Claim\health-insurance-claim\src\test\resources
2025-10-14 16:06:56,667 [Worker-31: Building] INFO  o.a.m.s.f.DefaultMavenResourcesFiltering - Copying 1 resource from src\main\resources to target\classes
2025-10-14 16:06:56,695 [Worker-31: Building] INFO  o.a.m.s.f.DefaultMavenResourcesFiltering - Copying 18 resources from src\main\resources to target\classes
2025-10-14 16:06:56,900 [Worker-31: Building] INFO  o.a.m.s.f.DefaultMavenResourcesFiltering - skip non existing resourceDirectory C:\Users\2440888\OneDrive - Cognizant\Desktop\Health-Insurance-Claim\health-insurance-claim\src\test\resources
2025-10-14 16:06:58,355 [Worker-31: Building] INFO  o.a.m.s.f.DefaultMavenResourcesFiltering - Copying 1 resource from src\main\resources to target\classes
2025-10-14 16:06:58,374 [Worker-31: Building] INFO  o.a.m.s.f.DefaultMavenResourcesFiltering - Copying 18 resources from src\main\resources to target\classes
2025-10-14 16:06:58,387 [Worker-31: Building] INFO  o.a.m.s.f.DefaultMavenResourcesFiltering - skip non existing resourceDirectory C:\Users\2440888\OneDrive - Cognizant\Desktop\Health-Insurance-Claim\health-insurance-claim\src\test\resources
2025-10-14 16:08:21,013 [Worker-35: Building] INFO  o.a.m.s.f.DefaultMavenResourcesFiltering - Copying 1 resource from src\main\resources to target\classes
2025-10-14 16:08:21,034 [Worker-35: Building] INFO  o.a.m.s.f.DefaultMavenResourcesFiltering - Copying 18 resources from src\main\resources to target\classes
2025-10-14 16:08:21,256 [Worker-35: Building] INFO  o.a.m.s.f.DefaultMavenResourcesFiltering - skip non existing resourceDirectory C:\Users\2440888\OneDrive - Cognizant\Desktop\Health-Insurance-Claim\health-insurance-claim\src\test\resources
2025-10-14 16:08:27,501 [Worker-26: Building] INFO  o.a.m.s.f.DefaultMavenResourcesFiltering - Copying 1 resource from src\main\resources to target\classes
2025-10-14 16:08:27,513 [Worker-26: Building] INFO  o.a.m.s.f.DefaultMavenResourcesFiltering - Copying 18 resources from src\main\resources to target\classes
2025-10-14 16:08:27,522 [Worker-26: Building] INFO  o.a.m.s.f.DefaultMavenResourcesFiltering - skip non existing resourceDirectory C:\Users\2440888\OneDrive - Cognizant\Desktop\Health-Insurance-Claim\health-insurance-claim\src\test\resources
2025-10-14 16:09:52,828 [Worker-14: Building] INFO  o.a.m.s.f.DefaultMavenResourcesFiltering - Copying 1 resource from src\main\resources to target\classes
2025-10-14 16:09:52,846 [Worker-14: Building] INFO  o.a.m.s.f.DefaultMavenResourcesFiltering - Copying 18 resources from src\main\resources to target\classes
2025-10-14 16:09:53,045 [Worker-14: Building] INFO  o.a.m.s.f.DefaultMavenResourcesFiltering - skip non existing resourceDirectory C:\Users\2440888\OneDrive - Cognizant\Desktop\Health-Insurance-Claim\health-insurance-claim\src\test\resources
2025-10-14 16:11:08,786 [Worker-34: Building] INFO  o.a.m.s.f.DefaultMavenResourcesFiltering - Copying 1 resource from src\main\resources to target\classes
2025-10-14 16:11:08,817 [Worker-34: Building] INFO  o.a.m.s.f.DefaultMavenResourcesFiltering - Copying 18 resources from src\main\resources to target\classes
2025-10-14 16:11:09,019 [Worker-34: Building] INFO  o.a.m.s.f.DefaultMavenResourcesFiltering - skip non existing resourceDirectory C:\Users\2440888\OneDrive - Cognizant\Desktop\Health-Insurance-Claim\health-insurance-claim\src\test\resources
2025-10-14 16:12:19,769 [Worker-14: Building] INFO  o.a.m.s.f.DefaultMavenResourcesFiltering - Copying 1 resource from src\main\resources to target\classes
2025-10-14 16:12:19,788 [Worker-14: Building] INFO  o.a.m.s.f.DefaultMavenResourcesFiltering - Copying 18 resources from src\main\resources to target\classes
2025-10-14 16:12:19,981 [Worker-14: Building] INFO  o.a.m.s.f.DefaultMavenResourcesFiltering - skip non existing resourceDirectory C:\Users\2440888\OneDrive - Cognizant\Desktop\Health-Insurance-Claim\health-insurance-claim\src\test\resources
2025-10-14 16:22:14,091 [Worker-26: Building] INFO  o.a.m.s.f.DefaultMavenResourcesFiltering - Copying 0 resource from src\main\resources to target\classes
2025-10-14 16:22:14,162 [Worker-26: Building] INFO  o.a.m.s.f.DefaultMavenResourcesFiltering - Copying 1 resource from src\main\resources to target\classes
2025-10-14 16:22:14,170 [Worker-26: Building] INFO  o.a.m.s.f.DefaultMavenResourcesFiltering - skip non existing resourceDirectory C:\Users\2440888\OneDrive - Cognizant\Desktop\Health-Insurance-Claim\health-insurance-claim\src\test\resources
2025-10-14 16:23:22,166 [Worker-31: Building] INFO  o.a.m.s.f.DefaultMavenResourcesFiltering - Copying 1 resource from src\main\resources to target\classes
2025-10-14 16:23:22,190 [Worker-31: Building] INFO  o.a.m.s.f.DefaultMavenResourcesFiltering - Copying 18 resources from src\main\resources to target\classes
2025-10-14 16:23:22,386 [Worker-31: Building] INFO  o.a.m.s.f.DefaultMavenResourcesFiltering - skip non existing resourceDirectory C:\Users\2440888\OneDrive - Cognizant\Desktop\Health-Insurance-Claim\health-insurance-claim\src\test\resources
2025-10-14 16:26:12,561 [Worker-14: Building] INFO  o.a.m.s.f.DefaultMavenResourcesFiltering - Copying 1 resource from src\main\resources to target\classes
2025-10-14 16:26:12,584 [Worker-14: Building] INFO  o.a.m.s.f.DefaultMavenResourcesFiltering - Copying 18 resources from src\main\resources to target\classes
2025-10-14 16:26:12,765 [Worker-14: Building] INFO  o.a.m.s.f.DefaultMavenResourcesFiltering - skip non existing resourceDirectory C:\Users\2440888\OneDrive - Cognizant\Desktop\Health-Insurance-Claim\health-insurance-claim\src\test\resources
2025-10-14 16:26:22,114 [Worker-26: Building] INFO  o.a.m.s.f.DefaultMavenResourcesFiltering - Copying 1 resource from src\main\resources to target\classes
2025-10-14 16:26:22,125 [Worker-26: Building] INFO  o.a.m.s.f.DefaultMavenResourcesFiltering - Copying 18 resources from src\main\resources to target\classes
2025-10-14 16:26:22,134 [Worker-26: Building] INFO  o.a.m.s.f.DefaultMavenResourcesFiltering - skip non existing resourceDirectory C:\Users\2440888\OneDrive - Cognizant\Desktop\Health-Insurance-Claim\health-insurance-claim\src\test\resources
2025-10-14 16:27:06,215 [Worker-32: Building] INFO  o.a.m.s.f.DefaultMavenResourcesFiltering - Copying 1 resource from src\main\resources to target\classes
2025-10-14 16:27:06,234 [Worker-32: Building] INFO  o.a.m.s.f.DefaultMavenResourcesFiltering - Copying 18 resources from src\main\resources to target\classes
2025-10-14 16:27:06,431 [Worker-32: Building] INFO  o.a.m.s.f.DefaultMavenResourcesFiltering - skip non existing resourceDirectory C:\Users\2440888\OneDrive - Cognizant\Desktop\Health-Insurance-Claim\health-insurance-claim\src\test\resources
2025-10-14 16:27:10,378 [Worker-35: Building] INFO  o.a.m.s.f.DefaultMavenResourcesFiltering - Copying 1 resource from src\main\resources to target\classes
2025-10-14 16:27:10,386 [Worker-35: Building] INFO  o.a.m.s.f.DefaultMavenResourcesFiltering - Copying 18 resources from src\main\resources to target\classes
2025-10-14 16:27:10,393 [Worker-35: Building] INFO  o.a.m.s.f.DefaultMavenResourcesFiltering - skip non existing resourceDirectory C:\Users\2440888\OneDrive - Cognizant\Desktop\Health-Insurance-Claim\health-insurance-claim\src\test\resources
2025-10-14 16:28:03,730 [Worker-33: Building] INFO  o.a.m.s.f.DefaultMavenResourcesFiltering - Copying 1 resource from src\main\resources to target\classes
2025-10-14 16:28:03,754 [Worker-33: Building] INFO  o.a.m.s.f.DefaultMavenResourcesFiltering - Copying 18 resources from src\main\resources to target\classes
2025-10-14 16:28:03,963 [Worker-33: Building] INFO  o.a.m.s.f.DefaultMavenResourcesFiltering - skip non existing resourceDirectory C:\Users\2440888\OneDrive - Cognizant\Desktop\Health-Insurance-Claim\health-insurance-claim\src\test\resources
2025-10-14 16:28:11,105 [Worker-35: Building] INFO  o.a.m.s.f.DefaultMavenResourcesFiltering - Copying 1 resource from src\main\resources to target\classes
2025-10-14 16:28:11,115 [Worker-35: Building] INFO  o.a.m.s.f.DefaultMavenResourcesFiltering - Copying 18 resources from src\main\resources to target\classes
2025-10-14 16:28:11,124 [Worker-35: Building] INFO  o.a.m.s.f.DefaultMavenResourcesFiltering - skip non existing resourceDirectory C:\Users\2440888\OneDrive - Cognizant\Desktop\Health-Insurance-Claim\health-insurance-claim\src\test\resources
2025-10-14 16:33:51,288 [Worker-14: Building] INFO  o.a.m.s.f.DefaultMavenResourcesFiltering - Copying 1 resource from src\main\resources to target\classes
2025-10-14 16:33:51,324 [Worker-14: Building] INFO  o.a.m.s.f.DefaultMavenResourcesFiltering - Copying 18 resources from src\main\resources to target\classes
2025-10-14 16:33:51,586 [Worker-14: Building] INFO  o.a.m.s.f.DefaultMavenResourcesFiltering - skip non existing resourceDirectory C:\Users\2440888\OneDrive - Cognizant\Desktop\Health-Insurance-Claim\health-insurance-claim\src\test\resources
2025-10-14 16:34:02,632 [Worker-36: Building] INFO  o.a.m.s.f.DefaultMavenResourcesFiltering - Copying 1 resource from src\main\resources to target\classes
2025-10-14 16:34:02,652 [Worker-36: Building] INFO  o.a.m.s.f.DefaultMavenResourcesFiltering - Copying 18 resources from src\main\resources to target\classes
2025-10-14 16:34:02,848 [Worker-36: Building] INFO  o.a.m.s.f.DefaultMavenResourcesFiltering - skip non existing resourceDirectory C:\Users\2440888\OneDrive - Cognizant\Desktop\Health-Insurance-Claim\health-insurance-claim\src\test\resources
2025-10-14 16:35:52,809 [Worker-33: Building] INFO  o.a.m.s.f.DefaultMavenResourcesFiltering - Copying 1 resource from src\main\resources to target\classes
2025-10-14 16:35:52,830 [Worker-33: Building] INFO  o.a.m.s.f.DefaultMavenResourcesFiltering - Copying 18 resources from src\main\resources to target\classes
2025-10-14 16:35:53,024 [Worker-33: Building] INFO  o.a.m.s.f.DefaultMavenResourcesFiltering - skip non existing resourceDirectory C:\Users\2440888\OneDrive - Cognizant\Desktop\Health-Insurance-Claim\health-insurance-claim\src\test\resources
2025-10-14 16:43:58,106 [Worker-34: Building] INFO  o.a.m.s.f.DefaultMavenResourcesFiltering - Copying 0 resource from src\main\resources to target\classes
2025-10-14 16:43:58,223 [Worker-34: Building] INFO  o.a.m.s.f.DefaultMavenResourcesFiltering - Copying 1 resource from src\main\resources to target\classes
2025-10-14 16:43:58,253 [Worker-34: Building] INFO  o.a.m.s.f.DefaultMavenResourcesFiltering - skip non existing resourceDirectory C:\Users\2440888\OneDrive - Cognizant\Desktop\Health-Insurance-Claim\health-insurance-claim\src\test\resources
2025-10-14 16:44:01,935 [Worker-31: Building] INFO  o.a.m.s.f.DefaultMavenResourcesFiltering - Copying 0 resource from src\main\resources to target\classes
2025-10-14 16:44:01,940 [Worker-31: Building] INFO  o.a.m.s.f.DefaultMavenResourcesFiltering - Copying 1 resource from src\main\resources to target\classes
2025-10-14 16:44:01,944 [Worker-31: Building] INFO  o.a.m.s.f.DefaultMavenResourcesFiltering - skip non existing resourceDirectory C:\Users\2440888\OneDrive - Cognizant\Desktop\Health-Insurance-Claim\health-insurance-claim\src\test\resources
2025-10-14 19:56:50,734 [Worker-4: Loading available Gradle versions] INFO  o.e.b.c.i.u.g.PublishedGradleVersions - Gradle version information cache is out-of-date. Trying to update.
2025-10-14 20:09:34,537 [Worker-15: Building] INFO  o.a.m.s.f.DefaultMavenResourcesFiltering - Copying 1 resource from src\main\resources to target\classes
2025-10-14 20:09:34,647 [Worker-15: Building] INFO  o.a.m.s.f.DefaultMavenResourcesFiltering - Copying 18 resources from src\main\resources to target\classes
2025-10-14 20:09:34,993 [Worker-15: Building] INFO  o.a.m.s.f.DefaultMavenResourcesFiltering - skip non existing resourceDirectory C:\Users\2440888\OneDrive - Cognizant\Desktop\Health-Insurance-Claim\health-insurance-claim\src\test\resources
2025-10-14 20:10:44,858 [Worker-13: Building] INFO  o.a.m.s.f.DefaultMavenResourcesFiltering - Copying 0 resource from src\main\resources to target\classes
2025-10-14 20:10:44,994 [Worker-13: Building] INFO  o.a.m.s.f.DefaultMavenResourcesFiltering - Copying 1 resource from src\main\resources to target\classes
2025-10-14 20:10:45,010 [Worker-13: Building] INFO  o.a.m.s.f.DefaultMavenResourcesFiltering - skip non existing resourceDirectory C:\Users\2440888\OneDrive - Cognizant\Desktop\Health-Insurance-Claim\health-insurance-claim\src\test\resources
2025-10-14 20:13:25,437 [Worker-14: Building] INFO  o.a.m.s.f.DefaultMavenResourcesFiltering - Copying 0 resource from src\main\resources to target\classes
2025-10-14 20:13:25,538 [Worker-14: Building] INFO  o.a.m.s.f.DefaultMavenResourcesFiltering - Copying 1 resource from src\main\resources to target\classes
2025-10-14 20:13:25,551 [Worker-14: Building] INFO  o.a.m.s.f.DefaultMavenResourcesFiltering - skip non existing resourceDirectory C:\Users\2440888\OneDrive - Cognizant\Desktop\Health-Insurance-Claim\health-insurance-claim\src\test\resources
2025-10-14 20:13:49,175 [Worker-4: Building] INFO  o.a.m.s.f.DefaultMavenResourcesFiltering - Copying 0 resource from src\main\resources to target\classes
2025-10-14 20:13:49,350 [Worker-4: Building] INFO  o.a.m.s.f.DefaultMavenResourcesFiltering - Copying 1 resource from src\main\resources to target\classes
2025-10-14 20:13:49,381 [Worker-4: Building] INFO  o.a.m.s.f.DefaultMavenResourcesFiltering - skip non existing resourceDirectory C:\Users\2440888\OneDrive - Cognizant\Desktop\Health-Insurance-Claim\health-insurance-claim\src\test\resources
2025-10-14 20:19:07,621 [Worker-11: Building] INFO  o.a.m.s.f.DefaultMavenResourcesFiltering - Copying 0 resource from src\main\resources to target\classes
2025-10-14 20:19:07,735 [Worker-11: Building] INFO  o.a.m.s.f.DefaultMavenResourcesFiltering - Copying 1 resource from src\main\resources to target\classes
2025-10-14 20:19:07,760 [Worker-11: Building] INFO  o.a.m.s.f.DefaultMavenResourcesFiltering - skip non existing resourceDirectory C:\Users\2440888\OneDrive - Cognizant\Desktop\Health-Insurance-Claim\health-insurance-claim\src\test\resources
2025-10-14 20:31:03,819 [Worker-14: Building] INFO  o.a.m.s.f.DefaultMavenResourcesFiltering - Copying 0 resource from src\main\resources to target\classes
2025-10-14 20:31:03,933 [Worker-14: Building] INFO  o.a.m.s.f.DefaultMavenResourcesFiltering - Copying 1 resource from src\main\resources to target\classes
2025-10-14 20:31:03,954 [Worker-14: Building] INFO  o.a.m.s.f.DefaultMavenResourcesFiltering - skip non existing resourceDirectory C:\Users\2440888\OneDrive - Cognizant\Desktop\Health-Insurance-Claim\health-insurance-claim\src\test\resources
2025-10-14 21:31:24,384 [Worker-19: Building] INFO  o.a.m.s.f.DefaultMavenResourcesFiltering - Copying 1 resource from src\main\resources to target\classes
2025-10-14 21:31:24,418 [Worker-19: Building] INFO  o.a.m.s.f.DefaultMavenResourcesFiltering - Copying 18 resources from src\main\resources to target\classes
2025-10-14 21:31:24,609 [Worker-19: Building] INFO  o.a.m.s.f.DefaultMavenResourcesFiltering - skip non existing resourceDirectory C:\Users\2440888\OneDrive - Cognizant\Desktop\Health-Insurance-Claim\health-insurance-claim\src\test\resources
2025-10-14 21:31:38,221 [Worker-23: Building] INFO  o.a.m.s.f.DefaultMavenResourcesFiltering - Copying 1 resource from src\main\resources to target\classes
2025-10-14 21:31:38,246 [Worker-23: Building] INFO  o.a.m.s.f.DefaultMavenResourcesFiltering - Copying 18 resources from src\main\resources to target\classes
2025-10-14 21:31:38,502 [Worker-23: Building] INFO  o.a.m.s.f.DefaultMavenResourcesFiltering - skip non existing resourceDirectory C:\Users\2440888\OneDrive - Cognizant\Desktop\Health-Insurance-Claim\health-insurance-claim\src\test\resources
2025-10-14 21:32:52,605 [Worker-14: Building] INFO  o.a.m.s.f.DefaultMavenResourcesFiltering - Copying 1 resource from src\main\resources to target\classes
2025-10-14 21:32:52,681 [Worker-14: Building] INFO  o.a.m.s.f.DefaultMavenResourcesFiltering - Copying 18 resources from src\main\resources to target\classes
2025-10-14 21:32:52,967 [Worker-14: Building] INFO  o.a.m.s.f.DefaultMavenResourcesFiltering - skip non existing resourceDirectory C:\Users\2440888\OneDrive - Cognizant\Desktop\Health-Insurance-Claim\health-insurance-claim\src\test\resources
2025-10-14 21:35:10,425 [Worker-21: Building] INFO  o.a.m.s.f.DefaultMavenResourcesFiltering - Copying 1 resource from src\main\resources to target\classes
2025-10-14 21:35:10,453 [Worker-21: Building] INFO  o.a.m.s.f.DefaultMavenResourcesFiltering - Copying 18 resources from src\main\resources to target\classes
2025-10-14 21:35:10,697 [Worker-21: Building] INFO  o.a.m.s.f.DefaultMavenResourcesFiltering - skip non existing resourceDirectory C:\Users\2440888\OneDrive - Cognizant\Desktop\Health-Insurance-Claim\health-insurance-claim\src\test\resources
2025-10-14 21:36:12,437 [Worker-14: Building] INFO  o.a.m.s.f.DefaultMavenResourcesFiltering - Copying 1 resource from src\main\resources to target\classes
2025-10-14 21:36:12,456 [Worker-14: Building] INFO  o.a.m.s.f.DefaultMavenResourcesFiltering - Copying 18 resources from src\main\resources to target\classes
2025-10-14 21:36:12,681 [Worker-14: Building] INFO  o.a.m.s.f.DefaultMavenResourcesFiltering - skip non existing resourceDirectory C:\Users\2440888\OneDrive - Cognizant\Desktop\Health-Insurance-Claim\health-insurance-claim\src\test\resources
2025-10-14 21:37:45,142 [Worker-21: Building] INFO  o.a.m.s.f.DefaultMavenResourcesFiltering - Copying 1 resource from src\main\resources to target\classes
2025-10-14 21:37:45,162 [Worker-21: Building] INFO  o.a.m.s.f.DefaultMavenResourcesFiltering - Copying 18 resources from src\main\resources to target\classes
2025-10-14 21:37:45,393 [Worker-21: Building] INFO  o.a.m.s.f.DefaultMavenResourcesFiltering - skip non existing resourceDirectory C:\Users\2440888\OneDrive - Cognizant\Desktop\Health-Insurance-Claim\health-insurance-claim\src\test\resources
2025-10-14 21:38:30,048 [Worker-8: Building] INFO  o.a.m.s.f.DefaultMavenResourcesFiltering - Copying 1 resource from src\main\resources to target\classes
2025-10-14 21:38:30,070 [Worker-8: Building] INFO  o.a.m.s.f.DefaultMavenResourcesFiltering - Copying 18 resources from src\main\resources to target\classes
2025-10-14 21:38:30,335 [Worker-8: Building] INFO  o.a.m.s.f.DefaultMavenResourcesFiltering - skip non existing resourceDirectory C:\Users\2440888\OneDrive - Cognizant\Desktop\Health-Insurance-Claim\health-insurance-claim\src\test\resources
2025-10-14 21:38:34,398 [Worker-21: Building] INFO  o.a.m.s.f.DefaultMavenResourcesFiltering - Copying 1 resource from src\main\resources to target\classes
2025-10-14 21:38:34,413 [Worker-21: Building] INFO  o.a.m.s.f.DefaultMavenResourcesFiltering - Copying 18 resources from src\main\resources to target\classes
2025-10-14 21:38:34,438 [Worker-21: Building] INFO  o.a.m.s.f.DefaultMavenResourcesFiltering - skip non existing resourceDirectory C:\Users\2440888\OneDrive - Cognizant\Desktop\Health-Insurance-Claim\health-insurance-claim\src\test\resources
2025-10-14 21:39:04,713 [Worker-14: Building] INFO  o.a.m.s.f.DefaultMavenResourcesFiltering - Copying 1 resource from src\main\resources to target\classes
2025-10-14 21:39:04,737 [Worker-14: Building] INFO  o.a.m.s.f.DefaultMavenResourcesFiltering - Copying 18 resources from src\main\resources to target\classes
2025-10-14 21:39:04,967 [Worker-14: Building] INFO  o.a.m.s.f.DefaultMavenResourcesFiltering - skip non existing resourceDirectory C:\Users\2440888\OneDrive - Cognizant\Desktop\Health-Insurance-Claim\health-insurance-claim\src\test\resources
2025-10-14 21:39:41,080 [Worker-8: Building] INFO  o.a.m.s.f.DefaultMavenResourcesFiltering - Copying 1 resource from src\main\resources to target\classes
2025-10-14 21:39:41,102 [Worker-8: Building] INFO  o.a.m.s.f.DefaultMavenResourcesFiltering - Copying 18 resources from src\main\resources to target\classes
2025-10-14 21:39:41,353 [Worker-8: Building] INFO  o.a.m.s.f.DefaultMavenResourcesFiltering - skip non existing resourceDirectory C:\Users\2440888\OneDrive - Cognizant\Desktop\Health-Insurance-Claim\health-insurance-claim\src\test\resources
2025-10-14 21:43:42,498 [Worker-8: Building] INFO  o.a.m.s.f.DefaultMavenResourcesFiltering - Copying 1 resource from src\main\resources to target\classes
2025-10-14 21:43:42,518 [Worker-8: Building] INFO  o.a.m.s.f.DefaultMavenResourcesFiltering - Copying 18 resources from src\main\resources to target\classes
2025-10-14 21:43:42,726 [Worker-8: Building] INFO  o.a.m.s.f.DefaultMavenResourcesFiltering - skip non existing resourceDirectory C:\Users\2440888\OneDrive - Cognizant\Desktop\Health-Insurance-Claim\health-insurance-claim\src\test\resources
2025-10-14 21:45:44,796 [Worker-14: Building] INFO  o.a.m.s.f.DefaultMavenResourcesFiltering - Copying 1 resource from src\main\resources to target\classes
2025-10-14 21:45:44,836 [Worker-14: Building] INFO  o.a.m.s.f.DefaultMavenResourcesFiltering - Copying 18 resources from src\main\resources to target\classes
2025-10-14 21:45:45,018 [Worker-14: Building] INFO  o.a.m.s.f.DefaultMavenResourcesFiltering - skip non existing resourceDirectory C:\Users\2440888\OneDrive - Cognizant\Desktop\Health-Insurance-Claim\health-insurance-claim\src\test\resources
2025-10-14 21:47:14,103 [Worker-23: Building] INFO  o.a.m.s.f.DefaultMavenResourcesFiltering - Copying 1 resource from src\main\resources to target\classes
2025-10-14 21:47:14,130 [Worker-23: Building] INFO  o.a.m.s.f.DefaultMavenResourcesFiltering - Copying 18 resources from src\main\resources to target\classes
2025-10-14 21:47:14,344 [Worker-23: Building] INFO  o.a.m.s.f.DefaultMavenResourcesFiltering - skip non existing resourceDirectory C:\Users\2440888\OneDrive - Cognizant\Desktop\Health-Insurance-Claim\health-insurance-claim\src\test\resources
2025-10-14 21:47:23,203 [Worker-24: Building] INFO  o.a.m.s.f.DefaultMavenResourcesFiltering - Copying 1 resource from src\main\resources to target\classes
2025-10-14 21:47:23,214 [Worker-24: Building] INFO  o.a.m.s.f.DefaultMavenResourcesFiltering - Copying 18 resources from src\main\resources to target\classes
2025-10-14 21:47:23,223 [Worker-24: Building] INFO  o.a.m.s.f.DefaultMavenResourcesFiltering - skip non existing resourceDirectory C:\Users\2440888\OneDrive - Cognizant\Desktop\Health-Insurance-Claim\health-insurance-claim\src\test\resources
2025-10-14 21:47:43,387 [Worker-8: Building] INFO  o.a.m.s.f.DefaultMavenResourcesFiltering - Copying 1 resource from src\main\resources to target\classes
2025-10-14 21:47:43,409 [Worker-8: Building] INFO  o.a.m.s.f.DefaultMavenResourcesFiltering - Copying 18 resources from src\main\resources to target\classes
2025-10-14 21:47:43,628 [Worker-8: Building] INFO  o.a.m.s.f.DefaultMavenResourcesFiltering - skip non existing resourceDirectory C:\Users\2440888\OneDrive - Cognizant\Desktop\Health-Insurance-Claim\health-insurance-claim\src\test\resources
2025-10-14 21:49:31,986 [Worker-24: Building] INFO  o.a.m.s.f.DefaultMavenResourcesFiltering - Copying 1 resource from src\main\resources to target\classes
2025-10-14 21:49:32,010 [Worker-24: Building] INFO  o.a.m.s.f.DefaultMavenResourcesFiltering - Copying 18 resources from src\main\resources to target\classes
2025-10-14 21:49:32,243 [Worker-24: Building] INFO  o.a.m.s.f.DefaultMavenResourcesFiltering - skip non existing resourceDirectory C:\Users\2440888\OneDrive - Cognizant\Desktop\Health-Insurance-Claim\health-insurance-claim\src\test\resources
2025-10-14 21:51:12,840 [Worker-21: Building] INFO  o.a.m.s.f.DefaultMavenResourcesFiltering - Copying 1 resource from src\main\resources to target\classes
2025-10-14 21:51:12,867 [Worker-21: Building] INFO  o.a.m.s.f.DefaultMavenResourcesFiltering - Copying 18 resources from src\main\resources to target\classes
2025-10-14 21:51:13,078 [Worker-21: Building] INFO  o.a.m.s.f.DefaultMavenResourcesFiltering - skip non existing resourceDirectory C:\Users\2440888\OneDrive - Cognizant\Desktop\Health-Insurance-Claim\health-insurance-claim\src\test\resources
2025-10-14 21:51:29,347 [Worker-8: Building] INFO  o.a.m.s.f.DefaultMavenResourcesFiltering - Copying 0 resource from src\main\resources to target\classes
2025-10-14 21:51:29,454 [Worker-8: Building] INFO  o.a.m.s.f.DefaultMavenResourcesFiltering - Copying 1 resource from src\main\resources to target\classes
2025-10-14 21:51:29,464 [Worker-8: Building] INFO  o.a.m.s.f.DefaultMavenResourcesFiltering - skip non existing resourceDirectory C:\Users\2440888\OneDrive - Cognizant\Desktop\Health-Insurance-Claim\health-insurance-claim\src\test\resources
2025-10-14 21:51:44,754 [Worker-22: Building] INFO  o.a.m.s.f.DefaultMavenResourcesFiltering - Copying 0 resource from src\main\resources to target\classes
2025-10-14 21:51:44,906 [Worker-22: Building] INFO  o.a.m.s.f.DefaultMavenResourcesFiltering - Copying 1 resource from src\main\resources to target\classes
2025-10-14 21:51:44,920 [Worker-22: Building] INFO  o.a.m.s.f.DefaultMavenResourcesFiltering - skip non existing resourceDirectory C:\Users\2440888\OneDrive - Cognizant\Desktop\Health-Insurance-Claim\health-insurance-claim\src\test\resources
2025-10-14 22:02:41,374 [Worker-8: Building] INFO  o.a.m.s.f.DefaultMavenResourcesFiltering - Copying 1 resource from src\main\resources to target\classes
2025-10-14 22:02:41,404 [Worker-8: Building] INFO  o.a.m.s.f.DefaultMavenResourcesFiltering - Copying 19 resources from src\main\resources to target\classes
2025-10-14 22:02:41,601 [Worker-8: Building] INFO  o.a.m.s.f.DefaultMavenResourcesFiltering - skip non existing resourceDirectory C:\Users\2440888\OneDrive - Cognizant\Desktop\Health-Insurance-Claim\health-insurance-claim\src\test\resources
2025-10-14 22:03:25,223 [Worker-27: Building] INFO  o.a.m.s.f.DefaultMavenResourcesFiltering - Copying 1 resource from src\main\resources to target\classes
2025-10-14 22:03:25,244 [Worker-27: Building] INFO  o.a.m.s.f.DefaultMavenResourcesFiltering - Copying 19 resources from src\main\resources to target\classes
2025-10-14 22:03:25,477 [Worker-27: Building] INFO  o.a.m.s.f.DefaultMavenResourcesFiltering - skip non existing resourceDirectory C:\Users\2440888\OneDrive - Cognizant\Desktop\Health-Insurance-Claim\health-insurance-claim\src\test\resources
2025-10-14 22:04:09,259 [Worker-26: Building] INFO  o.a.m.s.f.DefaultMavenResourcesFiltering - Copying 1 resource from src\main\resources to target\classes
2025-10-14 22:04:09,294 [Worker-26: Building] INFO  o.a.m.s.f.DefaultMavenResourcesFiltering - Copying 19 resources from src\main\resources to target\classes
2025-10-14 22:04:09,553 [Worker-26: Building] INFO  o.a.m.s.f.DefaultMavenResourcesFiltering - skip non existing resourceDirectory C:\Users\2440888\OneDrive - Cognizant\Desktop\Health-Insurance-Claim\health-insurance-claim\src\test\resources
2025-10-14 22:04:26,247 [Worker-28: Building] INFO  o.a.m.s.f.DefaultMavenResourcesFiltering - Copying 1 resource from src\main\resources to target\classes
2025-10-14 22:04:26,265 [Worker-28: Building] INFO  o.a.m.s.f.DefaultMavenResourcesFiltering - Copying 19 resources from src\main\resources to target\classes
2025-10-14 22:04:26,482 [Worker-28: Building] INFO  o.a.m.s.f.DefaultMavenResourcesFiltering - skip non existing resourceDirectory C:\Users\2440888\OneDrive - Cognizant\Desktop\Health-Insurance-Claim\health-insurance-claim\src\test\resources
2025-10-14 22:06:24,745 [Worker-28: Building] INFO  o.a.m.s.f.DefaultMavenResourcesFiltering - Copying 1 resource from src\main\resources to target\classes
2025-10-14 22:06:24,767 [Worker-28: Building] INFO  o.a.m.s.f.DefaultMavenResourcesFiltering - Copying 19 resources from src\main\resources to target\classes
2025-10-14 22:06:25,052 [Worker-28: Building] INFO  o.a.m.s.f.DefaultMavenResourcesFiltering - skip non existing resourceDirectory C:\Users\2440888\OneDrive - Cognizant\Desktop\Health-Insurance-Claim\health-insurance-claim\src\test\resources
2025-10-14 22:08:15,550 [Worker-30: Building] INFO  o.a.m.s.f.DefaultMavenResourcesFiltering - Copying 1 resource from src\main\resources to target\classes
2025-10-14 22:08:15,572 [Worker-30: Building] INFO  o.a.m.s.f.DefaultMavenResourcesFiltering - Copying 19 resources from src\main\resources to target\classes
2025-10-14 22:08:15,801 [Worker-30: Building] INFO  o.a.m.s.f.DefaultMavenResourcesFiltering - skip non existing resourceDirectory C:\Users\2440888\OneDrive - Cognizant\Desktop\Health-Insurance-Claim\health-insurance-claim\src\test\resources
2025-10-14 22:09:10,002 [Worker-30: Building] INFO  o.a.m.s.f.DefaultMavenResourcesFiltering - Copying 1 resource from src\main\resources to target\classes
2025-10-14 22:09:10,029 [Worker-30: Building] INFO  o.a.m.s.f.DefaultMavenResourcesFiltering - Copying 19 resources from src\main\resources to target\classes
2025-10-14 22:09:10,268 [Worker-30: Building] INFO  o.a.m.s.f.DefaultMavenResourcesFiltering - skip non existing resourceDirectory C:\Users\2440888\OneDrive - Cognizant\Desktop\Health-Insurance-Claim\health-insurance-claim\src\test\resources
2025-10-14 22:11:11,080 [Worker-31: Building] INFO  o.a.m.s.f.DefaultMavenResourcesFiltering - Copying 1 resource from src\main\resources to target\classes
2025-10-14 22:11:11,111 [Worker-31: Building] INFO  o.a.m.s.f.DefaultMavenResourcesFiltering - Copying 19 resources from src\main\resources to target\classes
2025-10-14 22:11:11,396 [Worker-31: Building] INFO  o.a.m.s.f.DefaultMavenResourcesFiltering - skip non existing resourceDirectory C:\Users\2440888\OneDrive - Cognizant\Desktop\Health-Insurance-Claim\health-insurance-claim\src\test\resources
2025-10-14 22:18:51,139 [Worker-33: Building] INFO  o.a.m.s.f.DefaultMavenResourcesFiltering - Copying 1 resource from src\main\resources to target\classes
2025-10-14 22:18:51,185 [Worker-33: Building] INFO  o.a.m.s.f.DefaultMavenResourcesFiltering - Copying 19 resources from src\main\resources to target\classes
2025-10-14 22:18:51,452 [Worker-33: Building] INFO  o.a.m.s.f.DefaultMavenResourcesFiltering - skip non existing resourceDirectory C:\Users\2440888\OneDrive - Cognizant\Desktop\Health-Insurance-Claim\health-insurance-claim\src\test\resources
2025-10-14 22:19:41,932 [Worker-31: Building] INFO  o.a.m.s.f.DefaultMavenResourcesFiltering - Copying 0 resource from src\main\resources to target\classes
2025-10-14 22:19:42,047 [Worker-31: Building] INFO  o.a.m.s.f.DefaultMavenResourcesFiltering - Copying 1 resource from src\main\resources to target\classes
2025-10-14 22:19:42,065 [Worker-31: Building] INFO  o.a.m.s.f.DefaultMavenResourcesFiltering - skip non existing resourceDirectory C:\Users\2440888\OneDrive - Cognizant\Desktop\Health-Insurance-Claim\health-insurance-claim\src\test\resources
2025-10-14 22:20:40,290 [Worker-35: Building] INFO  o.a.m.s.f.DefaultMavenResourcesFiltering - Copying 0 resource from src\main\resources to target\classes
2025-10-14 22:20:40,442 [Worker-35: Building] INFO  o.a.m.s.f.DefaultMavenResourcesFiltering - Copying 1 resource from src\main\resources to target\classes
2025-10-14 22:20:40,461 [Worker-35: Building] INFO  o.a.m.s.f.DefaultMavenResourcesFiltering - skip non existing resourceDirectory C:\Users\2440888\OneDrive - Cognizant\Desktop\Health-Insurance-Claim\health-insurance-claim\src\test\resources
2025-10-14 22:23:09,421 [Worker-30: Building] INFO  o.a.m.s.f.DefaultMavenResourcesFiltering - Copying 0 resource from src\main\resources to target\classes
2025-10-14 22:23:09,547 [Worker-30: Building] INFO  o.a.m.s.f.DefaultMavenResourcesFiltering - Copying 1 resource from src\main\resources to target\classes
2025-10-14 22:23:09,565 [Worker-30: Building] INFO  o.a.m.s.f.DefaultMavenResourcesFiltering - skip non existing resourceDirectory C:\Users\2440888\OneDrive - Cognizant\Desktop\Health-Insurance-Claim\health-insurance-claim\src\test\resources
2025-10-14 22:23:13,815 [Worker-32: Building] INFO  o.a.m.s.f.DefaultMavenResourcesFiltering - Copying 0 resource from src\main\resources to target\classes
2025-10-14 22:23:13,825 [Worker-32: Building] INFO  o.a.m.s.f.DefaultMavenResourcesFiltering - Copying 1 resource from src\main\resources to target\classes
2025-10-14 22:23:13,830 [Worker-32: Building] INFO  o.a.m.s.f.DefaultMavenResourcesFiltering - skip non existing resourceDirectory C:\Users\2440888\OneDrive - Cognizant\Desktop\Health-Insurance-Claim\health-insurance-claim\src\test\resources
2025-10-14 22:25:00,999 [Worker-30: Building] INFO  o.a.m.s.f.DefaultMavenResourcesFiltering - Copying 1 resource from src\main\resources to target\classes
2025-10-14 22:25:01,018 [Worker-30: Building] INFO  o.a.m.s.f.DefaultMavenResourcesFiltering - Copying 19 resources from src\main\resources to target\classes
2025-10-14 22:25:01,260 [Worker-30: Building] INFO  o.a.m.s.f.DefaultMavenResourcesFiltering - skip non existing resourceDirectory C:\Users\2440888\OneDrive - Cognizant\Desktop\Health-Insurance-Claim\health-insurance-claim\src\test\resources
2025-10-14 22:32:15,648 [Worker-34: Building] INFO  o.a.m.s.f.DefaultMavenResourcesFiltering - Copying 1 resource from src\main\resources to target\classes
2025-10-14 22:32:15,714 [Worker-34: Building] INFO  o.a.m.s.f.DefaultMavenResourcesFiltering - Copying 19 resources from src\main\resources to target\classes
2025-10-14 22:32:15,977 [Worker-34: Building] INFO  o.a.m.s.f.DefaultMavenResourcesFiltering - skip non existing resourceDirectory C:\Users\2440888\OneDrive - Cognizant\Desktop\Health-Insurance-Claim\health-insurance-claim\src\test\resources
2025-10-14 22:39:35,371 [Worker-27: Building] INFO  o.a.m.s.f.DefaultMavenResourcesFiltering - Copying 1 resource from src\main\resources to target\classes
2025-10-14 22:39:35,394 [Worker-27: Building] INFO  o.a.m.s.f.DefaultMavenResourcesFiltering - Copying 19 resources from src\main\resources to target\classes
2025-10-14 22:39:35,658 [Worker-27: Building] INFO  o.a.m.s.f.DefaultMavenResourcesFiltering - skip non existing resourceDirectory C:\Users\2440888\OneDrive - Cognizant\Desktop\Health-Insurance-Claim\health-insurance-claim\src\test\resources
2025-10-14 22:43:21,024 [Worker-27: Building] INFO  o.a.m.s.f.DefaultMavenResourcesFiltering - Copying 1 resource from src\main\resources to target\classes
2025-10-14 22:43:21,060 [Worker-27: Building] INFO  o.a.m.s.f.DefaultMavenResourcesFiltering - Copying 19 resources from src\main\resources to target\classes
2025-10-14 22:43:21,309 [Worker-27: Building] INFO  o.a.m.s.f.DefaultMavenResourcesFiltering - skip non existing resourceDirectory C:\Users\2440888\OneDrive - Cognizant\Desktop\Health-Insurance-Claim\health-insurance-claim\src\test\resources
2025-10-14 22:44:19,854 [Worker-33: Building] INFO  o.a.m.s.f.DefaultMavenResourcesFiltering - Copying 1 resource from src\main\resources to target\classes
2025-10-14 22:44:19,887 [Worker-33: Building] INFO  o.a.m.s.f.DefaultMavenResourcesFiltering - Copying 19 resources from src\main\resources to target\classes
2025-10-14 22:44:20,148 [Worker-33: Building] INFO  o.a.m.s.f.DefaultMavenResourcesFiltering - skip non existing resourceDirectory C:\Users\2440888\OneDrive - Cognizant\Desktop\Health-Insurance-Claim\health-insurance-claim\src\test\resources
2025-10-14 22:44:36,569 [Worker-34: Building] INFO  o.a.m.s.f.DefaultMavenResourcesFiltering - Copying 1 resource from src\main\resources to target\classes
2025-10-14 22:44:36,594 [Worker-34: Building] INFO  o.a.m.s.f.DefaultMavenResourcesFiltering - Copying 19 resources from src\main\resources to target\classes
2025-10-14 22:44:36,849 [Worker-34: Building] INFO  o.a.m.s.f.DefaultMavenResourcesFiltering - skip non existing resourceDirectory C:\Users\2440888\OneDrive - Cognizant\Desktop\Health-Insurance-Claim\health-insurance-claim\src\test\resources
2025-10-14 22:45:42,853 [Worker-19: Building] INFO  o.a.m.s.f.DefaultMavenResourcesFiltering - Copying 1 resource from src\main\resources to target\classes
2025-10-14 22:45:42,874 [Worker-19: Building] INFO  o.a.m.s.f.DefaultMavenResourcesFiltering - Copying 19 resources from src\main\resources to target\classes
2025-10-14 22:45:43,119 [Worker-19: Building] INFO  o.a.m.s.f.DefaultMavenResourcesFiltering - skip non existing resourceDirectory C:\Users\2440888\OneDrive - Cognizant\Desktop\Health-Insurance-Claim\health-insurance-claim\src\test\resources
2025-10-14 22:46:19,823 [Worker-32: Building] INFO  o.a.m.s.f.DefaultMavenResourcesFiltering - Copying 1 resource from src\main\resources to target\classes
2025-10-14 22:46:19,866 [Worker-32: Building] INFO  o.a.m.s.f.DefaultMavenResourcesFiltering - Copying 19 resources from src\main\resources to target\classes
2025-10-14 22:46:20,136 [Worker-32: Building] INFO  o.a.m.s.f.DefaultMavenResourcesFiltering - skip non existing resourceDirectory C:\Users\2440888\OneDrive - Cognizant\Desktop\Health-Insurance-Claim\health-insurance-claim\src\test\resources
2025-10-14 22:47:55,625 [Worker-31: Building] INFO  o.a.m.s.f.DefaultMavenResourcesFiltering - Copying 1 resource from src\main\resources to target\classes
2025-10-14 22:47:55,652 [Worker-31: Building] INFO  o.a.m.s.f.DefaultMavenResourcesFiltering - Copying 19 resources from src\main\resources to target\classes
2025-10-14 22:47:55,885 [Worker-31: Building] INFO  o.a.m.s.f.DefaultMavenResourcesFiltering - skip non existing resourceDirectory C:\Users\2440888\OneDrive - Cognizant\Desktop\Health-Insurance-Claim\health-insurance-claim\src\test\resources
2025-10-14 22:47:59,288 [Worker-32: Building] INFO  o.a.m.s.f.DefaultMavenResourcesFiltering - Copying 1 resource from src\main\resources to target\classes
2025-10-14 22:47:59,297 [Worker-32: Building] INFO  o.a.m.s.f.DefaultMavenResourcesFiltering - Copying 19 resources from src\main\resources to target\classes
2025-10-14 22:47:59,307 [Worker-32: Building] INFO  o.a.m.s.f.DefaultMavenResourcesFiltering - skip non existing resourceDirectory C:\Users\2440888\OneDrive - Cognizant\Desktop\Health-Insurance-Claim\health-insurance-claim\src\test\resources
2025-10-14 22:48:54,680 [Worker-34: Building] INFO  o.a.m.s.f.DefaultMavenResourcesFiltering - Copying 1 resource from src\main\resources to target\classes
2025-10-14 22:48:54,705 [Worker-34: Building] INFO  o.a.m.s.f.DefaultMavenResourcesFiltering - Copying 19 resources from src\main\resources to target\classes
2025-10-14 22:48:54,863 [Worker-34: Building] INFO  o.a.m.s.f.DefaultMavenResourcesFiltering - skip non existing resourceDirectory C:\Users\2440888\OneDrive - Cognizant\Desktop\Health-Insurance-Claim\health-insurance-claim\src\test\resources
2025-10-14 22:49:35,465 [Worker-32: Building] INFO  o.a.m.s.f.DefaultMavenResourcesFiltering - Copying 1 resource from src\main\resources to target\classes
2025-10-14 22:49:35,485 [Worker-32: Building] INFO  o.a.m.s.f.DefaultMavenResourcesFiltering - Copying 19 resources from src\main\resources to target\classes
2025-10-14 22:49:35,672 [Worker-32: Building] INFO  o.a.m.s.f.DefaultMavenResourcesFiltering - skip non existing resourceDirectory C:\Users\2440888\OneDrive - Cognizant\Desktop\Health-Insurance-Claim\health-insurance-claim\src\test\resources
2025-10-14 22:49:44,937 [Worker-30: Building] INFO  o.a.m.s.f.DefaultMavenResourcesFiltering - Copying 1 resource from src\main\resources to target\classes
2025-10-14 22:49:44,950 [Worker-30: Building] INFO  o.a.m.s.f.DefaultMavenResourcesFiltering - Copying 19 resources from src\main\resources to target\classes
2025-10-14 22:49:44,960 [Worker-30: Building] INFO  o.a.m.s.f.DefaultMavenResourcesFiltering - skip non existing resourceDirectory C:\Users\2440888\OneDrive - Cognizant\Desktop\Health-Insurance-Claim\health-insurance-claim\src\test\resources
2025-10-14 22:53:22,624 [Worker-19: Building] INFO  o.a.m.s.f.DefaultMavenResourcesFiltering - Copying 0 resource from src\main\resources to target\classes
2025-10-14 22:53:22,748 [Worker-19: Building] INFO  o.a.m.s.f.DefaultMavenResourcesFiltering - Copying 1 resource from src\main\resources to target\classes
2025-10-14 22:53:22,766 [Worker-19: Building] INFO  o.a.m.s.f.DefaultMavenResourcesFiltering - skip non existing resourceDirectory C:\Users\2440888\OneDrive - Cognizant\Desktop\Health-Insurance-Claim\health-insurance-claim\src\test\resources
2025-10-14 23:04:28,479 [Worker-19: Building] INFO  o.e.m.c.i.l.LifecycleMappingFactory - Using org.eclipse.m2e.jdt.JarLifecycleMapping lifecycle mapping for MavenProject: health-insurance-claim-management-system:health-insurance-claim:0.0.1-SNAPSHOT @ C:\Users\2440888\OneDrive - Cognizant\Desktop\Health-Insurance-Claim\health-insurance-claim\pom.xml.
2025-10-14 23:04:37,461 [Worker-19: Building] INFO  o.a.m.s.f.DefaultMavenResourcesFiltering - Copying 0 resource from src\main\resources to target\classes
2025-10-14 23:04:37,587 [Worker-19: Building] INFO  o.a.m.s.f.DefaultMavenResourcesFiltering - Copying 0 resource from src\main\resources to target\classes
2025-10-14 23:04:37,593 [Worker-19: Building] INFO  o.a.m.s.f.DefaultMavenResourcesFiltering - skip non existing resourceDirectory C:\Users\2440888\OneDrive - Cognizant\Desktop\Health-Insurance-Claim\health-insurance-claim\src\test\resources
2025-10-14 23:04:41,975 [Worker-19: Building] INFO  o.a.m.s.f.DefaultMavenResourcesFiltering - Copying 1 resource from src\main\resources to target\classes
2025-10-14 23:04:42,003 [Worker-19: Building] INFO  o.a.m.s.f.DefaultMavenResourcesFiltering - Copying 19 resources from src\main\resources to target\classes
2025-10-14 23:04:42,119 [Worker-19: Building] INFO  o.a.m.s.f.DefaultMavenResourcesFiltering - skip non existing resourceDirectory C:\Users\2440888\OneDrive - Cognizant\Desktop\Health-Insurance-Claim\health-insurance-claim\src\test\resources
2025-10-14 23:05:43,530 [Worker-33: Building] INFO  o.a.m.s.f.DefaultMavenResourcesFiltering - Copying 1 resource from src\main\resources to target\classes
2025-10-14 23:05:43,758 [Worker-33: Building] INFO  o.a.m.s.f.DefaultMavenResourcesFiltering - Copying 0 resource from src\main\resources to target\classes
2025-10-14 23:05:43,760 [Worker-33: Building] INFO  o.a.m.s.f.DefaultMavenResourcesFiltering - skip non existing resourceDirectory C:\Users\2440888\OneDrive - Cognizant\Desktop\Health-Insurance-Claim\health-insurance-claim\src\test\resources
2025-10-14 23:09:02,894 [Worker-43: Building] INFO  o.a.m.s.f.DefaultMavenResourcesFiltering - Copying 1 resource from src\main\resources to target\classes
2025-10-14 23:09:03,072 [Worker-43: Building] INFO  o.a.m.s.f.DefaultMavenResourcesFiltering - Copying 0 resource from src\main\resources to target\classes
2025-10-14 23:09:03,075 [Worker-43: Building] INFO  o.a.m.s.f.DefaultMavenResourcesFiltering - skip non existing resourceDirectory C:\Users\2440888\OneDrive - Cognizant\Desktop\Health-Insurance-Claim\health-insurance-claim\src\test\resources
2025-10-14 23:11:26,201 [Worker-43: Building] INFO  o.e.m.c.i.l.LifecycleMappingFactory - Using org.eclipse.m2e.jdt.JarLifecycleMapping lifecycle mapping for MavenProject: health-insurance-claim-management-system:health-insurance-claim:0.0.1-SNAPSHOT @ C:\Users\2440888\OneDrive - Cognizant\Desktop\Health-Insurance-Claim\health-insurance-claim\pom.xml.
2025-10-14 23:11:30,471 [Worker-43: Building] INFO  o.e.m.c.i.e.AbstractTransferListenerAdapter - Downloading https://repo.maven.apache.org/maven2/org/springdoc/springdoc-openapi-starter-webmvc-ui/2.3.0/springdoc-openapi-starter-webmvc-ui-2.3.0.pom
2025-10-14 23:11:30,506 [Worker-43: Building] INFO  o.e.m.c.i.e.AbstractTransferListenerAdapter - Downloaded https://repo.maven.apache.org/maven2/org/springdoc/springdoc-openapi-starter-webmvc-ui/2.3.0/springdoc-openapi-starter-webmvc-ui-2.3.0.pom
2025-10-14 23:11:30,646 [Worker-43: Building] INFO  o.e.m.c.i.e.AbstractTransferListenerAdapter - Downloading https://repo.maven.apache.org/maven2/org/springdoc/springdoc-openapi/2.3.0/springdoc-openapi-2.3.0.pom
2025-10-14 23:11:30,703 [Worker-43: Building] INFO  o.e.m.c.i.e.AbstractTransferListenerAdapter - Downloaded https://repo.maven.apache.org/maven2/org/springdoc/springdoc-openapi/2.3.0/springdoc-openapi-2.3.0.pom
2025-10-14 23:11:30,806 [Worker-43: Building] INFO  o.e.m.c.i.e.AbstractTransferListenerAdapter - Downloading https://repo.maven.apache.org/maven2/org/springframework/boot/spring-boot-starter-parent/3.2.0/spring-boot-starter-parent-3.2.0.pom
2025-10-14 23:11:30,848 [Worker-43: Building] INFO  o.e.m.c.i.e.AbstractTransferListenerAdapter - Downloaded https://repo.maven.apache.org/maven2/org/springframework/boot/spring-boot-starter-parent/3.2.0/spring-boot-starter-parent-3.2.0.pom
2025-10-14 23:11:30,954 [Worker-43: Building] INFO  o.e.m.c.i.e.AbstractTransferListenerAdapter - Downloading https://repo.maven.apache.org/maven2/org/springframework/boot/spring-boot-dependencies/3.2.0/spring-boot-dependencies-3.2.0.pom
2025-10-14 23:11:31,005 [Worker-43: Building] INFO  o.e.m.c.i.e.AbstractTransferListenerAdapter - Downloaded https://repo.maven.apache.org/maven2/org/springframework/boot/spring-boot-dependencies/3.2.0/spring-boot-dependencies-3.2.0.pom
2025-10-14 23:11:31,109 [Worker-43: Building] INFO  o.e.m.c.i.e.AbstractTransferListenerAdapter - Downloading https://repo.maven.apache.org/maven2/org/assertj/assertj-bom/3.24.2/assertj-bom-3.24.2.pom
2025-10-14 23:11:31,144 [Worker-43: Building] INFO  o.e.m.c.i.e.AbstractTransferListenerAdapter - Downloaded https://repo.maven.apache.org/maven2/org/assertj/assertj-bom/3.24.2/assertj-bom-3.24.2.pom
2025-10-14 23:11:31,237 [Worker-43: Building] INFO  o.e.m.c.i.e.AbstractTransferListenerAdapter - Downloading https://repo.maven.apache.org/maven2/io/zipkin/brave/brave-bom/5.16.0/brave-bom-5.16.0.pom
2025-10-14 23:11:31,289 [Worker-43: Building] INFO  o.e.m.c.i.e.AbstractTransferListenerAdapter - Downloaded https://repo.maven.apache.org/maven2/io/zipkin/brave/brave-bom/5.16.0/brave-bom-5.16.0.pom
2025-10-14 23:11:32,638 [Worker-43: Building] INFO  o.e.m.c.i.e.AbstractTransferListenerAdapter - Downloaded https://repo.spring.io/release/io/zipkin/reporter2/zipkin-reporter-bom/2.16.3/zipkin-reporter-bom-2.16.3.pom
2025-10-14 23:11:33,032 [Worker-43: Building] INFO  o.e.m.c.i.e.AbstractTransferListenerAdapter - Downloaded https://repo.spring.io/snapshot/io/zipkin/reporter2/zipkin-reporter-bom/2.16.3/zipkin-reporter-bom-2.16.3.pom
2025-10-14 23:11:33,129 [Worker-43: Building] INFO  o.e.m.c.i.e.AbstractTransferListenerAdapter - Downloading https://repo.maven.apache.org/maven2/io/zipkin/reporter2/zipkin-reporter-bom/2.16.3/zipkin-reporter-bom-2.16.3.pom
2025-10-14 23:11:33,169 [Worker-43: Building] INFO  o.e.m.c.i.e.AbstractTransferListenerAdapter - Downloaded https://repo.maven.apache.org/maven2/io/zipkin/reporter2/zipkin-reporter-bom/2.16.3/zipkin-reporter-bom-2.16.3.pom
2025-10-14 23:11:33,257 [Worker-43: Building] INFO  o.e.m.c.i.e.AbstractTransferListenerAdapter - Downloading https://repo.maven.apache.org/maven2/com/datastax/oss/java-driver-bom/4.17.0/java-driver-bom-4.17.0.pom
2025-10-14 23:11:33,302 [Worker-43: Building] INFO  o.e.m.c.i.e.AbstractTransferListenerAdapter - Downloaded https://repo.maven.apache.org/maven2/com/datastax/oss/java-driver-bom/4.17.0/java-driver-bom-4.17.0.pom
2025-10-14 23:11:33,466 [Worker-43: Building] INFO  o.e.m.c.i.e.AbstractTransferListenerAdapter - Downloading https://repo.maven.apache.org/maven2/io/dropwizard/metrics/metrics-bom/4.2.22/metrics-bom-4.2.22.pom
2025-10-14 23:11:33,530 [Worker-43: Building] INFO  o.e.m.c.i.e.AbstractTransferListenerAdapter - Downloaded https://repo.maven.apache.org/maven2/io/dropwizard/metrics/metrics-bom/4.2.22/metrics-bom-4.2.22.pom
2025-10-14 23:11:33,705 [Worker-43: Building] INFO  o.e.m.c.i.e.AbstractTransferListenerAdapter - Downloading https://repo.maven.apache.org/maven2/io/dropwizard/metrics/metrics-parent/4.2.22/metrics-parent-4.2.22.pom
2025-10-14 23:11:33,752 [Worker-43: Building] INFO  o.e.m.c.i.e.AbstractTransferListenerAdapter - Downloaded https://repo.maven.apache.org/maven2/io/dropwizard/metrics/metrics-parent/4.2.22/metrics-parent-4.2.22.pom
2025-10-14 23:11:33,985 [Worker-43: Building] INFO  o.e.m.c.i.e.AbstractTransferListenerAdapter - Downloading https://repo.maven.apache.org/maven2/org/glassfish/jaxb/jaxb-bom/4.0.4/jaxb-bom-4.0.4.pom
2025-10-14 23:11:34,035 [Worker-43: Building] INFO  o.e.m.c.i.e.AbstractTransferListenerAdapter - Downloaded https://repo.maven.apache.org/maven2/org/glassfish/jaxb/jaxb-bom/4.0.4/jaxb-bom-4.0.4.pom
2025-10-14 23:11:34,220 [Worker-43: Building] INFO  o.e.m.c.i.e.AbstractTransferListenerAdapter - Downloading https://repo.maven.apache.org/maven2/org/apache/groovy/groovy-bom/4.0.15/groovy-bom-4.0.15.pom
2025-10-14 23:11:34,252 [Worker-43: Building] INFO  o.e.m.c.i.e.AbstractTransferListenerAdapter - Downloaded https://repo.maven.apache.org/maven2/org/apache/groovy/groovy-bom/4.0.15/groovy-bom-4.0.15.pom
2025-10-14 23:11:34,614 [Worker-43: Building] INFO  o.e.m.c.i.e.AbstractTransferListenerAdapter - Downloading https://repo.maven.apache.org/maven2/org/infinispan/infinispan-bom/14.0.21.Final/infinispan-bom-14.0.21.Final.pom
2025-10-14 23:11:34,674 [Worker-43: Building] INFO  o.e.m.c.i.e.AbstractTransferListenerAdapter - Downloaded https://repo.maven.apache.org/maven2/org/infinispan/infinispan-bom/14.0.21.Final/infinispan-bom-14.0.21.Final.pom
2025-10-14 23:11:35,180 [Worker-43: Building] INFO  o.e.m.c.i.e.AbstractTransferListenerAdapter - Downloading https://repo.maven.apache.org/maven2/org/infinispan/infinispan-build-configuration-parent/14.0.21.Final/infinispan-build-configuration-parent-14.0.21.Final.pom
2025-10-14 23:11:35,229 [Worker-43: Building] INFO  o.e.m.c.i.e.AbstractTransferListenerAdapter - Downloaded https://repo.maven.apache.org/maven2/org/infinispan/infinispan-build-configuration-parent/14.0.21.Final/infinispan-build-configuration-parent-14.0.21.Final.pom
2025-10-14 23:11:35,889 [Worker-43: Building] INFO  o.e.m.c.i.e.AbstractTransferListenerAdapter - Downloading https://repo.maven.apache.org/maven2/com/fasterxml/jackson/jackson-bom/2.15.3/jackson-bom-2.15.3.pom
2025-10-14 23:11:35,932 [Worker-43: Building] INFO  o.e.m.c.i.e.AbstractTransferListenerAdapter - Downloaded https://repo.maven.apache.org/maven2/com/fasterxml/jackson/jackson-bom/2.15.3/jackson-bom-2.15.3.pom
2025-10-14 23:11:37,531 [Worker-43: Building] INFO  o.e.m.c.i.e.AbstractTransferListenerAdapter - Downloading https://repo.maven.apache.org/maven2/org/glassfish/jersey/jersey-bom/3.1.3/jersey-bom-3.1.3.pom
2025-10-14 23:11:37,590 [Worker-43: Building] INFO  o.e.m.c.i.e.AbstractTransferListenerAdapter - Downloaded https://repo.maven.apache.org/maven2/org/glassfish/jersey/jersey-bom/3.1.3/jersey-bom-3.1.3.pom
2025-10-14 23:11:37,860 [Worker-43: Building] INFO  o.e.m.c.i.e.AbstractTransferListenerAdapter - Downloading https://repo.maven.apache.org/maven2/org/eclipse/jetty/ee10/jetty-ee10-bom/12.0.3/jetty-ee10-bom-12.0.3.pom
2025-10-14 23:11:37,904 [Worker-43: Building] INFO  o.e.m.c.i.e.AbstractTransferListenerAdapter - Downloaded https://repo.maven.apache.org/maven2/org/eclipse/jetty/ee10/jetty-ee10-bom/12.0.3/jetty-ee10-bom-12.0.3.pom
2025-10-14 23:11:38,076 [Worker-43: Building] INFO  o.e.m.c.i.e.AbstractTransferListenerAdapter - Downloading https://repo.maven.apache.org/maven2/org/eclipse/jetty/jetty-bom/12.0.3/jetty-bom-12.0.3.pom
2025-10-14 23:11:38,108 [Worker-43: Building] INFO  o.e.m.c.i.e.AbstractTransferListenerAdapter - Downloaded https://repo.maven.apache.org/maven2/org/eclipse/jetty/jetty-bom/12.0.3/jetty-bom-12.0.3.pom
2025-10-14 23:11:38,257 [Worker-43: Building] INFO  o.e.m.c.i.e.AbstractTransferListenerAdapter - Downloading https://repo.maven.apache.org/maven2/org/jetbrains/kotlin/kotlin-bom/1.9.20/kotlin-bom-1.9.20.pom
2025-10-14 23:11:38,290 [Worker-43: Building] INFO  o.e.m.c.i.e.AbstractTransferListenerAdapter - Downloaded https://repo.maven.apache.org/maven2/org/jetbrains/kotlin/kotlin-bom/1.9.20/kotlin-bom-1.9.20.pom
2025-10-14 23:11:38,460 [Worker-43: Building] INFO  o.e.m.c.i.e.AbstractTransferListenerAdapter - Downloading https://repo.maven.apache.org/maven2/org/jetbrains/kotlinx/kotlinx-coroutines-bom/1.7.3/kotlinx-coroutines-bom-1.7.3.pom
2025-10-14 23:11:38,493 [Worker-43: Building] INFO  o.e.m.c.i.e.AbstractTransferListenerAdapter - Downloaded https://repo.maven.apache.org/maven2/org/jetbrains/kotlinx/kotlinx-coroutines-bom/1.7.3/kotlinx-coroutines-bom-1.7.3.pom
2025-10-14 23:11:38,597 [Worker-43: Building] INFO  o.e.m.c.i.e.AbstractTransferListenerAdapter - Downloading https://repo.maven.apache.org/maven2/org/jetbrains/kotlinx/kotlinx-serialization-bom/1.6.1/kotlinx-serialization-bom-1.6.1.pom
2025-10-14 23:11:38,639 [Worker-43: Building] INFO  o.e.m.c.i.e.AbstractTransferListenerAdapter - Downloaded https://repo.maven.apache.org/maven2/org/jetbrains/kotlinx/kotlinx-serialization-bom/1.6.1/kotlinx-serialization-bom-1.6.1.pom
2025-10-14 23:11:38,776 [Worker-43: Building] INFO  o.e.m.c.i.e.AbstractTransferListenerAdapter - Downloading https://repo.maven.apache.org/maven2/org/apache/logging/log4j/log4j-bom/2.21.1/log4j-bom-2.21.1.pom
2025-10-14 23:11:38,828 [Worker-43: Building] INFO  o.e.m.c.i.e.AbstractTransferListenerAdapter - Downloaded https://repo.maven.apache.org/maven2/org/apache/logging/log4j/log4j-bom/2.21.1/log4j-bom-2.21.1.pom
2025-10-14 23:11:38,964 [Worker-43: Building] INFO  o.e.m.c.i.e.AbstractTransferListenerAdapter - Downloading https://repo.maven.apache.org/maven2/org/apache/logging/logging-parent/10.1.1/logging-parent-10.1.1.pom
2025-10-14 23:11:38,998 [Worker-43: Building] INFO  o.e.m.c.i.e.AbstractTransferListenerAdapter - Downloaded https://repo.maven.apache.org/maven2/org/apache/logging/logging-parent/10.1.1/logging-parent-10.1.1.pom
2025-10-14 23:11:39,119 [Worker-43: Building] INFO  o.e.m.c.i.e.AbstractTransferListenerAdapter - Downloading https://repo.maven.apache.org/maven2/io/micrometer/micrometer-bom/1.12.0/micrometer-bom-1.12.0.pom
2025-10-14 23:11:39,157 [Worker-43: Building] INFO  o.e.m.c.i.e.AbstractTransferListenerAdapter - Downloaded https://repo.maven.apache.org/maven2/io/micrometer/micrometer-bom/1.12.0/micrometer-bom-1.12.0.pom
2025-10-14 23:11:39,290 [Worker-43: Building] INFO  o.e.m.c.i.e.AbstractTransferListenerAdapter - Downloading https://repo.maven.apache.org/maven2/io/micrometer/micrometer-tracing-bom/1.2.0/micrometer-tracing-bom-1.2.0.pom
2025-10-14 23:11:39,337 [Worker-43: Building] INFO  o.e.m.c.i.e.AbstractTransferListenerAdapter - Downloaded https://repo.maven.apache.org/maven2/io/micrometer/micrometer-tracing-bom/1.2.0/micrometer-tracing-bom-1.2.0.pom
2025-10-14 23:11:39,438 [Worker-43: Building] INFO  o.e.m.c.i.e.AbstractTransferListenerAdapter - Downloading https://repo.maven.apache.org/maven2/org/mockito/mockito-bom/5.7.0/mockito-bom-5.7.0.pom
2025-10-14 23:11:39,474 [Worker-43: Building] INFO  o.e.m.c.i.e.AbstractTransferListenerAdapter - Downloaded https://repo.maven.apache.org/maven2/org/mockito/mockito-bom/5.7.0/mockito-bom-5.7.0.pom
2025-10-14 23:11:39,569 [Worker-43: Building] INFO  o.e.m.c.i.e.AbstractTransferListenerAdapter - Downloading https://repo.maven.apache.org/maven2/io/netty/netty-bom/4.1.101.Final/netty-bom-4.1.101.Final.pom
2025-10-14 23:11:39,608 [Worker-43: Building] INFO  o.e.m.c.i.e.AbstractTransferListenerAdapter - Downloaded https://repo.maven.apache.org/maven2/io/netty/netty-bom/4.1.101.Final/netty-bom-4.1.101.Final.pom
2025-10-14 23:11:39,741 [Worker-43: Building] INFO  o.e.m.c.i.e.AbstractTransferListenerAdapter - Downloading https://repo.maven.apache.org/maven2/io/opentelemetry/opentelemetry-bom/1.31.0/opentelemetry-bom-1.31.0.pom
2025-10-14 23:11:39,784 [Worker-43: Building] INFO  o.e.m.c.i.e.AbstractTransferListenerAdapter - Downloaded https://repo.maven.apache.org/maven2/io/opentelemetry/opentelemetry-bom/1.31.0/opentelemetry-bom-1.31.0.pom
2025-10-14 23:11:39,895 [Worker-43: Building] INFO  o.e.m.c.i.e.AbstractTransferListenerAdapter - Downloading https://repo.maven.apache.org/maven2/com/oracle/database/jdbc/ojdbc-bom/23.3.0.23.09/ojdbc-bom-23.3.0.23.09.pom
2025-10-14 23:11:39,942 [Worker-43: Building] INFO  o.e.m.c.i.e.AbstractTransferListenerAdapter - Downloaded https://repo.maven.apache.org/maven2/com/oracle/database/jdbc/ojdbc-bom/23.3.0.23.09/ojdbc-bom-23.3.0.23.09.pom
2025-10-14 23:11:40,135 [Worker-43: Building] INFO  o.e.m.c.i.e.AbstractTransferListenerAdapter - Downloading https://repo.maven.apache.org/maven2/io/projectreactor/reactor-bom/2023.0.0/reactor-bom-2023.0.0.pom
2025-10-14 23:11:40,183 [Worker-43: Building] INFO  o.e.m.c.i.e.AbstractTransferListenerAdapter - Downloaded https://repo.maven.apache.org/maven2/io/projectreactor/reactor-bom/2023.0.0/reactor-bom-2023.0.0.pom
2025-10-14 23:11:40,312 [Worker-43: Building] INFO  o.e.m.c.i.e.AbstractTransferListenerAdapter - Downloading https://repo.maven.apache.org/maven2/io/rest-assured/rest-assured-bom/5.3.2/rest-assured-bom-5.3.2.pom
2025-10-14 23:11:40,362 [Worker-43: Building] INFO  o.e.m.c.i.e.AbstractTransferListenerAdapter - Downloaded https://repo.maven.apache.org/maven2/io/rest-assured/rest-assured-bom/5.3.2/rest-assured-bom-5.3.2.pom
2025-10-14 23:11:40,499 [Worker-43: Building] INFO  o.e.m.c.i.e.AbstractTransferListenerAdapter - Downloading https://repo.maven.apache.org/maven2/org/seleniumhq/selenium/selenium-bom/4.14.1/selenium-bom-4.14.1.pom
2025-10-14 23:11:40,545 [Worker-43: Building] INFO  o.e.m.c.i.e.AbstractTransferListenerAdapter - Downloaded https://repo.maven.apache.org/maven2/org/seleniumhq/selenium/selenium-bom/4.14.1/selenium-bom-4.14.1.pom
2025-10-14 23:11:40,651 [Worker-43: Building] INFO  o.e.m.c.i.e.AbstractTransferListenerAdapter - Downloading https://repo.maven.apache.org/maven2/org/springframework/amqp/spring-amqp-bom/3.1.0/spring-amqp-bom-3.1.0.pom
2025-10-14 23:11:40,693 [Worker-43: Building] INFO  o.e.m.c.i.e.AbstractTransferListenerAdapter - Downloaded https://repo.maven.apache.org/maven2/org/springframework/amqp/spring-amqp-bom/3.1.0/spring-amqp-bom-3.1.0.pom
2025-10-14 23:11:40,798 [Worker-43: Building] INFO  o.e.m.c.i.e.AbstractTransferListenerAdapter - Downloading https://repo.maven.apache.org/maven2/org/springframework/batch/spring-batch-bom/5.1.0/spring-batch-bom-5.1.0.pom
2025-10-14 23:11:40,838 [Worker-43: Building] INFO  o.e.m.c.i.e.AbstractTransferListenerAdapter - Downloaded https://repo.maven.apache.org/maven2/org/springframework/batch/spring-batch-bom/5.1.0/spring-batch-bom-5.1.0.pom
2025-10-14 23:11:40,952 [Worker-43: Building] INFO  o.e.m.c.i.e.AbstractTransferListenerAdapter - Downloading https://repo.maven.apache.org/maven2/org/springframework/data/spring-data-bom/2023.1.0/spring-data-bom-2023.1.0.pom
2025-10-14 23:11:41,001 [Worker-43: Building] INFO  o.e.m.c.i.e.AbstractTransferListenerAdapter - Downloaded https://repo.maven.apache.org/maven2/org/springframework/data/spring-data-bom/2023.1.0/spring-data-bom-2023.1.0.pom
2025-10-14 23:11:41,108 [Worker-43: Building] INFO  o.e.m.c.i.e.AbstractTransferListenerAdapter - Downloading https://repo.maven.apache.org/maven2/org/springframework/spring-framework-bom/6.1.1/spring-framework-bom-6.1.1.pom
2025-10-14 23:11:41,155 [Worker-43: Building] INFO  o.e.m.c.i.e.AbstractTransferListenerAdapter - Downloaded https://repo.maven.apache.org/maven2/org/springframework/spring-framework-bom/6.1.1/spring-framework-bom-6.1.1.pom
2025-10-14 23:11:41,267 [Worker-43: Building] INFO  o.e.m.c.i.e.AbstractTransferListenerAdapter - Downloading https://repo.maven.apache.org/maven2/org/springframework/integration/spring-integration-bom/6.2.0/spring-integration-bom-6.2.0.pom
2025-10-14 23:11:41,321 [Worker-43: Building] INFO  o.e.m.c.i.e.AbstractTransferListenerAdapter - Downloaded https://repo.maven.apache.org/maven2/org/springframework/integration/spring-integration-bom/6.2.0/spring-integration-bom-6.2.0.pom
2025-10-14 23:11:41,467 [Worker-43: Building] INFO  o.e.m.c.i.e.AbstractTransferListenerAdapter - Downloading https://repo.maven.apache.org/maven2/org/springframework/security/spring-security-bom/6.2.0/spring-security-bom-6.2.0.pom
2025-10-14 23:11:41,504 [Worker-43: Building] INFO  o.e.m.c.i.e.AbstractTransferListenerAdapter - Downloaded https://repo.maven.apache.org/maven2/org/springframework/security/spring-security-bom/6.2.0/spring-security-bom-6.2.0.pom
2025-10-14 23:11:41,647 [Worker-43: Building] INFO  o.e.m.c.i.e.AbstractTransferListenerAdapter - Downloading https://repo.maven.apache.org/maven2/org/springframework/session/spring-session-bom/3.2.0/spring-session-bom-3.2.0.pom
2025-10-14 23:11:41,690 [Worker-43: Building] INFO  o.e.m.c.i.e.AbstractTransferListenerAdapter - Downloaded https://repo.maven.apache.org/maven2/org/springframework/session/spring-session-bom/3.2.0/spring-session-bom-3.2.0.pom
2025-10-14 23:11:41,795 [Worker-43: Building] INFO  o.e.m.c.i.e.AbstractTransferListenerAdapter - Downloading https://repo.maven.apache.org/maven2/org/springframework/ws/spring-ws-bom/4.0.8/spring-ws-bom-4.0.8.pom
2025-10-14 23:11:41,841 [Worker-43: Building] INFO  o.e.m.c.i.e.AbstractTransferListenerAdapter - Downloaded https://repo.maven.apache.org/maven2/org/springframework/ws/spring-ws-bom/4.0.8/spring-ws-bom-4.0.8.pom
2025-10-14 23:11:41,974 [Worker-43: Building] INFO  o.e.m.c.i.e.AbstractTransferListenerAdapter - Downloading https://repo.maven.apache.org/maven2/org/testcontainers/testcontainers-bom/1.19.3/testcontainers-bom-1.19.3.pom
2025-10-14 23:11:42,014 [Worker-43: Building] INFO  o.e.m.c.i.e.AbstractTransferListenerAdapter - Downloaded https://repo.maven.apache.org/maven2/org/testcontainers/testcontainers-bom/1.19.3/testcontainers-bom-1.19.3.pom
2025-10-14 23:11:42,117 [Worker-43: Building] INFO  o.e.m.c.i.e.AbstractTransferListenerAdapter - Downloading https://repo.maven.apache.org/maven2/org/springdoc/springdoc-openapi-starter-webmvc-api/2.3.0/springdoc-openapi-starter-webmvc-api-2.3.0.pom
2025-10-14 23:11:42,154 [Worker-43: Building] INFO  o.e.m.c.i.e.AbstractTransferListenerAdapter - Downloaded https://repo.maven.apache.org/maven2/org/springdoc/springdoc-openapi-starter-webmvc-api/2.3.0/springdoc-openapi-starter-webmvc-api-2.3.0.pom
2025-10-14 23:11:42,270 [Worker-43: Building] INFO  o.e.m.c.i.e.AbstractTransferListenerAdapter - Downloading https://repo.maven.apache.org/maven2/org/springdoc/springdoc-openapi-starter-common/2.3.0/springdoc-openapi-starter-common-2.3.0.pom
2025-10-14 23:11:42,311 [Worker-43: Building] INFO  o.e.m.c.i.e.AbstractTransferListenerAdapter - Downloaded https://repo.maven.apache.org/maven2/org/springdoc/springdoc-openapi-starter-common/2.3.0/springdoc-openapi-starter-common-2.3.0.pom
2025-10-14 23:11:42,468 [Worker-43: Building] INFO  o.e.m.c.i.e.AbstractTransferListenerAdapter - Downloading https://repo.maven.apache.org/maven2/io/swagger/core/v3/swagger-core-jakarta/2.2.19/swagger-core-jakarta-2.2.19.pom
2025-10-14 23:11:42,503 [Worker-43: Building] INFO  o.e.m.c.i.e.AbstractTransferListenerAdapter - Downloaded https://repo.maven.apache.org/maven2/io/swagger/core/v3/swagger-core-jakarta/2.2.19/swagger-core-jakarta-2.2.19.pom
2025-10-14 23:11:42,612 [Worker-43: Building] INFO  o.e.m.c.i.e.AbstractTransferListenerAdapter - Downloading https://repo.maven.apache.org/maven2/io/swagger/core/v3/swagger-project-jakarta/2.2.19/swagger-project-jakarta-2.2.19.pom
2025-10-14 23:11:42,643 [Worker-43: Building] INFO  o.e.m.c.i.e.AbstractTransferListenerAdapter - Downloaded https://repo.maven.apache.org/maven2/io/swagger/core/v3/swagger-project-jakarta/2.2.19/swagger-project-jakarta-2.2.19.pom
2025-10-14 23:11:42,832 [Worker-43: Building] INFO  o.e.m.c.i.e.AbstractTransferListenerAdapter - Downloading https://repo.maven.apache.org/maven2/io/swagger/core/v3/swagger-annotations-jakarta/2.2.19/swagger-annotations-jakarta-2.2.19.pom
2025-10-14 23:11:42,864 [Worker-43: Building] INFO  o.e.m.c.i.e.AbstractTransferListenerAdapter - Downloaded https://repo.maven.apache.org/maven2/io/swagger/core/v3/swagger-annotations-jakarta/2.2.19/swagger-annotations-jakarta-2.2.19.pom
2025-10-14 23:11:42,955 [Worker-43: Building] INFO  o.e.m.c.i.e.AbstractTransferListenerAdapter - Downloading https://repo.maven.apache.org/maven2/io/swagger/core/v3/swagger-models-jakarta/2.2.19/swagger-models-jakarta-2.2.19.pom
2025-10-14 23:11:42,988 [Worker-43: Building] INFO  o.e.m.c.i.e.AbstractTransferListenerAdapter - Downloaded https://repo.maven.apache.org/maven2/io/swagger/core/v3/swagger-models-jakarta/2.2.19/swagger-models-jakarta-2.2.19.pom
2025-10-14 23:11:43,137 [Worker-43: Building] INFO  o.e.m.c.i.e.AbstractTransferListenerAdapter - Downloading https://repo.maven.apache.org/maven2/org/webjars/swagger-ui/5.10.3/swagger-ui-5.10.3.pom
2025-10-14 23:11:43,169 [Worker-43: Building] INFO  o.e.m.c.i.e.AbstractTransferListenerAdapter - Downloaded https://repo.maven.apache.org/maven2/org/webjars/swagger-ui/5.10.3/swagger-ui-5.10.3.pom
2025-10-14 23:11:46,814 [Worker-43: Building] INFO  o.e.m.c.i.e.AbstractTransferListenerAdapter - Downloading https://repo.maven.apache.org/maven2/org/springdoc/springdoc-openapi-starter-webmvc-ui/2.3.0/springdoc-openapi-starter-webmvc-ui-2.3.0.jar
2025-10-14 23:11:46,900 [Worker-43: Building] INFO  o.e.m.c.i.e.AbstractTransferListenerAdapter - Downloaded https://repo.maven.apache.org/maven2/org/springdoc/springdoc-openapi-starter-webmvc-ui/2.3.0/springdoc-openapi-starter-webmvc-ui-2.3.0.jar
2025-10-14 23:11:46,976 [BasicRepositoryConnector-repo.maven.apache.org-0-0] INFO  o.e.m.c.i.e.AbstractTransferListenerAdapter - Downloading https://repo.maven.apache.org/maven2/org/springdoc/springdoc-openapi-starter-webmvc-api/2.3.0/springdoc-openapi-starter-webmvc-api-2.3.0.jar
2025-10-14 23:11:47,045 [BasicRepositoryConnector-repo.maven.apache.org-0-0] INFO  o.e.m.c.i.e.AbstractTransferListenerAdapter - Downloaded https://repo.maven.apache.org/maven2/org/springdoc/springdoc-openapi-starter-webmvc-api/2.3.0/springdoc-openapi-starter-webmvc-api-2.3.0.jar
2025-10-14 23:11:47,122 [BasicRepositoryConnector-repo.maven.apache.org-0-0] INFO  o.e.m.c.i.e.AbstractTransferListenerAdapter - Downloading https://repo.maven.apache.org/maven2/org/webjars/swagger-ui/5.10.3/swagger-ui-5.10.3.jar
2025-10-14 23:11:47,125 [BasicRepositoryConnector-repo.maven.apache.org-0-2] INFO  o.e.m.c.i.e.AbstractTransferListenerAdapter - Downloading https://repo.maven.apache.org/maven2/io/swagger/core/v3/swagger-core-jakarta/2.2.19/swagger-core-jakarta-2.2.19.jar
2025-10-14 23:11:47,126 [BasicRepositoryConnector-repo.maven.apache.org-0-4] INFO  o.e.m.c.i.e.AbstractTransferListenerAdapter - Downloading https://repo.maven.apache.org/maven2/io/swagger/core/v3/swagger-models-jakarta/2.2.19/swagger-models-jakarta-2.2.19.jar
2025-10-14 23:11:47,164 [BasicRepositoryConnector-repo.maven.apache.org-0-1] INFO  o.e.m.c.i.e.AbstractTransferListenerAdapter - Downloading https://repo.maven.apache.org/maven2/org/springdoc/springdoc-openapi-starter-common/2.3.0/springdoc-openapi-starter-common-2.3.0.jar
2025-10-14 23:11:47,178 [BasicRepositoryConnector-repo.maven.apache.org-0-3] INFO  o.e.m.c.i.e.AbstractTransferListenerAdapter - Downloading https://repo.maven.apache.org/maven2/io/swagger/core/v3/swagger-annotations-jakarta/2.2.19/swagger-annotations-jakarta-2.2.19.jar
2025-10-14 23:11:47,439 [BasicRepositoryConnector-repo.maven.apache.org-0-4] INFO  o.e.m.c.i.e.AbstractTransferListenerAdapter - Downloaded https://repo.maven.apache.org/maven2/io/swagger/core/v3/swagger-models-jakarta/2.2.19/swagger-models-jakarta-2.2.19.jar
2025-10-14 23:11:47,439 [BasicRepositoryConnector-repo.maven.apache.org-0-3] INFO  o.e.m.c.i.e.AbstractTransferListenerAdapter - Downloaded https://repo.maven.apache.org/maven2/io/swagger/core/v3/swagger-annotations-jakarta/2.2.19/swagger-annotations-jakarta-2.2.19.jar
2025-10-14 23:11:47,456 [BasicRepositoryConnector-repo.maven.apache.org-0-2] INFO  o.e.m.c.i.e.AbstractTransferListenerAdapter - Downloaded https://repo.maven.apache.org/maven2/io/swagger/core/v3/swagger-core-jakarta/2.2.19/swagger-core-jakarta-2.2.19.jar
2025-10-14 23:11:47,727 [BasicRepositoryConnector-repo.maven.apache.org-0-1] INFO  o.e.m.c.i.e.AbstractTransferListenerAdapter - Downloaded https://repo.maven.apache.org/maven2/org/springdoc/springdoc-openapi-starter-common/2.3.0/springdoc-openapi-starter-common-2.3.0.jar
2025-10-14 23:11:49,379 [BasicRepositoryConnector-repo.maven.apache.org-0-0] INFO  o.e.m.c.i.e.AbstractTransferListenerAdapter - Downloaded https://repo.maven.apache.org/maven2/org/webjars/swagger-ui/5.10.3/swagger-ui-5.10.3.jar
2025-10-14 23:11:56,217 [Worker-43: Building] INFO  o.e.m.c.i.l.LifecycleMappingFactory - Using org.eclipse.m2e.jdt.JarLifecycleMapping lifecycle mapping for MavenProject: com.example.genc:department-service:0.0.1-SNAPSHOT @ C:\Users\2440888\OneDrive - Cognizant\Desktop\Health-Insurance-Claim\department-service\pom.xml.
2025-10-14 23:11:56,885 [Worker-43: Building] INFO  o.e.m.c.i.l.LifecycleMappingFactory - Using org.eclipse.m2e.jdt.JarLifecycleMapping lifecycle mapping for MavenProject: com.example.genc:department-service:0.0.1-SNAPSHOT @ C:\Users\2440888\OneDrive - Cognizant\Desktop\Health-Insurance-Claim\employee-service\pom.xml.
2025-10-14 23:11:57,603 [Worker-43: Building] INFO  o.e.m.c.i.l.LifecycleMappingFactory - Using org.eclipse.m2e.jdt.JarLifecycleMapping lifecycle mapping for MavenProject: com.example.genc:department-service:0.0.1-SNAPSHOT @ C:\Users\2440888\OneDrive - Cognizant\Desktop\Health-Insurance-Claim\leave-service\pom.xml.
2025-10-14 23:11:58,283 [Worker-43: Building] INFO  o.e.m.c.i.l.LifecycleMappingFactory - Using org.eclipse.m2e.jdt.JarLifecycleMapping lifecycle mapping for MavenProject: com.example.genc:loan-service:0.0.1-SNAPSHOT @ C:\Users\2440888\OneDrive - Cognizant\Desktop\Health-Insurance-Claim\loan-service\pom.xml.
2025-10-14 23:12:04,562 [Worker-43: Building] INFO  o.e.m.c.i.l.LifecycleMappingFactory - Using org.eclipse.m2e.jdt.JarLifecycleMapping lifecycle mapping for MavenProject: com.example.genc:hr-system-service-registry:0.0.1-SNAPSHOT @ C:\Users\2440888\OneDrive - Cognizant\Desktop\Health-Insurance-Claim\hr-system-service-registry\pom.xml.
2025-10-14 23:12:08,010 [Worker-44: Download sources and javadoc] INFO  o.e.m.c.i.e.AbstractTransferListenerAdapter - Downloading https://repo.maven.apache.org/maven2/org/springdoc/springdoc-openapi-starter-webmvc-ui/2.3.0/springdoc-openapi-starter-webmvc-ui-2.3.0-sources.jar
2025-10-14 23:12:08,096 [Worker-44: Download sources and javadoc] INFO  o.e.m.c.i.e.AbstractTransferListenerAdapter - Downloaded https://repo.maven.apache.org/maven2/org/springdoc/springdoc-openapi-starter-webmvc-ui/2.3.0/springdoc-openapi-starter-webmvc-ui-2.3.0-sources.jar
2025-10-14 23:12:08,111 [Worker-44: Download sources and javadoc] INFO  o.e.m.j.internal.DownloadSourcesJob - Downloaded sources for org.springdoc:springdoc-openapi-starter-webmvc-ui:2.3.0
2025-10-14 23:12:08,302 [Worker-44: Download sources and javadoc] INFO  o.e.m.c.i.e.AbstractTransferListenerAdapter - Downloading https://repo.maven.apache.org/maven2/org/springdoc/springdoc-openapi-starter-webmvc-api/2.3.0/springdoc-openapi-starter-webmvc-api-2.3.0-sources.jar
2025-10-14 23:12:08,405 [Worker-44: Download sources and javadoc] INFO  o.e.m.c.i.e.AbstractTransferListenerAdapter - Downloaded https://repo.maven.apache.org/maven2/org/springdoc/springdoc-openapi-starter-webmvc-api/2.3.0/springdoc-openapi-starter-webmvc-api-2.3.0-sources.jar
2025-10-14 23:12:08,421 [Worker-44: Download sources and javadoc] INFO  o.e.m.j.internal.DownloadSourcesJob - Downloaded sources for org.springdoc:springdoc-openapi-starter-webmvc-api:2.3.0
2025-10-14 23:12:08,620 [Worker-44: Download sources and javadoc] INFO  o.e.m.c.i.e.AbstractTransferListenerAdapter - Downloading https://repo.maven.apache.org/maven2/org/springdoc/springdoc-openapi-starter-common/2.3.0/springdoc-openapi-starter-common-2.3.0-sources.jar
2025-10-14 23:12:08,959 [Worker-44: Download sources and javadoc] INFO  o.e.m.c.i.e.AbstractTransferListenerAdapter - Downloaded https://repo.maven.apache.org/maven2/org/springdoc/springdoc-openapi-starter-common/2.3.0/springdoc-openapi-starter-common-2.3.0-sources.jar
2025-10-14 23:12:08,975 [Worker-44: Download sources and javadoc] INFO  o.e.m.j.internal.DownloadSourcesJob - Downloaded sources for org.springdoc:springdoc-openapi-starter-common:2.3.0
2025-10-14 23:12:09,147 [Worker-44: Download sources and javadoc] INFO  o.e.m.c.i.e.AbstractTransferListenerAdapter - Downloading https://repo.maven.apache.org/maven2/io/swagger/core/v3/swagger-core-jakarta/2.2.19/swagger-core-jakarta-2.2.19-sources.jar
2025-10-14 23:12:09,208 [Worker-44: Download sources and javadoc] INFO  o.e.m.c.i.e.AbstractTransferListenerAdapter - Downloaded https://repo.maven.apache.org/maven2/io/swagger/core/v3/swagger-core-jakarta/2.2.19/swagger-core-jakarta-2.2.19-sources.jar
2025-10-14 23:12:09,244 [Worker-44: Download sources and javadoc] INFO  o.e.m.j.internal.DownloadSourcesJob - Downloaded sources for io.swagger.core.v3:swagger-core-jakarta:2.2.19
2025-10-14 23:12:09,425 [Worker-44: Download sources and javadoc] INFO  o.e.m.c.i.e.AbstractTransferListenerAdapter - Downloading https://repo.maven.apache.org/maven2/io/swagger/core/v3/swagger-annotations-jakarta/2.2.19/swagger-annotations-jakarta-2.2.19-sources.jar
2025-10-14 23:12:09,458 [Worker-44: Download sources and javadoc] INFO  o.e.m.c.i.e.AbstractTransferListenerAdapter - Downloaded https://repo.maven.apache.org/maven2/io/swagger/core/v3/swagger-annotations-jakarta/2.2.19/swagger-annotations-jakarta-2.2.19-sources.jar
2025-10-14 23:12:09,477 [Worker-44: Download sources and javadoc] INFO  o.e.m.j.internal.DownloadSourcesJob - Downloaded sources for io.swagger.core.v3:swagger-annotations-jakarta:2.2.19
2025-10-14 23:12:09,679 [Worker-44: Download sources and javadoc] INFO  o.e.m.c.i.e.AbstractTransferListenerAdapter - Downloading https://repo.maven.apache.org/maven2/io/swagger/core/v3/swagger-models-jakarta/2.2.19/swagger-models-jakarta-2.2.19-sources.jar
2025-10-14 23:12:09,712 [Worker-44: Download sources and javadoc] INFO  o.e.m.c.i.e.AbstractTransferListenerAdapter - Downloaded https://repo.maven.apache.org/maven2/io/swagger/core/v3/swagger-models-jakarta/2.2.19/swagger-models-jakarta-2.2.19-sources.jar
2025-10-14 23:12:09,722 [Worker-44: Download sources and javadoc] INFO  o.e.m.j.internal.DownloadSourcesJob - Downloaded sources for io.swagger.core.v3:swagger-models-jakarta:2.2.19
2025-10-14 23:12:09,914 [Worker-44: Download sources and javadoc] INFO  o.e.m.c.i.e.AbstractTransferListenerAdapter - Downloaded https://repo.maven.apache.org/maven2/org/webjars/swagger-ui/5.10.3/swagger-ui-5.10.3-sources.jar
2025-10-14 23:12:09,917 [Worker-44: Download sources and javadoc] ERROR o.e.m.j.internal.DownloadSourcesJob - Could not download sources for org.webjars:swagger-ui:5.10.3
org.eclipse.core.runtime.CoreException: Could not resolve artifact org.webjars:swagger-ui:jar:sources:5.10.3
	at org.eclipse.m2e.core.internal.embedder.MavenImpl.lambda$7(MavenImpl.java:540)
	at org.eclipse.m2e.core.internal.embedder.MavenExecutionContext.executeBare(MavenExecutionContext.java:458)
	at org.eclipse.m2e.core.internal.embedder.MavenExecutionContext.execute(MavenExecutionContext.java:292)
	at org.eclipse.m2e.core.internal.embedder.MavenExecutionContext.execute(MavenExecutionContext.java:278)
	at org.eclipse.m2e.core.internal.embedder.MavenImpl.resolve(MavenImpl.java:509)
	at org.eclipse.m2e.core.internal.embedder.MavenImpl.resolve(MavenImpl.java:494)
	at org.eclipse.m2e.jdt.internal.DownloadSourcesJob.download(DownloadSourcesJob.java:308)
	at org.eclipse.m2e.jdt.internal.DownloadSourcesJob.downloadAttachments(DownloadSourcesJob.java:282)
	at org.eclipse.m2e.jdt.internal.DownloadSourcesJob.downloadMaven(DownloadSourcesJob.java:252)
	at org.eclipse.m2e.jdt.internal.DownloadSourcesJob.downloadFilesAndPopulateToUpdate(DownloadSourcesJob.java:220)
	at org.eclipse.m2e.jdt.internal.DownloadSourcesJob.lambda$0(DownloadSourcesJob.java:149)
	at org.eclipse.m2e.core.internal.embedder.MavenExecutionContext.executeBare(MavenExecutionContext.java:458)
	at org.eclipse.m2e.core.internal.embedder.MavenExecutionContext.execute(MavenExecutionContext.java:339)
	at org.eclipse.m2e.core.internal.embedder.MavenExecutionContext.execute(MavenExecutionContext.java:278)
	at org.eclipse.m2e.core.embedder.IMaven.execute(IMaven.java:300)
	at org.eclipse.m2e.jdt.internal.DownloadSourcesJob.run(DownloadSourcesJob.java:149)
	at org.eclipse.core.internal.jobs.Worker.run(Worker.java:63)
2025-10-14 23:12:12,300 [Worker-43: Building] INFO  o.a.m.s.f.DefaultMavenResourcesFiltering - Copying 0 resource from src\main\resources to target\classes
2025-10-14 23:12:12,370 [Worker-43: Building] INFO  o.a.m.s.f.DefaultMavenResourcesFiltering - Copying 0 resource from src\main\resources to target\classes
2025-10-14 23:12:12,375 [Worker-43: Building] INFO  o.a.m.s.f.DefaultMavenResourcesFiltering - skip non existing resourceDirectory C:\Users\2440888\OneDrive - Cognizant\Desktop\Health-Insurance-Claim\health-insurance-claim\src\test\resources
2025-10-14 23:12:16,147 [Worker-45: Building] INFO  o.a.m.s.f.DefaultMavenResourcesFiltering - Copying 1 resource from src\main\resources to target\classes
2025-10-14 23:12:16,169 [Worker-45: Building] INFO  o.a.m.s.f.DefaultMavenResourcesFiltering - Copying 19 resources from src\main\resources to target\classes
2025-10-14 23:12:16,301 [Worker-45: Building] INFO  o.a.m.s.f.DefaultMavenResourcesFiltering - skip non existing resourceDirectory C:\Users\2440888\OneDrive - Cognizant\Desktop\Health-Insurance-Claim\health-insurance-claim\src\test\resources
2025-10-14 23:12:36,542 [Worker-40: Download sources and javadoc] INFO  o.e.m.c.i.e.AbstractTransferListenerAdapter - Downloading https://repo.maven.apache.org/maven2/org/webjars/swagger-ui/5.10.3/swagger-ui-5.10.3-javadoc.jar
2025-10-14 23:12:39,409 [Worker-40: Download sources and javadoc] INFO  o.e.m.c.i.e.AbstractTransferListenerAdapter - Downloaded https://repo.maven.apache.org/maven2/org/webjars/swagger-ui/5.10.3/swagger-ui-5.10.3-javadoc.jar
2025-10-14 23:12:39,422 [Worker-40: Download sources and javadoc] INFO  o.e.m.j.internal.DownloadSourcesJob - Downloaded javadoc for org.webjars:swagger-ui:5.10.3
2025-10-14 23:14:17,557 [Worker-40: Building] INFO  o.a.m.s.f.DefaultMavenResourcesFiltering - Copying 1 resource from src\main\resources to target\classes
2025-10-14 23:14:17,723 [Worker-40: Building] INFO  o.a.m.s.f.DefaultMavenResourcesFiltering - Copying 0 resource from src\main\resources to target\classes
2025-10-14 23:14:17,726 [Worker-40: Building] INFO  o.a.m.s.f.DefaultMavenResourcesFiltering - skip non existing resourceDirectory C:\Users\2440888\OneDrive - Cognizant\Desktop\Health-Insurance-Claim\health-insurance-claim\src\test\resources
2025-10-15 08:22:20,547 [Worker-4: Loading available Gradle versions] INFO  o.e.b.c.i.u.g.PublishedGradleVersions - Gradle version information cache is up-to-date. Trying to read.
2025-10-15 08:39:57,628 [Worker-2: Building] INFO  o.a.m.s.f.DefaultMavenResourcesFiltering - Copying 1 resource from src\main\resources to target\classes
2025-10-15 08:39:57,668 [Worker-2: Building] INFO  o.a.m.s.f.DefaultMavenResourcesFiltering - Copying 20 resources from src\main\resources to target\classes
2025-10-15 08:39:57,914 [Worker-2: Building] INFO  o.a.m.s.f.DefaultMavenResourcesFiltering - skip non existing resourceDirectory C:\Users\2440888\OneDrive - Cognizant\Desktop\Health-Insurance-Claim\health-insurance-claim\src\test\resources
2025-10-15 08:44:16,086 [Worker-11: Building] INFO  o.a.m.s.f.DefaultMavenResourcesFiltering - Copying 1 resource from src\main\resources to target\classes
2025-10-15 08:44:16,137 [Worker-11: Building] INFO  o.a.m.s.f.DefaultMavenResourcesFiltering - Copying 20 resources from src\main\resources to target\classes
2025-10-15 08:44:16,384 [Worker-11: Building] INFO  o.a.m.s.f.DefaultMavenResourcesFiltering - skip non existing resourceDirectory C:\Users\2440888\OneDrive - Cognizant\Desktop\Health-Insurance-Claim\health-insurance-claim\src\test\resources
2025-10-15 08:44:42,811 [Worker-4: Building] INFO  o.a.m.s.f.DefaultMavenResourcesFiltering - Copying 1 resource from src\main\resources to target\classes
2025-10-15 08:44:42,831 [Worker-4: Building] INFO  o.a.m.s.f.DefaultMavenResourcesFiltering - Copying 20 resources from src\main\resources to target\classes
2025-10-15 08:44:43,056 [Worker-4: Building] INFO  o.a.m.s.f.DefaultMavenResourcesFiltering - skip non existing resourceDirectory C:\Users\2440888\OneDrive - Cognizant\Desktop\Health-Insurance-Claim\health-insurance-claim\src\test\resources
2025-10-15 08:52:30,904 [Worker-11: Building] INFO  o.a.m.s.f.DefaultMavenResourcesFiltering - Copying 0 resource from src\main\resources to target\classes
2025-10-15 08:52:31,016 [Worker-11: Building] INFO  o.a.m.s.f.DefaultMavenResourcesFiltering - Copying 1 resource from src\main\resources to target\classes
2025-10-15 08:52:31,029 [Worker-11: Building] INFO  o.a.m.s.f.DefaultMavenResourcesFiltering - skip non existing resourceDirectory C:\Users\2440888\OneDrive - Cognizant\Desktop\Health-Insurance-Claim\health-insurance-claim\src\test\resources
2025-10-15 08:52:34,269 [Worker-11: Building] INFO  o.a.m.s.f.DefaultMavenResourcesFiltering - Copying 0 resource from src\main\resources to target\classes
2025-10-15 08:52:34,275 [Worker-11: Building] INFO  o.a.m.s.f.DefaultMavenResourcesFiltering - Copying 1 resource from src\main\resources to target\classes
2025-10-15 08:52:34,279 [Worker-11: Building] INFO  o.a.m.s.f.DefaultMavenResourcesFiltering - skip non existing resourceDirectory C:\Users\2440888\OneDrive - Cognizant\Desktop\Health-Insurance-Claim\health-insurance-claim\src\test\resources
2025-10-15 08:56:00,791 [Worker-9: Building] INFO  o.a.m.s.f.DefaultMavenResourcesFiltering - Copying 0 resource from src\main\resources to target\classes
2025-10-15 08:56:00,891 [Worker-9: Building] INFO  o.a.m.s.f.DefaultMavenResourcesFiltering - Copying 1 resource from src\main\resources to target\classes
2025-10-15 08:56:00,965 [Worker-9: Building] INFO  o.a.m.s.f.DefaultMavenResourcesFiltering - skip non existing resourceDirectory C:\Users\2440888\OneDrive - Cognizant\Desktop\Health-Insurance-Claim\health-insurance-claim\src\test\resources
2025-10-15 09:02:38,428 [Worker-0: Building] INFO  o.a.m.s.f.DefaultMavenResourcesFiltering - Copying 0 resource from src\main\resources to target\classes
2025-10-15 09:02:38,536 [Worker-0: Building] INFO  o.a.m.s.f.DefaultMavenResourcesFiltering - Copying 1 resource from src\main\resources to target\classes
2025-10-15 09:02:38,551 [Worker-0: Building] INFO  o.a.m.s.f.DefaultMavenResourcesFiltering - skip non existing resourceDirectory C:\Users\2440888\OneDrive - Cognizant\Desktop\Health-Insurance-Claim\health-insurance-claim\src\test\resources
2025-10-15 09:03:23,651 [Worker-11: Building] INFO  o.a.m.s.f.DefaultMavenResourcesFiltering - Copying 0 resource from src\main\resources to target\classes
2025-10-15 09:03:23,793 [Worker-11: Building] INFO  o.a.m.s.f.DefaultMavenResourcesFiltering - Copying 1 resource from src\main\resources to target\classes
2025-10-15 09:03:23,816 [Worker-11: Building] INFO  o.a.m.s.f.DefaultMavenResourcesFiltering - skip non existing resourceDirectory C:\Users\2440888\OneDrive - Cognizant\Desktop\Health-Insurance-Claim\health-insurance-claim\src\test\resources
2025-10-15 09:15:24,491 [Worker-0: Building] INFO  o.a.m.s.f.DefaultMavenResourcesFiltering - Copying 0 resource from src\main\resources to target\classes
2025-10-15 09:15:24,616 [Worker-0: Building] INFO  o.a.m.s.f.DefaultMavenResourcesFiltering - Copying 1 resource from src\main\resources to target\classes
2025-10-15 09:15:24,627 [Worker-0: Building] INFO  o.a.m.s.f.DefaultMavenResourcesFiltering - skip non existing resourceDirectory C:\Users\2440888\OneDrive - Cognizant\Desktop\Health-Insurance-Claim\health-insurance-claim\src\test\resources
2025-10-15 09:16:40,417 [Worker-6: Building] INFO  o.a.m.s.f.DefaultMavenResourcesFiltering - Copying 0 resource from src\main\resources to target\classes
2025-10-15 09:16:40,548 [Worker-6: Building] INFO  o.a.m.s.f.DefaultMavenResourcesFiltering - Copying 1 resource from src\main\resources to target\classes
2025-10-15 09:16:40,557 [Worker-6: Building] INFO  o.a.m.s.f.DefaultMavenResourcesFiltering - skip non existing resourceDirectory C:\Users\2440888\OneDrive - Cognizant\Desktop\Health-Insurance-Claim\health-insurance-claim\src\test\resources
2025-10-15 09:17:24,420 [Worker-11: Building] INFO  o.a.m.s.f.DefaultMavenResourcesFiltering - Copying 0 resource from src\main\resources to target\classes
2025-10-15 09:17:24,548 [Worker-11: Building] INFO  o.a.m.s.f.DefaultMavenResourcesFiltering - Copying 1 resource from src\main\resources to target\classes
2025-10-15 09:17:24,560 [Worker-11: Building] INFO  o.a.m.s.f.DefaultMavenResourcesFiltering - skip non existing resourceDirectory C:\Users\2440888\OneDrive - Cognizant\Desktop\Health-Insurance-Claim\health-insurance-claim\src\test\resources
2025-10-15 09:21:02,814 [Worker-6: Building] INFO  o.a.m.s.f.DefaultMavenResourcesFiltering - Copying 0 resource from src\main\resources to target\classes
2025-10-15 09:21:02,943 [Worker-6: Building] INFO  o.a.m.s.f.DefaultMavenResourcesFiltering - Copying 1 resource from src\main\resources to target\classes
2025-10-15 09:21:02,955 [Worker-6: Building] INFO  o.a.m.s.f.DefaultMavenResourcesFiltering - skip non existing resourceDirectory C:\Users\2440888\OneDrive - Cognizant\Desktop\Health-Insurance-Claim\health-insurance-claim\src\test\resources
2025-10-15 09:21:24,461 [Worker-5: Building] INFO  o.a.m.s.f.DefaultMavenResourcesFiltering - Copying 0 resource from src\main\resources to target\classes
2025-10-15 09:21:24,587 [Worker-5: Building] INFO  o.a.m.s.f.DefaultMavenResourcesFiltering - Copying 1 resource from src\main\resources to target\classes
2025-10-15 09:21:24,597 [Worker-5: Building] INFO  o.a.m.s.f.DefaultMavenResourcesFiltering - skip non existing resourceDirectory C:\Users\2440888\OneDrive - Cognizant\Desktop\Health-Insurance-Claim\health-insurance-claim\src\test\resources
2025-10-15 09:23:22,283 [Worker-6: Building] INFO  o.a.m.s.f.DefaultMavenResourcesFiltering - Copying 0 resource from src\main\resources to target\classes
2025-10-15 09:23:22,447 [Worker-6: Building] INFO  o.a.m.s.f.DefaultMavenResourcesFiltering - Copying 1 resource from src\main\resources to target\classes
2025-10-15 09:23:22,463 [Worker-6: Building] INFO  o.a.m.s.f.DefaultMavenResourcesFiltering - skip non existing resourceDirectory C:\Users\2440888\OneDrive - Cognizant\Desktop\Health-Insurance-Claim\health-insurance-claim\src\test\resources
2025-10-15 09:23:42,911 [Worker-9: Building] INFO  o.a.m.s.f.DefaultMavenResourcesFiltering - Copying 0 resource from src\main\resources to target\classes
2025-10-15 09:23:43,027 [Worker-9: Building] INFO  o.a.m.s.f.DefaultMavenResourcesFiltering - Copying 1 resource from src\main\resources to target\classes
2025-10-15 09:23:43,036 [Worker-9: Building] INFO  o.a.m.s.f.DefaultMavenResourcesFiltering - skip non existing resourceDirectory C:\Users\2440888\OneDrive - Cognizant\Desktop\Health-Insurance-Claim\health-insurance-claim\src\test\resources
2025-10-15 09:25:09,352 [Worker-6: Building] INFO  o.a.m.s.f.DefaultMavenResourcesFiltering - Copying 1 resource from src\main\resources to target\classes
2025-10-15 09:25:09,390 [Worker-6: Building] INFO  o.a.m.s.f.DefaultMavenResourcesFiltering - Copying 23 resources from src\main\resources to target\classes
2025-10-15 09:25:09,750 [Worker-6: Building] INFO  o.a.m.s.f.DefaultMavenResourcesFiltering - skip non existing resourceDirectory C:\Users\2440888\OneDrive - Cognizant\Desktop\Health-Insurance-Claim\health-insurance-claim\src\test\resources
2025-10-15 09:26:18,776 [Worker-13: Building] INFO  o.a.m.s.f.DefaultMavenResourcesFiltering - Copying 0 resource from src\main\resources to target\classes
2025-10-15 09:26:18,932 [Worker-13: Building] INFO  o.a.m.s.f.DefaultMavenResourcesFiltering - Copying 1 resource from src\main\resources to target\classes
2025-10-15 09:26:18,945 [Worker-13: Building] INFO  o.a.m.s.f.DefaultMavenResourcesFiltering - skip non existing resourceDirectory C:\Users\2440888\OneDrive - Cognizant\Desktop\Health-Insurance-Claim\health-insurance-claim\src\test\resources
2025-10-15 09:27:20,727 [Worker-10: Building] INFO  o.a.m.s.f.DefaultMavenResourcesFiltering - Copying 0 resource from src\main\resources to target\classes
2025-10-15 09:27:20,957 [Worker-10: Building] INFO  o.a.m.s.f.DefaultMavenResourcesFiltering - Copying 1 resource from src\main\resources to target\classes
2025-10-15 09:27:20,989 [Worker-10: Building] INFO  o.a.m.s.f.DefaultMavenResourcesFiltering - skip non existing resourceDirectory C:\Users\2440888\OneDrive - Cognizant\Desktop\Health-Insurance-Claim\health-insurance-claim\src\test\resources
2025-10-15 09:33:55,531 [Worker-5: Building] INFO  o.a.m.s.f.DefaultMavenResourcesFiltering - Copying 1 resource from src\main\resources to target\classes
2025-10-15 09:33:55,549 [Worker-5: Building] INFO  o.a.m.s.f.DefaultMavenResourcesFiltering - Copying 23 resources from src\main\resources to target\classes
2025-10-15 09:33:55,809 [Worker-5: Building] INFO  o.a.m.s.f.DefaultMavenResourcesFiltering - skip non existing resourceDirectory C:\Users\2440888\OneDrive - Cognizant\Desktop\Health-Insurance-Claim\health-insurance-claim\src\test\resources
2025-10-15 09:35:24,739 [Worker-13: Building] INFO  o.a.m.s.f.DefaultMavenResourcesFiltering - Copying 1 resource from src\main\resources to target\classes
2025-10-15 09:35:24,765 [Worker-13: Building] INFO  o.a.m.s.f.DefaultMavenResourcesFiltering - Copying 23 resources from src\main\resources to target\classes
2025-10-15 09:35:25,100 [Worker-13: Building] INFO  o.a.m.s.f.DefaultMavenResourcesFiltering - skip non existing resourceDirectory C:\Users\2440888\OneDrive - Cognizant\Desktop\Health-Insurance-Claim\health-insurance-claim\src\test\resources
2025-10-15 09:36:47,890 [Worker-12: Building] INFO  o.a.m.s.f.DefaultMavenResourcesFiltering - Copying 1 resource from src\main\resources to target\classes
2025-10-15 09:36:47,917 [Worker-12: Building] INFO  o.a.m.s.f.DefaultMavenResourcesFiltering - Copying 23 resources from src\main\resources to target\classes
2025-10-15 09:36:48,285 [Worker-12: Building] INFO  o.a.m.s.f.DefaultMavenResourcesFiltering - skip non existing resourceDirectory C:\Users\2440888\OneDrive - Cognizant\Desktop\Health-Insurance-Claim\health-insurance-claim\src\test\resources
2025-10-15 09:40:06,786 [Worker-13: Building] INFO  o.a.m.s.f.DefaultMavenResourcesFiltering - Copying 1 resource from src\main\resources to target\classes
2025-10-15 09:40:06,909 [Worker-13: Building] INFO  o.a.m.s.f.DefaultMavenResourcesFiltering - Copying 0 resource from src\main\resources to target\classes
2025-10-15 09:40:06,928 [Worker-13: Building] INFO  o.a.m.s.f.DefaultMavenResourcesFiltering - skip non existing resourceDirectory C:\Users\2440888\OneDrive - Cognizant\Desktop\Health-Insurance-Claim\hr-system-service-registry\src\test\resources
2025-10-15 09:40:09,416 [Worker-6: Building] INFO  o.a.m.s.f.DefaultMavenResourcesFiltering - Copying 1 resource from src\main\resources to target\classes
2025-10-15 09:40:09,452 [Worker-6: Building] INFO  o.a.m.s.f.DefaultMavenResourcesFiltering - Copying 23 resources from src\main\resources to target\classes
2025-10-15 09:40:09,856 [Worker-6: Building] INFO  o.a.m.s.f.DefaultMavenResourcesFiltering - skip non existing resourceDirectory C:\Users\2440888\OneDrive - Cognizant\Desktop\Health-Insurance-Claim\health-insurance-claim\src\test\resources
2025-10-15 09:46:23,608 [Worker-14: Building] INFO  o.e.m.c.i.l.LifecycleMappingFactory - Using org.eclipse.m2e.jdt.JarLifecycleMapping lifecycle mapping for MavenProject: com.example.genc:department-service:0.0.1-SNAPSHOT @ C:\Users\2440888\OneDrive - Cognizant\Desktop\Health-Insurance-Claim\leave-service\pom.xml.
2025-10-15 09:46:29,761 [Worker-14: Building] INFO  o.a.m.s.f.DefaultMavenResourcesFiltering - Copying 1 resource from src\main\resources to target\classes
2025-10-15 09:46:29,833 [Worker-14: Building] INFO  o.a.m.s.f.DefaultMavenResourcesFiltering - Copying 0 resource from src\main\resources to target\classes
2025-10-15 09:46:29,852 [Worker-14: Building] INFO  o.a.m.s.f.DefaultMavenResourcesFiltering - skip non existing resourceDirectory C:\Users\2440888\OneDrive - Cognizant\Desktop\Health-Insurance-Claim\leave-service\src\test\resources
2025-10-15 09:46:30,305 [Worker-14: Updating Maven Project] INFO  o.e.m.c.i.p.ProjectConfigurationManager - Update started
2025-10-15 09:46:32,493 [Worker-14: Updating Maven Project] INFO  o.e.m.c.i.l.LifecycleMappingFactory - Using org.eclipse.m2e.jdt.JarLifecycleMapping lifecycle mapping for MavenProject: com.example.genc:department-service:0.0.1-SNAPSHOT @ C:\Users\2440888\OneDrive - Cognizant\Desktop\Health-Insurance-Claim\leave-service\pom.xml.
2025-10-15 09:46:33,199 [Worker-14: Updating Maven Project] INFO  o.e.m.j.i.AbstractJavaProjectConfigurator - Adding source folder /leave-service/src/main/java
2025-10-15 09:46:33,201 [Worker-14: Updating Maven Project] INFO  o.e.m.j.i.AbstractJavaProjectConfigurator - Adding resource folder /leave-service/src/main/resources
2025-10-15 09:46:33,202 [Worker-14: Updating Maven Project] INFO  o.e.m.j.i.AbstractJavaProjectConfigurator - Adding resource folder /leave-service/src/main/resources
2025-10-15 09:46:33,202 [Worker-14: Updating Maven Project] INFO  o.e.m.j.i.AbstractJavaProjectConfigurator - Adding source folder /leave-service/src/test/java
2025-10-15 09:46:33,204 [Worker-14: Updating Maven Project] INFO  o.e.m.j.i.AbstractJavaProjectConfigurator - Adding resource folder /leave-service/src/test/resources
2025-10-15 09:46:33,749 [Worker-14: Updating Maven Project] INFO  o.e.m.c.i.p.ProjectConfigurationManager - Update completed for 1 poms: local refresh takes 0.00 sec, refresh facades takes 2.00 sec, update config takes 0.00 sec 
2025-10-15 09:46:34,498 [Worker-5: Building] INFO  o.a.m.s.f.DefaultMavenResourcesFiltering - Copying 1 resource from src\main\resources to target\classes
2025-10-15 09:46:34,514 [Worker-5: Building] INFO  o.a.m.s.f.DefaultMavenResourcesFiltering - Copying 0 resource from src\main\resources to target\classes
2025-10-15 09:46:34,519 [Worker-5: Building] INFO  o.a.m.s.f.DefaultMavenResourcesFiltering - skip non existing resourceDirectory C:\Users\2440888\OneDrive - Cognizant\Desktop\Health-Insurance-Claim\leave-service\src\test\resources
2025-10-15 09:46:55,074 [Worker-5: Building] INFO  o.e.m.c.i.l.LifecycleMappingFactory - Using org.eclipse.m2e.jdt.JarLifecycleMapping lifecycle mapping for MavenProject: com.example.genc:loan-service:0.0.1-SNAPSHOT @ C:\Users\2440888\OneDrive - Cognizant\Desktop\Health-Insurance-Claim\loan-service\pom.xml.
2025-10-15 09:47:01,369 [Worker-5: Building] INFO  o.a.m.s.f.DefaultMavenResourcesFiltering - Copying 1 resource from src\main\resources to target\classes
2025-10-15 09:47:01,413 [Worker-5: Building] INFO  o.a.m.s.f.DefaultMavenResourcesFiltering - Copying 0 resource from src\main\resources to target\classes
2025-10-15 09:47:01,424 [Worker-5: Building] INFO  o.a.m.s.f.DefaultMavenResourcesFiltering - skip non existing resourceDirectory C:\Users\2440888\OneDrive - Cognizant\Desktop\Health-Insurance-Claim\loan-service\src\test\resources
2025-10-15 09:47:01,877 [Worker-5: Updating Maven Project] INFO  o.e.m.c.i.p.ProjectConfigurationManager - Update started
2025-10-15 09:47:02,189 [Worker-5: Updating Maven Project] INFO  o.e.m.c.i.l.LifecycleMappingFactory - Using org.eclipse.m2e.jdt.JarLifecycleMapping lifecycle mapping for MavenProject: com.example.genc:loan-service:0.0.1-SNAPSHOT @ C:\Users\2440888\OneDrive - Cognizant\Desktop\Health-Insurance-Claim\loan-service\pom.xml.
2025-10-15 09:47:02,844 [Worker-5: Updating Maven Project] INFO  o.e.m.j.i.AbstractJavaProjectConfigurator - Adding source folder /loan-service/src/main/java
2025-10-15 09:47:02,844 [Worker-5: Updating Maven Project] INFO  o.e.m.j.i.AbstractJavaProjectConfigurator - Adding resource folder /loan-service/src/main/resources
2025-10-15 09:47:02,846 [Worker-5: Updating Maven Project] INFO  o.e.m.j.i.AbstractJavaProjectConfigurator - Adding resource folder /loan-service/src/main/resources
2025-10-15 09:47:02,846 [Worker-5: Updating Maven Project] INFO  o.e.m.j.i.AbstractJavaProjectConfigurator - Adding source folder /loan-service/src/test/java
2025-10-15 09:47:02,847 [Worker-5: Updating Maven Project] INFO  o.e.m.j.i.AbstractJavaProjectConfigurator - Adding resource folder /loan-service/src/test/resources
2025-10-15 09:47:03,273 [Worker-5: Updating Maven Project] INFO  o.e.m.c.i.p.ProjectConfigurationManager - Update completed for 1 poms: local refresh takes 0.00 sec, refresh facades takes 0.00 sec, update config takes 0.00 sec 
2025-10-15 09:47:03,716 [Worker-12: Building] INFO  o.a.m.s.f.DefaultMavenResourcesFiltering - Copying 1 resource from src\main\resources to target\classes
2025-10-15 09:47:03,729 [Worker-12: Building] INFO  o.a.m.s.f.DefaultMavenResourcesFiltering - Copying 0 resource from src\main\resources to target\classes
2025-10-15 09:47:03,734 [Worker-12: Building] INFO  o.a.m.s.f.DefaultMavenResourcesFiltering - skip non existing resourceDirectory C:\Users\2440888\OneDrive - Cognizant\Desktop\Health-Insurance-Claim\loan-service\src\test\resources
2025-10-15 09:47:25,501 [Worker-12: Building] INFO  o.e.m.c.i.l.LifecycleMappingFactory - Using org.eclipse.m2e.jdt.JarLifecycleMapping lifecycle mapping for MavenProject: com.example.genc:department-service:0.0.1-SNAPSHOT @ C:\Users\2440888\OneDrive - Cognizant\Desktop\Health-Insurance-Claim\employee-service\pom.xml.
2025-10-15 09:47:31,586 [Worker-12: Building] INFO  o.a.m.s.f.DefaultMavenResourcesFiltering - Copying 1 resource from src\main\resources to target\classes
2025-10-15 09:47:31,606 [Worker-12: Building] INFO  o.a.m.s.f.DefaultMavenResourcesFiltering - Copying 0 resource from src\main\resources to target\classes
2025-10-15 09:47:31,609 [Worker-12: Building] INFO  o.a.m.s.f.DefaultMavenResourcesFiltering - skip non existing resourceDirectory C:\Users\2440888\OneDrive - Cognizant\Desktop\Health-Insurance-Claim\employee-service\src\test\resources
2025-10-15 09:47:32,057 [Worker-6: Updating Maven Project] INFO  o.e.m.c.i.p.ProjectConfigurationManager - Update started
2025-10-15 09:47:32,333 [Worker-6: Updating Maven Project] INFO  o.e.m.c.i.l.LifecycleMappingFactory - Using org.eclipse.m2e.jdt.JarLifecycleMapping lifecycle mapping for MavenProject: com.example.genc:department-service:0.0.1-SNAPSHOT @ C:\Users\2440888\OneDrive - Cognizant\Desktop\Health-Insurance-Claim\employee-service\pom.xml.
2025-10-15 09:47:32,969 [Worker-6: Updating Maven Project] INFO  o.e.m.j.i.AbstractJavaProjectConfigurator - Adding source folder /employee-service/src/main/java
2025-10-15 09:47:32,969 [Worker-6: Updating Maven Project] INFO  o.e.m.j.i.AbstractJavaProjectConfigurator - Adding resource folder /employee-service/src/main/resources
2025-10-15 09:47:32,971 [Worker-6: Updating Maven Project] INFO  o.e.m.j.i.AbstractJavaProjectConfigurator - Adding resource folder /employee-service/src/main/resources
2025-10-15 09:47:32,972 [Worker-6: Updating Maven Project] INFO  o.e.m.j.i.AbstractJavaProjectConfigurator - Adding source folder /employee-service/src/test/java
2025-10-15 09:47:32,972 [Worker-6: Updating Maven Project] INFO  o.e.m.j.i.AbstractJavaProjectConfigurator - Adding resource folder /employee-service/src/test/resources
2025-10-15 09:47:33,446 [Worker-6: Updating Maven Project] INFO  o.e.m.c.i.p.ProjectConfigurationManager - Update completed for 1 poms: local refresh takes 0.00 sec, refresh facades takes 0.00 sec, update config takes 0.00 sec 
2025-10-15 09:47:33,987 [Worker-12: Building] INFO  o.a.m.s.f.DefaultMavenResourcesFiltering - Copying 1 resource from src\main\resources to target\classes
2025-10-15 09:47:34,005 [Worker-12: Building] INFO  o.a.m.s.f.DefaultMavenResourcesFiltering - Copying 0 resource from src\main\resources to target\classes
2025-10-15 09:47:34,013 [Worker-12: Building] INFO  o.a.m.s.f.DefaultMavenResourcesFiltering - skip non existing resourceDirectory C:\Users\2440888\OneDrive - Cognizant\Desktop\Health-Insurance-Claim\employee-service\src\test\resources
2025-10-15 09:47:52,396 [Worker-12: Building] INFO  o.e.m.c.i.l.LifecycleMappingFactory - Using org.eclipse.m2e.jdt.JarLifecycleMapping lifecycle mapping for MavenProject: com.example.genc:department-service:0.0.1-SNAPSHOT @ C:\Users\2440888\OneDrive - Cognizant\Desktop\Health-Insurance-Claim\department-service\pom.xml.
2025-10-15 09:47:58,268 [Worker-12: Building] INFO  o.a.m.s.f.DefaultMavenResourcesFiltering - Copying 1 resource from src\main\resources to target\classes
2025-10-15 09:47:58,293 [Worker-12: Building] INFO  o.a.m.s.f.DefaultMavenResourcesFiltering - Copying 0 resource from src\main\resources to target\classes
2025-10-15 09:47:58,296 [Worker-12: Building] INFO  o.a.m.s.f.DefaultMavenResourcesFiltering - skip non existing resourceDirectory C:\Users\2440888\OneDrive - Cognizant\Desktop\Health-Insurance-Claim\department-service\src\test\resources
2025-10-15 09:47:58,723 [Worker-5: Updating Maven Project] INFO  o.e.m.c.i.p.ProjectConfigurationManager - Update started
2025-10-15 09:47:59,163 [Worker-5: Updating Maven Project] INFO  o.e.m.c.i.l.LifecycleMappingFactory - Using org.eclipse.m2e.jdt.JarLifecycleMapping lifecycle mapping for MavenProject: com.example.genc:department-service:0.0.1-SNAPSHOT @ C:\Users\2440888\OneDrive - Cognizant\Desktop\Health-Insurance-Claim\department-service\pom.xml.
2025-10-15 09:47:59,728 [Worker-5: Updating Maven Project] INFO  o.e.m.j.i.AbstractJavaProjectConfigurator - Adding source folder /department-service/src/main/java
2025-10-15 09:47:59,728 [Worker-5: Updating Maven Project] INFO  o.e.m.j.i.AbstractJavaProjectConfigurator - Adding resource folder /department-service/src/main/resources
2025-10-15 09:47:59,729 [Worker-5: Updating Maven Project] INFO  o.e.m.j.i.AbstractJavaProjectConfigurator - Adding resource folder /department-service/src/main/resources
2025-10-15 09:47:59,729 [Worker-5: Updating Maven Project] INFO  o.e.m.j.i.AbstractJavaProjectConfigurator - Adding source folder /department-service/src/test/java
2025-10-15 09:47:59,729 [Worker-5: Updating Maven Project] INFO  o.e.m.j.i.AbstractJavaProjectConfigurator - Adding resource folder /department-service/src/test/resources
2025-10-15 09:48:00,283 [Worker-5: Updating Maven Project] INFO  o.e.m.c.i.p.ProjectConfigurationManager - Update completed for 1 poms: local refresh takes 0.00 sec, refresh facades takes 0.00 sec, update config takes 0.00 sec 
2025-10-15 09:48:00,733 [Worker-15: Building] INFO  o.a.m.s.f.DefaultMavenResourcesFiltering - Copying 1 resource from src\main\resources to target\classes
2025-10-15 09:48:00,743 [Worker-15: Building] INFO  o.a.m.s.f.DefaultMavenResourcesFiltering - Copying 0 resource from src\main\resources to target\classes
2025-10-15 09:48:00,747 [Worker-15: Building] INFO  o.a.m.s.f.DefaultMavenResourcesFiltering - skip non existing resourceDirectory C:\Users\2440888\OneDrive - Cognizant\Desktop\Health-Insurance-Claim\department-service\src\test\resources
2025-10-15 09:50:17,313 [Worker-16: Building] INFO  o.e.m.c.i.l.LifecycleMappingFactory - Using org.eclipse.m2e.jdt.JarLifecycleMapping lifecycle mapping for MavenProject: com.example.genc:loan-service:0.0.1-SNAPSHOT @ C:\Users\2440888\OneDrive - Cognizant\Desktop\Health-Insurance-Claim\loan-service\pom.xml.
2025-10-15 09:50:23,291 [Worker-16: Building] INFO  o.e.m.c.i.e.AbstractTransferListenerAdapter - Downloading https://repo.maven.apache.org/maven2/org/springframework/cloud/spring-cloud-starter-netflix-eureka-client/4.3.0/spring-cloud-starter-netflix-eureka-client-4.3.0.pom
2025-10-15 09:50:23,484 [Worker-16: Building] INFO  o.e.m.c.i.e.AbstractTransferListenerAdapter - Downloaded https://repo.maven.apache.org/maven2/org/springframework/cloud/spring-cloud-starter-netflix-eureka-client/4.3.0/spring-cloud-starter-netflix-eureka-client-4.3.0.pom
2025-10-15 09:50:28,213 [Worker-16: Building] INFO  o.e.m.c.i.e.AbstractTransferListenerAdapter - Downloading https://repo.maven.apache.org/maven2/org/springframework/cloud/spring-cloud-starter-netflix-eureka-client/4.3.0/spring-cloud-starter-netflix-eureka-client-4.3.0.jar
2025-10-15 09:50:28,272 [Worker-16: Building] INFO  o.e.m.c.i.e.AbstractTransferListenerAdapter - Downloaded https://repo.maven.apache.org/maven2/org/springframework/cloud/spring-cloud-starter-netflix-eureka-client/4.3.0/spring-cloud-starter-netflix-eureka-client-4.3.0.jar
2025-10-15 09:50:28,345 [BasicRepositoryConnector-repo.maven.apache.org-0-1] INFO  o.e.m.c.i.e.AbstractTransferListenerAdapter - Downloading https://repo.maven.apache.org/maven2/com/google/errorprone/error_prone_annotations/2.41.0/error_prone_annotations-2.41.0.jar
2025-10-15 09:50:28,407 [BasicRepositoryConnector-repo.maven.apache.org-0-1] INFO  o.e.m.c.i.e.AbstractTransferListenerAdapter - Downloaded https://repo.maven.apache.org/maven2/com/google/errorprone/error_prone_annotations/2.41.0/error_prone_annotations-2.41.0.jar
2025-10-15 09:50:28,444 [BasicRepositoryConnector-repo.maven.apache.org-0-0] INFO  o.e.m.c.i.e.AbstractTransferListenerAdapter - Downloading https://repo.maven.apache.org/maven2/com/google/guava/guava/14.0.1/guava-14.0.1.jar
2025-10-15 09:50:29,056 [BasicRepositoryConnector-repo.maven.apache.org-0-0] INFO  o.e.m.c.i.e.AbstractTransferListenerAdapter - Downloaded https://repo.maven.apache.org/maven2/com/google/guava/guava/14.0.1/guava-14.0.1.jar
2025-10-15 09:50:33,582 [Worker-5: Download sources and javadoc] INFO  o.e.m.c.i.e.AbstractTransferListenerAdapter - Downloaded https://repo.maven.apache.org/maven2/org/springframework/cloud/spring-cloud-starter-netflix-eureka-client/4.3.0/spring-cloud-starter-netflix-eureka-client-4.3.0-sources.jar
2025-10-15 09:50:33,596 [Worker-5: Download sources and javadoc] ERROR o.e.m.j.internal.DownloadSourcesJob - Could not download sources for org.springframework.cloud:spring-cloud-starter-netflix-eureka-client:4.3.0
org.eclipse.core.runtime.CoreException: Could not resolve artifact org.springframework.cloud:spring-cloud-starter-netflix-eureka-client:jar:sources:4.3.0
	at org.eclipse.m2e.core.internal.embedder.MavenImpl.lambda$7(MavenImpl.java:540)
	at org.eclipse.m2e.core.internal.embedder.MavenExecutionContext.executeBare(MavenExecutionContext.java:458)
	at org.eclipse.m2e.core.internal.embedder.MavenExecutionContext.execute(MavenExecutionContext.java:292)
	at org.eclipse.m2e.core.internal.embedder.MavenExecutionContext.execute(MavenExecutionContext.java:278)
	at org.eclipse.m2e.core.internal.embedder.MavenImpl.resolve(MavenImpl.java:509)
	at org.eclipse.m2e.core.internal.embedder.MavenImpl.resolve(MavenImpl.java:494)
	at org.eclipse.m2e.jdt.internal.DownloadSourcesJob.download(DownloadSourcesJob.java:308)
	at org.eclipse.m2e.jdt.internal.DownloadSourcesJob.downloadAttachments(DownloadSourcesJob.java:282)
	at org.eclipse.m2e.jdt.internal.DownloadSourcesJob.downloadMaven(DownloadSourcesJob.java:252)
	at org.eclipse.m2e.jdt.internal.DownloadSourcesJob.downloadFilesAndPopulateToUpdate(DownloadSourcesJob.java:220)
	at org.eclipse.m2e.jdt.internal.DownloadSourcesJob.lambda$0(DownloadSourcesJob.java:149)
	at org.eclipse.m2e.core.internal.embedder.MavenExecutionContext.executeBare(MavenExecutionContext.java:458)
	at org.eclipse.m2e.core.internal.embedder.MavenExecutionContext.execute(MavenExecutionContext.java:339)
	at org.eclipse.m2e.core.internal.embedder.MavenExecutionContext.execute(MavenExecutionContext.java:278)
	at org.eclipse.m2e.core.embedder.IMaven.execute(IMaven.java:300)
	at org.eclipse.m2e.jdt.internal.DownloadSourcesJob.run(DownloadSourcesJob.java:149)
	at org.eclipse.core.internal.jobs.Worker.run(Worker.java:63)
2025-10-15 09:50:33,608 [Worker-16: Building] INFO  o.a.m.s.f.DefaultMavenResourcesFiltering - Copying 0 resource from src\main\resources to target\classes
2025-10-15 09:50:33,611 [Worker-16: Building] INFO  o.a.m.s.f.DefaultMavenResourcesFiltering - Copying 0 resource from src\main\resources to target\classes
2025-10-15 09:50:33,619 [Worker-16: Building] INFO  o.a.m.s.f.DefaultMavenResourcesFiltering - skip non existing resourceDirectory C:\Users\2440888\OneDrive - Cognizant\Desktop\Health-Insurance-Claim\loan-service\src\test\resources
2025-10-15 09:50:33,779 [Worker-5: Download sources and javadoc] INFO  o.e.m.c.i.e.AbstractTransferListenerAdapter - Downloading https://repo.maven.apache.org/maven2/com/google/guava/guava/14.0.1/guava-14.0.1-sources.jar
2025-10-15 09:50:33,890 [Worker-12: Updating Maven Project] INFO  o.e.m.c.i.p.ProjectConfigurationManager - Update started
2025-10-15 09:50:34,157 [Worker-5: Download sources and javadoc] INFO  o.e.m.c.i.e.AbstractTransferListenerAdapter - Downloaded https://repo.maven.apache.org/maven2/com/google/guava/guava/14.0.1/guava-14.0.1-sources.jar
2025-10-15 09:50:34,167 [Worker-5: Download sources and javadoc] INFO  o.e.m.j.internal.DownloadSourcesJob - Downloaded sources for com.google.guava:guava:14.0.1
2025-10-15 09:50:44,443 [Worker-5: Download sources and javadoc] INFO  o.e.m.c.i.e.AbstractTransferListenerAdapter - Downloading https://repo.maven.apache.org/maven2/com/google/errorprone/error_prone_annotations/2.41.0/error_prone_annotations-2.41.0-sources.jar
2025-10-15 09:50:44,561 [Worker-5: Download sources and javadoc] INFO  o.e.m.c.i.e.AbstractTransferListenerAdapter - Downloaded https://repo.maven.apache.org/maven2/com/google/errorprone/error_prone_annotations/2.41.0/error_prone_annotations-2.41.0-sources.jar
2025-10-15 09:50:44,574 [Worker-5: Download sources and javadoc] INFO  o.e.m.j.internal.DownloadSourcesJob - Downloaded sources for com.google.errorprone:error_prone_annotations:2.41.0
2025-10-15 09:50:44,761 [Worker-12: Updating Maven Project] INFO  o.e.m.c.i.l.LifecycleMappingFactory - Using org.eclipse.m2e.jdt.JarLifecycleMapping lifecycle mapping for MavenProject: com.example.genc:loan-service:0.0.1-SNAPSHOT @ C:\Users\2440888\OneDrive - Cognizant\Desktop\Health-Insurance-Claim\loan-service\pom.xml.
2025-10-15 09:50:50,335 [Worker-12: Updating Maven Project] INFO  o.e.m.j.i.AbstractJavaProjectConfigurator - Adding source folder /loan-service/src/main/java
2025-10-15 09:50:50,340 [Worker-12: Updating Maven Project] INFO  o.e.m.j.i.AbstractJavaProjectConfigurator - Adding resource folder /loan-service/src/main/resources
2025-10-15 09:50:50,344 [Worker-12: Updating Maven Project] INFO  o.e.m.j.i.AbstractJavaProjectConfigurator - Adding resource folder /loan-service/src/main/resources
2025-10-15 09:50:50,346 [Worker-12: Updating Maven Project] INFO  o.e.m.j.i.AbstractJavaProjectConfigurator - Adding source folder /loan-service/src/test/java
2025-10-15 09:50:50,348 [Worker-12: Updating Maven Project] INFO  o.e.m.j.i.AbstractJavaProjectConfigurator - Adding resource folder /loan-service/src/test/resources
2025-10-15 09:50:51,689 [Worker-12: Updating Maven Project] INFO  o.e.m.c.i.p.ProjectConfigurationManager - Update completed for 1 poms: local refresh takes 0.00 sec, refresh facades takes 15.00 sec, update config takes 1.00 sec 
2025-10-15 09:50:53,650 [Worker-14: Building] INFO  o.a.m.s.f.DefaultMavenResourcesFiltering - Copying 1 resource from src\main\resources to target\classes
2025-10-15 09:50:53,684 [Worker-14: Building] INFO  o.a.m.s.f.DefaultMavenResourcesFiltering - Copying 0 resource from src\main\resources to target\classes
2025-10-15 09:50:53,696 [Worker-14: Building] INFO  o.a.m.s.f.DefaultMavenResourcesFiltering - skip non existing resourceDirectory C:\Users\2440888\OneDrive - Cognizant\Desktop\Health-Insurance-Claim\loan-service\src\test\resources
2025-10-15 09:54:58,108 [Worker-15: Building] INFO  o.e.m.c.i.l.LifecycleMappingFactory - Using org.eclipse.m2e.jdt.JarLifecycleMapping lifecycle mapping for MavenProject: com.example.genc:loan-service:0.0.1-SNAPSHOT @ C:\Users\2440888\OneDrive - Cognizant\Desktop\Health-Insurance-Claim\loan-service\pom.xml.
2025-10-15 09:55:05,040 [Worker-15: Building] INFO  o.a.m.s.f.DefaultMavenResourcesFiltering - Copying 0 resource from src\main\resources to target\classes
2025-10-15 09:55:05,044 [Worker-15: Building] INFO  o.a.m.s.f.DefaultMavenResourcesFiltering - Copying 0 resource from src\main\resources to target\classes
2025-10-15 09:55:05,074 [Worker-15: Building] INFO  o.a.m.s.f.DefaultMavenResourcesFiltering - skip non existing resourceDirectory C:\Users\2440888\OneDrive - Cognizant\Desktop\Health-Insurance-Claim\loan-service\src\test\resources
2025-10-15 09:55:06,862 [Worker-6: Building] INFO  o.a.m.s.f.DefaultMavenResourcesFiltering - Copying 1 resource from src\main\resources to target\classes
2025-10-15 09:55:06,895 [Worker-6: Building] INFO  o.a.m.s.f.DefaultMavenResourcesFiltering - Copying 0 resource from src\main\resources to target\classes
2025-10-15 09:55:06,906 [Worker-6: Building] INFO  o.a.m.s.f.DefaultMavenResourcesFiltering - skip non existing resourceDirectory C:\Users\2440888\OneDrive - Cognizant\Desktop\Health-Insurance-Claim\loan-service\src\test\resources
2025-10-15 09:56:49,882 [Worker-14: Building] INFO  o.e.m.c.i.l.LifecycleMappingFactory - Using org.eclipse.m2e.jdt.JarLifecycleMapping lifecycle mapping for MavenProject: com.example.genc:loan-service:0.0.1-SNAPSHOT @ C:\Users\2440888\OneDrive - Cognizant\Desktop\Health-Insurance-Claim\loan-service\pom.xml.
2025-10-15 09:56:59,246 [Worker-14: Building] INFO  o.a.m.s.f.DefaultMavenResourcesFiltering - Copying 0 resource from src\main\resources to target\classes
2025-10-15 09:56:59,250 [Worker-14: Building] INFO  o.a.m.s.f.DefaultMavenResourcesFiltering - Copying 0 resource from src\main\resources to target\classes
2025-10-15 09:56:59,258 [Worker-14: Building] INFO  o.a.m.s.f.DefaultMavenResourcesFiltering - skip non existing resourceDirectory C:\Users\2440888\OneDrive - Cognizant\Desktop\Health-Insurance-Claim\loan-service\src\test\resources
2025-10-15 09:56:59,528 [Worker-15: Updating Maven Project] INFO  o.e.m.c.i.p.ProjectConfigurationManager - Update started
2025-10-15 09:56:59,745 [Worker-0: Download sources and javadoc] INFO  o.e.m.c.i.e.AbstractTransferListenerAdapter - Downloaded https://repo.maven.apache.org/maven2/org/springframework/cloud/spring-cloud-starter-netflix-eureka-client/4.3.0/spring-cloud-starter-netflix-eureka-client-4.3.0-javadoc.jar
2025-10-15 09:56:59,753 [Worker-0: Download sources and javadoc] ERROR o.e.m.j.internal.DownloadSourcesJob - Could not download javadoc for org.springframework.cloud:spring-cloud-starter-netflix-eureka-client:4.3.0
org.eclipse.core.runtime.CoreException: Could not resolve artifact org.springframework.cloud:spring-cloud-starter-netflix-eureka-client:jar:javadoc:4.3.0
	at org.eclipse.m2e.core.internal.embedder.MavenImpl.lambda$7(MavenImpl.java:540)
	at org.eclipse.m2e.core.internal.embedder.MavenExecutionContext.executeBare(MavenExecutionContext.java:458)
	at org.eclipse.m2e.core.internal.embedder.MavenExecutionContext.execute(MavenExecutionContext.java:292)
	at org.eclipse.m2e.core.internal.embedder.MavenExecutionContext.execute(MavenExecutionContext.java:278)
	at org.eclipse.m2e.core.internal.embedder.MavenImpl.resolve(MavenImpl.java:509)
	at org.eclipse.m2e.core.internal.embedder.MavenImpl.resolve(MavenImpl.java:494)
	at org.eclipse.m2e.jdt.internal.DownloadSourcesJob.download(DownloadSourcesJob.java:308)
	at org.eclipse.m2e.jdt.internal.DownloadSourcesJob.downloadAttachments(DownloadSourcesJob.java:294)
	at org.eclipse.m2e.jdt.internal.DownloadSourcesJob.downloadMaven(DownloadSourcesJob.java:252)
	at org.eclipse.m2e.jdt.internal.DownloadSourcesJob.downloadFilesAndPopulateToUpdate(DownloadSourcesJob.java:220)
	at org.eclipse.m2e.jdt.internal.DownloadSourcesJob.lambda$0(DownloadSourcesJob.java:149)
	at org.eclipse.m2e.core.internal.embedder.MavenExecutionContext.executeBare(MavenExecutionContext.java:458)
	at org.eclipse.m2e.core.internal.embedder.MavenExecutionContext.execute(MavenExecutionContext.java:339)
	at org.eclipse.m2e.core.internal.embedder.MavenExecutionContext.execute(MavenExecutionContext.java:278)
	at org.eclipse.m2e.core.embedder.IMaven.execute(IMaven.java:300)
	at org.eclipse.m2e.jdt.internal.DownloadSourcesJob.run(DownloadSourcesJob.java:149)
	at org.eclipse.core.internal.jobs.Worker.run(Worker.java:63)
2025-10-15 09:57:02,794 [Worker-15: Updating Maven Project] INFO  o.e.m.c.i.l.LifecycleMappingFactory - Using org.eclipse.m2e.jdt.JarLifecycleMapping lifecycle mapping for MavenProject: com.example.genc:loan-service:0.0.1-SNAPSHOT @ C:\Users\2440888\OneDrive - Cognizant\Desktop\Health-Insurance-Claim\loan-service\pom.xml.
2025-10-15 09:57:12,068 [Worker-15: Updating Maven Project] INFO  o.e.m.j.i.AbstractJavaProjectConfigurator - Adding source folder /loan-service/src/main/java
2025-10-15 09:57:12,070 [Worker-15: Updating Maven Project] INFO  o.e.m.j.i.AbstractJavaProjectConfigurator - Adding resource folder /loan-service/src/main/resources
2025-10-15 09:57:12,076 [Worker-15: Updating Maven Project] INFO  o.e.m.j.i.AbstractJavaProjectConfigurator - Adding resource folder /loan-service/src/main/resources
2025-10-15 09:57:12,077 [Worker-15: Updating Maven Project] INFO  o.e.m.j.i.AbstractJavaProjectConfigurator - Adding source folder /loan-service/src/test/java
2025-10-15 09:57:12,080 [Worker-15: Updating Maven Project] INFO  o.e.m.j.i.AbstractJavaProjectConfigurator - Adding resource folder /loan-service/src/test/resources
2025-10-15 09:57:12,661 [Worker-15: Updating Maven Project] INFO  o.e.m.c.i.p.ProjectConfigurationManager - Update completed for 1 poms: local refresh takes 0.00 sec, refresh facades takes 12.00 sec, update config takes 0.00 sec 
2025-10-15 09:57:13,636 [Worker-5: Building] INFO  o.a.m.s.f.DefaultMavenResourcesFiltering - Copying 1 resource from src\main\resources to target\classes
2025-10-15 09:57:13,655 [Worker-5: Building] INFO  o.a.m.s.f.DefaultMavenResourcesFiltering - Copying 0 resource from src\main\resources to target\classes
2025-10-15 09:57:13,660 [Worker-5: Building] INFO  o.a.m.s.f.DefaultMavenResourcesFiltering - skip non existing resourceDirectory C:\Users\2440888\OneDrive - Cognizant\Desktop\Health-Insurance-Claim\loan-service\src\test\resources
2025-10-15 10:00:43,533 [Worker-15: Building] INFO  o.e.m.c.i.l.LifecycleMappingFactory - Using org.eclipse.m2e.jdt.JarLifecycleMapping lifecycle mapping for MavenProject: com.example.genc:department-service:0.0.1-SNAPSHOT @ C:\Users\2440888\OneDrive - Cognizant\Desktop\Health-Insurance-Claim\department-service\pom.xml.
2025-10-15 10:00:52,471 [Worker-15: Building] INFO  o.a.m.s.f.DefaultMavenResourcesFiltering - Copying 0 resource from src\main\resources to target\classes
2025-10-15 10:00:52,474 [Worker-15: Building] INFO  o.a.m.s.f.DefaultMavenResourcesFiltering - Copying 0 resource from src\main\resources to target\classes
2025-10-15 10:00:52,478 [Worker-15: Building] INFO  o.a.m.s.f.DefaultMavenResourcesFiltering - skip non existing resourceDirectory C:\Users\2440888\OneDrive - Cognizant\Desktop\Health-Insurance-Claim\department-service\src\test\resources
2025-10-15 10:00:52,784 [Worker-12: Updating Maven Project] INFO  o.e.m.c.i.p.ProjectConfigurationManager - Update started
2025-10-15 10:00:56,471 [Worker-12: Updating Maven Project] INFO  o.e.m.c.i.l.LifecycleMappingFactory - Using org.eclipse.m2e.jdt.JarLifecycleMapping lifecycle mapping for MavenProject: com.example.genc:department-service:0.0.1-SNAPSHOT @ C:\Users\2440888\OneDrive - Cognizant\Desktop\Health-Insurance-Claim\department-service\pom.xml.
2025-10-15 10:01:08,222 [Worker-12: Updating Maven Project] INFO  o.e.m.j.i.AbstractJavaProjectConfigurator - Adding source folder /department-service/src/main/java
2025-10-15 10:01:08,223 [Worker-12: Updating Maven Project] INFO  o.e.m.j.i.AbstractJavaProjectConfigurator - Adding resource folder /department-service/src/main/resources
2025-10-15 10:01:08,223 [Worker-12: Updating Maven Project] INFO  o.e.m.j.i.AbstractJavaProjectConfigurator - Adding resource folder /department-service/src/main/resources
2025-10-15 10:01:08,224 [Worker-12: Updating Maven Project] INFO  o.e.m.j.i.AbstractJavaProjectConfigurator - Adding source folder /department-service/src/test/java
2025-10-15 10:01:08,224 [Worker-12: Updating Maven Project] INFO  o.e.m.j.i.AbstractJavaProjectConfigurator - Adding resource folder /department-service/src/test/resources
2025-10-15 10:01:09,382 [Worker-12: Updating Maven Project] INFO  o.e.m.c.i.p.ProjectConfigurationManager - Update completed for 1 poms: local refresh takes 0.00 sec, refresh facades takes 14.00 sec, update config takes 1.00 sec 
2025-10-15 10:01:10,599 [Worker-13: Building] INFO  o.a.m.s.f.DefaultMavenResourcesFiltering - Copying 1 resource from src\main\resources to target\classes
2025-10-15 10:01:10,616 [Worker-13: Building] INFO  o.a.m.s.f.DefaultMavenResourcesFiltering - Copying 0 resource from src\main\resources to target\classes
2025-10-15 10:01:10,618 [Worker-13: Building] INFO  o.a.m.s.f.DefaultMavenResourcesFiltering - skip non existing resourceDirectory C:\Users\2440888\OneDrive - Cognizant\Desktop\Health-Insurance-Claim\department-service\src\test\resources
2025-10-15 10:01:24,820 [Worker-0: Building] INFO  o.a.m.s.f.DefaultMavenResourcesFiltering - Copying 1 resource from src\main\resources to target\classes
2025-10-15 10:01:24,841 [Worker-0: Building] INFO  o.a.m.s.f.DefaultMavenResourcesFiltering - Copying 0 resource from src\main\resources to target\classes
2025-10-15 10:01:24,849 [Worker-0: Building] INFO  o.a.m.s.f.DefaultMavenResourcesFiltering - skip non existing resourceDirectory C:\Users\2440888\OneDrive - Cognizant\Desktop\Health-Insurance-Claim\hr-system-service-registry\src\test\resources
2025-10-15 10:02:26,663 [Worker-12: Building] INFO  o.e.m.c.i.l.LifecycleMappingFactory - Using org.eclipse.m2e.jdt.JarLifecycleMapping lifecycle mapping for MavenProject: com.example.genc:department-service:0.0.1-SNAPSHOT @ C:\Users\2440888\OneDrive - Cognizant\Desktop\Health-Insurance-Claim\employee-service\pom.xml.
2025-10-15 10:02:35,002 [Worker-12: Building] INFO  o.a.m.s.f.DefaultMavenResourcesFiltering - Copying 0 resource from src\main\resources to target\classes
2025-10-15 10:02:35,005 [Worker-12: Building] INFO  o.a.m.s.f.DefaultMavenResourcesFiltering - Copying 0 resource from src\main\resources to target\classes
2025-10-15 10:02:35,010 [Worker-12: Building] INFO  o.a.m.s.f.DefaultMavenResourcesFiltering - skip non existing resourceDirectory C:\Users\2440888\OneDrive - Cognizant\Desktop\Health-Insurance-Claim\employee-service\src\test\resources
2025-10-15 10:02:35,263 [Worker-16: Updating Maven Project] INFO  o.e.m.c.i.p.ProjectConfigurationManager - Update started
2025-10-15 10:02:38,120 [Worker-16: Updating Maven Project] INFO  o.e.m.c.i.l.LifecycleMappingFactory - Using org.eclipse.m2e.jdt.JarLifecycleMapping lifecycle mapping for MavenProject: com.example.genc:department-service:0.0.1-SNAPSHOT @ C:\Users\2440888\OneDrive - Cognizant\Desktop\Health-Insurance-Claim\employee-service\pom.xml.
2025-10-15 10:02:46,301 [Worker-16: Updating Maven Project] INFO  o.e.m.j.i.AbstractJavaProjectConfigurator - Adding source folder /employee-service/src/main/java
2025-10-15 10:02:46,303 [Worker-16: Updating Maven Project] INFO  o.e.m.j.i.AbstractJavaProjectConfigurator - Adding resource folder /employee-service/src/main/resources
2025-10-15 10:02:46,304 [Worker-16: Updating Maven Project] INFO  o.e.m.j.i.AbstractJavaProjectConfigurator - Adding resource folder /employee-service/src/main/resources
2025-10-15 10:02:46,304 [Worker-16: Updating Maven Project] INFO  o.e.m.j.i.AbstractJavaProjectConfigurator - Adding source folder /employee-service/src/test/java
2025-10-15 10:02:46,305 [Worker-16: Updating Maven Project] INFO  o.e.m.j.i.AbstractJavaProjectConfigurator - Adding resource folder /employee-service/src/test/resources
2025-10-15 10:02:46,893 [Worker-16: Updating Maven Project] INFO  o.e.m.c.i.p.ProjectConfigurationManager - Update completed for 1 poms: local refresh takes 0.00 sec, refresh facades takes 10.00 sec, update config takes 0.00 sec 
2025-10-15 10:02:48,019 [Worker-0: Building] INFO  o.a.m.s.f.DefaultMavenResourcesFiltering - Copying 1 resource from src\main\resources to target\classes
2025-10-15 10:02:48,032 [Worker-0: Building] INFO  o.a.m.s.f.DefaultMavenResourcesFiltering - Copying 0 resource from src\main\resources to target\classes
2025-10-15 10:02:48,035 [Worker-0: Building] INFO  o.a.m.s.f.DefaultMavenResourcesFiltering - skip non existing resourceDirectory C:\Users\2440888\OneDrive - Cognizant\Desktop\Health-Insurance-Claim\employee-service\src\test\resources
2025-10-15 10:03:23,953 [Worker-13: Building] INFO  o.e.m.c.i.l.LifecycleMappingFactory - Using org.eclipse.m2e.jdt.JarLifecycleMapping lifecycle mapping for MavenProject: com.example.genc:department-service:0.0.1-SNAPSHOT @ C:\Users\2440888\OneDrive - Cognizant\Desktop\Health-Insurance-Claim\leave-service\pom.xml.
2025-10-15 10:03:34,298 [Worker-13: Building] INFO  o.a.m.s.f.DefaultMavenResourcesFiltering - Copying 0 resource from src\main\resources to target\classes
2025-10-15 10:03:34,301 [Worker-13: Building] INFO  o.a.m.s.f.DefaultMavenResourcesFiltering - Copying 0 resource from src\main\resources to target\classes
2025-10-15 10:03:34,307 [Worker-13: Building] INFO  o.a.m.s.f.DefaultMavenResourcesFiltering - skip non existing resourceDirectory C:\Users\2440888\OneDrive - Cognizant\Desktop\Health-Insurance-Claim\leave-service\src\test\resources
2025-10-15 10:03:34,663 [Worker-14: Updating Maven Project] INFO  o.e.m.c.i.p.ProjectConfigurationManager - Update started
2025-10-15 10:03:37,741 [Worker-14: Updating Maven Project] INFO  o.e.m.c.i.l.LifecycleMappingFactory - Using org.eclipse.m2e.jdt.JarLifecycleMapping lifecycle mapping for MavenProject: com.example.genc:department-service:0.0.1-SNAPSHOT @ C:\Users\2440888\OneDrive - Cognizant\Desktop\Health-Insurance-Claim\leave-service\pom.xml.
2025-10-15 10:03:47,783 [Worker-14: Updating Maven Project] INFO  o.e.m.j.i.AbstractJavaProjectConfigurator - Adding source folder /leave-service/src/main/java
2025-10-15 10:03:47,784 [Worker-14: Updating Maven Project] INFO  o.e.m.j.i.AbstractJavaProjectConfigurator - Adding resource folder /leave-service/src/main/resources
2025-10-15 10:03:47,789 [Worker-14: Updating Maven Project] INFO  o.e.m.j.i.AbstractJavaProjectConfigurator - Adding resource folder /leave-service/src/main/resources
2025-10-15 10:03:47,790 [Worker-14: Updating Maven Project] INFO  o.e.m.j.i.AbstractJavaProjectConfigurator - Adding source folder /leave-service/src/test/java
2025-10-15 10:03:47,793 [Worker-14: Updating Maven Project] INFO  o.e.m.j.i.AbstractJavaProjectConfigurator - Adding resource folder /leave-service/src/test/resources
2025-10-15 10:03:49,020 [Worker-14: Updating Maven Project] INFO  o.e.m.c.i.p.ProjectConfigurationManager - Update completed for 1 poms: local refresh takes 0.00 sec, refresh facades takes 12.00 sec, update config takes 1.00 sec 
2025-10-15 10:03:50,083 [Worker-5: Building] INFO  o.a.m.s.f.DefaultMavenResourcesFiltering - Copying 1 resource from src\main\resources to target\classes
2025-10-15 10:03:50,099 [Worker-5: Building] INFO  o.a.m.s.f.DefaultMavenResourcesFiltering - Copying 0 resource from src\main\resources to target\classes
2025-10-15 10:03:50,101 [Worker-5: Building] INFO  o.a.m.s.f.DefaultMavenResourcesFiltering - skip non existing resourceDirectory C:\Users\2440888\OneDrive - Cognizant\Desktop\Health-Insurance-Claim\leave-service\src\test\resources
2025-10-15 10:11:57,195 [Worker-6: Building] INFO  o.a.m.s.f.DefaultMavenResourcesFiltering - Copying 1 resource from src\main\resources to target\classes
2025-10-15 10:11:57,262 [Worker-6: Building] INFO  o.a.m.s.f.DefaultMavenResourcesFiltering - Copying 23 resources from src\main\resources to target\classes
2025-10-15 10:11:57,583 [Worker-6: Building] INFO  o.a.m.s.f.DefaultMavenResourcesFiltering - skip non existing resourceDirectory C:\Users\2440888\OneDrive - Cognizant\Desktop\Health-Insurance-Claim\health-insurance-claim\src\test\resources
2025-10-15 10:25:16,457 [Worker-1: Building] INFO  o.a.m.s.f.DefaultMavenResourcesFiltering - Copying 0 resource from src\main\resources to target\classes
2025-10-15 10:25:16,639 [Worker-1: Building] INFO  o.a.m.s.f.DefaultMavenResourcesFiltering - Copying 0 resource from src\main\resources to target\classes
2025-10-15 10:25:16,651 [Worker-1: Building] INFO  o.a.m.s.f.DefaultMavenResourcesFiltering - skip non existing resourceDirectory C:\Users\2440888\OneDrive - Cognizant\Desktop\Health-Insurance-Claim\health-insurance-claim\src\test\resources
2025-10-15 10:25:19,013 [Worker-18: Building] INFO  o.a.m.s.f.DefaultMavenResourcesFiltering - Copying 0 resource from src\main\resources to target\classes
2025-10-15 10:25:19,022 [Worker-18: Building] INFO  o.a.m.s.f.DefaultMavenResourcesFiltering - Copying 0 resource from src\main\resources to target\classes
2025-10-15 10:25:19,031 [Worker-18: Building] INFO  o.a.m.s.f.DefaultMavenResourcesFiltering - skip non existing resourceDirectory C:\Users\2440888\OneDrive - Cognizant\Desktop\Health-Insurance-Claim\health-insurance-claim\src\test\resources
2025-10-15 10:25:22,464 [Worker-16: Building] INFO  o.a.m.s.f.DefaultMavenResourcesFiltering - Copying 0 resource from src\main\resources to target\classes
2025-10-15 10:25:22,479 [Worker-16: Building] INFO  o.a.m.s.f.DefaultMavenResourcesFiltering - Copying 0 resource from src\main\resources to target\classes
2025-10-15 10:25:22,490 [Worker-16: Building] INFO  o.a.m.s.f.DefaultMavenResourcesFiltering - skip non existing resourceDirectory C:\Users\2440888\OneDrive - Cognizant\Desktop\Health-Insurance-Claim\health-insurance-claim\src\test\resources
2025-10-15 10:27:16,809 [Worker-16: Building] INFO  o.a.m.s.f.DefaultMavenResourcesFiltering - Copying 0 resource from src\main\resources to target\classes
2025-10-15 10:27:16,959 [Worker-16: Building] INFO  o.a.m.s.f.DefaultMavenResourcesFiltering - Copying 1 resource from src\main\resources to target\classes
2025-10-15 10:27:16,977 [Worker-16: Building] INFO  o.a.m.s.f.DefaultMavenResourcesFiltering - skip non existing resourceDirectory C:\Users\2440888\OneDrive - Cognizant\Desktop\Health-Insurance-Claim\health-insurance-claim\src\test\resources
2025-10-15 10:32:25,225 [Worker-17: Building] INFO  o.a.m.s.f.DefaultMavenResourcesFiltering - Copying 1 resource from src\main\resources to target\classes
2025-10-15 10:32:25,258 [Worker-17: Building] INFO  o.a.m.s.f.DefaultMavenResourcesFiltering - Copying 21 resources from src\main\resources to target\classes
2025-10-15 10:32:25,536 [Worker-17: Building] INFO  o.a.m.s.f.DefaultMavenResourcesFiltering - skip non existing resourceDirectory C:\Users\2440888\OneDrive - Cognizant\Desktop\Health-Insurance-Claim\health-insurance-claim\src\test\resources
2025-10-15 10:38:17,451 [Worker-13: Building] INFO  o.a.m.s.f.DefaultMavenResourcesFiltering - Copying 0 resource from src\main\resources to target\classes
2025-10-15 10:38:17,599 [Worker-13: Building] INFO  o.a.m.s.f.DefaultMavenResourcesFiltering - Copying 1 resource from src\main\resources to target\classes
2025-10-15 10:38:17,614 [Worker-13: Building] INFO  o.a.m.s.f.DefaultMavenResourcesFiltering - skip non existing resourceDirectory C:\Users\2440888\OneDrive - Cognizant\Desktop\Health-Insurance-Claim\health-insurance-claim\src\test\resources
2025-10-15 10:38:49,449 [Worker-1: Building] INFO  o.a.m.s.f.DefaultMavenResourcesFiltering - Copying 0 resource from src\main\resources to target\classes
2025-10-15 10:38:49,623 [Worker-1: Building] INFO  o.a.m.s.f.DefaultMavenResourcesFiltering - Copying 1 resource from src\main\resources to target\classes
2025-10-15 10:38:49,648 [Worker-1: Building] INFO  o.a.m.s.f.DefaultMavenResourcesFiltering - skip non existing resourceDirectory C:\Users\2440888\OneDrive - Cognizant\Desktop\Health-Insurance-Claim\health-insurance-claim\src\test\resources
2025-10-15 10:39:30,714 [Worker-9: Building] INFO  o.a.m.s.f.DefaultMavenResourcesFiltering - Copying 0 resource from src\main\resources to target\classes
2025-10-15 10:39:30,971 [Worker-9: Building] INFO  o.a.m.s.f.DefaultMavenResourcesFiltering - Copying 1 resource from src\main\resources to target\classes
2025-10-15 10:39:30,988 [Worker-9: Building] INFO  o.a.m.s.f.DefaultMavenResourcesFiltering - skip non existing resourceDirectory C:\Users\2440888\OneDrive - Cognizant\Desktop\Health-Insurance-Claim\health-insurance-claim\src\test\resources
2025-10-15 10:40:04,620 [Worker-9: Building] INFO  o.a.m.s.f.DefaultMavenResourcesFiltering - Copying 0 resource from src\main\resources to target\classes
2025-10-15 10:40:04,762 [Worker-9: Building] INFO  o.a.m.s.f.DefaultMavenResourcesFiltering - Copying 0 resource from src\main\resources to target\classes
2025-10-15 10:40:04,779 [Worker-9: Building] INFO  o.a.m.s.f.DefaultMavenResourcesFiltering - skip non existing resourceDirectory C:\Users\2440888\OneDrive - Cognizant\Desktop\Health-Insurance-Claim\health-insurance-claim\src\test\resources
2025-10-15 10:49:47,537 [Worker-1: Building] INFO  o.a.m.s.f.DefaultMavenResourcesFiltering - Copying 0 resource from src\main\resources to target\classes
2025-10-15 10:49:47,660 [Worker-1: Building] INFO  o.a.m.s.f.DefaultMavenResourcesFiltering - Copying 1 resource from src\main\resources to target\classes
2025-10-15 10:49:47,687 [Worker-1: Building] INFO  o.a.m.s.f.DefaultMavenResourcesFiltering - skip non existing resourceDirectory C:\Users\2440888\OneDrive - Cognizant\Desktop\Health-Insurance-Claim\health-insurance-claim\src\test\resources
2025-10-15 10:59:30,281 [Worker-18: Building] INFO  o.e.m.c.i.l.LifecycleMappingFactory - Using org.eclipse.m2e.jdt.JarLifecycleMapping lifecycle mapping for MavenProject: com.example.genc:hr-system-service-registry:0.0.1-SNAPSHOT @ C:\Users\2440888\OneDrive - Cognizant\Desktop\Health-Insurance-Claim\hr-system-service-gateway\pom.xml.
2025-10-15 10:59:41,666 [Worker-18: Building] INFO  o.a.m.s.f.DefaultMavenResourcesFiltering - Copying 1 resource from src\main\resources to target\classes
2025-10-15 10:59:41,725 [Worker-18: Building] INFO  o.a.m.s.f.DefaultMavenResourcesFiltering - Copying 0 resource from src\main\resources to target\classes
2025-10-15 10:59:41,738 [Worker-18: Building] INFO  o.a.m.s.f.DefaultMavenResourcesFiltering - skip non existing resourceDirectory C:\Users\2440888\OneDrive - Cognizant\Desktop\Health-Insurance-Claim\hr-system-service-gateway\src\test\resources
2025-10-15 10:59:43,103 [Worker-1: Building] INFO  o.a.m.s.f.DefaultMavenResourcesFiltering - Copying 1 resource from src\main\resources to target\classes
2025-10-15 10:59:43,106 [Worker-1: Building] INFO  o.a.m.s.f.DefaultMavenResourcesFiltering - Copying 0 resource from src\main\resources to target\classes
2025-10-15 10:59:43,114 [Worker-1: Building] INFO  o.a.m.s.f.DefaultMavenResourcesFiltering - skip non existing resourceDirectory C:\Users\2440888\OneDrive - Cognizant\Desktop\Health-Insurance-Claim\hr-system-service-gateway\src\test\resources
2025-10-15 11:00:30,690 [Worker-13: Building] INFO  o.e.m.c.i.l.LifecycleMappingFactory - Using org.eclipse.m2e.jdt.JarLifecycleMapping lifecycle mapping for MavenProject: com.example.genc:hr-system-service-registry:0.0.1-SNAPSHOT @ C:\Users\2440888\OneDrive - Cognizant\Desktop\Health-Insurance-Claim\hr-system-service-gateway\pom.xml.
2025-10-15 11:00:41,089 [Worker-13: Building] INFO  o.a.m.s.f.DefaultMavenResourcesFiltering - Copying 0 resource from src\main\resources to target\classes
2025-10-15 11:00:41,090 [Worker-13: Building] INFO  o.a.m.s.f.DefaultMavenResourcesFiltering - Copying 0 resource from src\main\resources to target\classes
2025-10-15 11:00:41,097 [Worker-13: Building] INFO  o.a.m.s.f.DefaultMavenResourcesFiltering - skip non existing resourceDirectory C:\Users\2440888\OneDrive - Cognizant\Desktop\Health-Insurance-Claim\hr-system-service-gateway\src\test\resources
2025-10-15 11:00:50,249 [Worker-0: Building] INFO  o.a.m.s.f.DefaultMavenResourcesFiltering - Copying 1 resource from src\main\resources to target\classes
2025-10-15 11:00:50,273 [Worker-0: Building] INFO  o.a.m.s.f.DefaultMavenResourcesFiltering - Copying 0 resource from src\main\resources to target\classes
2025-10-15 11:00:50,275 [Worker-0: Building] INFO  o.a.m.s.f.DefaultMavenResourcesFiltering - skip non existing resourceDirectory C:\Users\2440888\OneDrive - Cognizant\Desktop\Health-Insurance-Claim\hr-system-service-gateway\src\test\resources
2025-10-15 11:01:23,257 [Worker-18: Building] INFO  o.a.m.s.f.DefaultMavenResourcesFiltering - Copying 1 resource from src\main\resources to target\classes
2025-10-15 11:01:23,268 [Worker-18: Building] INFO  o.a.m.s.f.DefaultMavenResourcesFiltering - Copying 0 resource from src\main\resources to target\classes
2025-10-15 11:01:23,271 [Worker-18: Building] INFO  o.a.m.s.f.DefaultMavenResourcesFiltering - skip non existing resourceDirectory C:\Users\2440888\OneDrive - Cognizant\Desktop\Health-Insurance-Claim\hr-system-service-gateway\src\test\resources
2025-10-15 11:02:56,918 [Worker-17: Building] INFO  o.e.m.c.i.l.LifecycleMappingFactory - Using org.eclipse.m2e.jdt.JarLifecycleMapping lifecycle mapping for MavenProject: com.example.genc:hr-system-service-registry:0.0.1-SNAPSHOT @ C:\Users\2440888\OneDrive - Cognizant\Desktop\Health-Insurance-Claim\hr-system-service-gateway\pom.xml.
2025-10-15 11:03:06,756 [Worker-17: Building] INFO  o.a.m.s.f.DefaultMavenResourcesFiltering - Copying 0 resource from src\main\resources to target\classes
2025-10-15 11:03:06,758 [Worker-17: Building] INFO  o.a.m.s.f.DefaultMavenResourcesFiltering - Copying 0 resource from src\main\resources to target\classes
2025-10-15 11:03:06,782 [Worker-17: Building] INFO  o.a.m.s.f.DefaultMavenResourcesFiltering - skip non existing resourceDirectory C:\Users\2440888\OneDrive - Cognizant\Desktop\Health-Insurance-Claim\hr-system-service-gateway\src\test\resources
2025-10-15 11:03:07,113 [Worker-10: Updating Maven Project] INFO  o.e.m.c.i.p.ProjectConfigurationManager - Update started
2025-10-15 11:03:10,226 [Worker-10: Updating Maven Project] INFO  o.e.m.c.i.l.LifecycleMappingFactory - Using org.eclipse.m2e.jdt.JarLifecycleMapping lifecycle mapping for MavenProject: com.example.genc:hr-system-service-registry:0.0.1-SNAPSHOT @ C:\Users\2440888\OneDrive - Cognizant\Desktop\Health-Insurance-Claim\hr-system-service-gateway\pom.xml.
2025-10-15 11:03:19,440 [Worker-10: Updating Maven Project] INFO  o.e.m.j.i.AbstractJavaProjectConfigurator - Adding source folder /hr-system-service-gateway/src/main/java
2025-10-15 11:03:19,442 [Worker-10: Updating Maven Project] INFO  o.e.m.j.i.AbstractJavaProjectConfigurator - Adding resource folder /hr-system-service-gateway/src/main/resources
2025-10-15 11:03:19,443 [Worker-10: Updating Maven Project] INFO  o.e.m.j.i.AbstractJavaProjectConfigurator - Adding resource folder /hr-system-service-gateway/src/main/resources
2025-10-15 11:03:19,443 [Worker-10: Updating Maven Project] INFO  o.e.m.j.i.AbstractJavaProjectConfigurator - Adding source folder /hr-system-service-gateway/src/test/java
2025-10-15 11:03:19,443 [Worker-10: Updating Maven Project] INFO  o.e.m.j.i.AbstractJavaProjectConfigurator - Adding resource folder /hr-system-service-gateway/src/test/resources
2025-10-15 11:03:20,795 [Worker-10: Updating Maven Project] INFO  o.e.m.c.i.p.ProjectConfigurationManager - Update completed for 1 poms: local refresh takes 0.00 sec, refresh facades takes 12.00 sec, update config takes 1.00 sec 
2025-10-15 11:03:21,911 [Worker-12: Building] INFO  o.a.m.s.f.DefaultMavenResourcesFiltering - Copying 1 resource from src\main\resources to target\classes
2025-10-15 11:03:21,933 [Worker-12: Building] INFO  o.a.m.s.f.DefaultMavenResourcesFiltering - Copying 0 resource from src\main\resources to target\classes
2025-10-15 11:03:21,943 [Worker-12: Building] INFO  o.a.m.s.f.DefaultMavenResourcesFiltering - skip non existing resourceDirectory C:\Users\2440888\OneDrive - Cognizant\Desktop\Health-Insurance-Claim\hr-system-service-gateway\src\test\resources
2025-10-15 11:03:42,597 [Worker-18: Building] INFO  o.a.m.s.f.DefaultMavenResourcesFiltering - Copying 0 resource from src\main\resources to target\classes
2025-10-15 11:03:42,829 [Worker-18: Building] INFO  o.a.m.s.f.DefaultMavenResourcesFiltering - Copying 1 resource from src\main\resources to target\classes
2025-10-15 11:03:42,859 [Worker-18: Building] INFO  o.a.m.s.f.DefaultMavenResourcesFiltering - skip non existing resourceDirectory C:\Users\2440888\OneDrive - Cognizant\Desktop\Health-Insurance-Claim\health-insurance-claim\src\test\resources
2025-10-15 11:04:20,440 [Worker-10: Building] INFO  o.a.m.s.f.DefaultMavenResourcesFiltering - Copying 1 resource from src\main\resources to target\classes
2025-10-15 11:04:20,486 [Worker-10: Building] INFO  o.a.m.s.f.DefaultMavenResourcesFiltering - Copying 0 resource from src\main\resources to target\classes
2025-10-15 11:04:20,497 [Worker-10: Building] INFO  o.a.m.s.f.DefaultMavenResourcesFiltering - skip non existing resourceDirectory C:\Users\2440888\OneDrive - Cognizant\Desktop\Health-Insurance-Claim\hr-system-service-gateway\src\test\resources
2025-10-15 11:13:55,365 [Worker-6: Building] INFO  o.a.m.s.f.DefaultMavenResourcesFiltering - Copying 1 resource from src\main\resources to target\classes
2025-10-15 11:13:55,386 [Worker-6: Building] INFO  o.a.m.s.f.DefaultMavenResourcesFiltering - Copying 0 resource from src\main\resources to target\classes
2025-10-15 11:13:55,389 [Worker-6: Building] INFO  o.a.m.s.f.DefaultMavenResourcesFiltering - skip non existing resourceDirectory C:\Users\2440888\OneDrive - Cognizant\Desktop\Health-Insurance-Claim\hr-system-service-gateway\src\test\resources
2025-10-15 11:18:29,233 [Worker-6: Building] INFO  o.a.m.s.f.DefaultMavenResourcesFiltering - Copying 0 resource from src\main\resources to target\classes
2025-10-15 11:18:29,235 [Worker-6: Building] INFO  o.a.m.s.f.DefaultMavenResourcesFiltering - Copying 1 resource from src\main\resources to target\classes
2025-10-15 11:18:29,251 [Worker-6: Building] INFO  o.a.m.s.f.DefaultMavenResourcesFiltering - skip non existing resourceDirectory C:\Users\2440888\OneDrive - Cognizant\Desktop\Health-Insurance-Claim\hr-system-service-gateway\src\test\resources
2025-10-15 11:18:41,816 [Worker-12: Building] INFO  o.a.m.s.f.DefaultMavenResourcesFiltering - Copying 0 resource from src\main\resources to target\classes
2025-10-15 11:18:41,817 [Worker-12: Building] INFO  o.a.m.s.f.DefaultMavenResourcesFiltering - Copying 0 resource from src\main\resources to target\classes
2025-10-15 11:18:41,830 [Worker-12: Building] INFO  o.a.m.s.f.DefaultMavenResourcesFiltering - skip non existing resourceDirectory C:\Users\2440888\OneDrive - Cognizant\Desktop\Health-Insurance-Claim\hr-system-service-gateway\src\test\resources
2025-10-15 11:21:33,785 [Worker-1: Building] INFO  o.e.m.c.i.l.LifecycleMappingFactory - Using org.eclipse.m2e.jdt.JarLifecycleMapping lifecycle mapping for MavenProject: com.example.genc:hr-system-service-registry:0.0.1-SNAPSHOT @ C:\Users\2440888\OneDrive - Cognizant\Desktop\Health-Insurance-Claim\hr-system-service-gateway\pom.xml.
2025-10-15 11:21:41,688 [Worker-1: Building] INFO  o.e.m.c.i.e.AbstractTransferListenerAdapter - Downloading https://repo.maven.apache.org/maven2/org/springframework/cloud/spring-cloud-starter-gateway-server-webmvc/4.3.0/spring-cloud-starter-gateway-server-webmvc-4.3.0.pom
2025-10-15 11:21:41,734 [Worker-1: Building] INFO  o.e.m.c.i.e.AbstractTransferListenerAdapter - Downloaded https://repo.maven.apache.org/maven2/org/springframework/cloud/spring-cloud-starter-gateway-server-webmvc/4.3.0/spring-cloud-starter-gateway-server-webmvc-4.3.0.pom
2025-10-15 11:21:41,850 [Worker-1: Building] INFO  o.e.m.c.i.e.AbstractTransferListenerAdapter - Downloading https://repo.maven.apache.org/maven2/org/springframework/cloud/spring-cloud-gateway/4.3.0/spring-cloud-gateway-4.3.0.pom
2025-10-15 11:21:41,889 [Worker-1: Building] INFO  o.e.m.c.i.e.AbstractTransferListenerAdapter - Downloaded https://repo.maven.apache.org/maven2/org/springframework/cloud/spring-cloud-gateway/4.3.0/spring-cloud-gateway-4.3.0.pom
2025-10-15 11:21:42,002 [Worker-1: Building] INFO  o.e.m.c.i.e.AbstractTransferListenerAdapter - Downloading https://repo.maven.apache.org/maven2/org/springframework/cloud/spring-cloud-gateway-server-webmvc/4.3.0/spring-cloud-gateway-server-webmvc-4.3.0.pom
2025-10-15 11:21:42,039 [Worker-1: Building] INFO  o.e.m.c.i.e.AbstractTransferListenerAdapter - Downloaded https://repo.maven.apache.org/maven2/org/springframework/cloud/spring-cloud-gateway-server-webmvc/4.3.0/spring-cloud-gateway-server-webmvc-4.3.0.pom
2025-10-15 11:21:42,141 [Worker-1: Building] INFO  o.e.m.c.i.e.AbstractTransferListenerAdapter - Downloading https://repo.maven.apache.org/maven2/org/springframework/cloud/spring-cloud-gateway-server-mvc/4.3.0/spring-cloud-gateway-server-mvc-4.3.0.pom
2025-10-15 11:21:42,171 [Worker-1: Building] INFO  o.e.m.c.i.e.AbstractTransferListenerAdapter - Downloaded https://repo.maven.apache.org/maven2/org/springframework/cloud/spring-cloud-gateway-server-mvc/4.3.0/spring-cloud-gateway-server-mvc-4.3.0.pom
2025-10-15 11:21:42,597 [Worker-1: Building] INFO  o.e.m.c.i.e.AbstractTransferListenerAdapter - Downloading https://repo.maven.apache.org/maven2/org/springframework/boot/spring-boot-properties-migrator/3.5.6/spring-boot-properties-migrator-3.5.6.pom
2025-10-15 11:21:42,639 [Worker-1: Building] INFO  o.e.m.c.i.e.AbstractTransferListenerAdapter - Downloaded https://repo.maven.apache.org/maven2/org/springframework/boot/spring-boot-properties-migrator/3.5.6/spring-boot-properties-migrator-3.5.6.pom
2025-10-15 11:21:42,749 [Worker-1: Building] INFO  o.e.m.c.i.e.AbstractTransferListenerAdapter - Downloading https://repo.maven.apache.org/maven2/org/springframework/boot/spring-boot-configuration-metadata/3.5.6/spring-boot-configuration-metadata-3.5.6.pom
2025-10-15 11:21:42,793 [Worker-1: Building] INFO  o.e.m.c.i.e.AbstractTransferListenerAdapter - Downloaded https://repo.maven.apache.org/maven2/org/springframework/boot/spring-boot-configuration-metadata/3.5.6/spring-boot-configuration-metadata-3.5.6.pom
2025-10-15 11:21:43,314 [Worker-1: Building] INFO  o.e.m.c.i.e.AbstractTransferListenerAdapter - Downloading https://repo.maven.apache.org/maven2/org/springframework/cloud/spring-cloud-starter-gateway-server-webmvc/4.3.0/spring-cloud-starter-gateway-server-webmvc-4.3.0.jar
2025-10-15 11:21:43,362 [Worker-1: Building] INFO  o.e.m.c.i.e.AbstractTransferListenerAdapter - Downloaded https://repo.maven.apache.org/maven2/org/springframework/cloud/spring-cloud-starter-gateway-server-webmvc/4.3.0/spring-cloud-starter-gateway-server-webmvc-4.3.0.jar
2025-10-15 11:21:43,433 [BasicRepositoryConnector-repo.maven.apache.org-1-0] INFO  o.e.m.c.i.e.AbstractTransferListenerAdapter - Downloading https://repo.maven.apache.org/maven2/org/springframework/cloud/spring-cloud-gateway-server-webmvc/4.3.0/spring-cloud-gateway-server-webmvc-4.3.0.jar
2025-10-15 11:21:43,502 [BasicRepositoryConnector-repo.maven.apache.org-1-0] INFO  o.e.m.c.i.e.AbstractTransferListenerAdapter - Downloaded https://repo.maven.apache.org/maven2/org/springframework/cloud/spring-cloud-gateway-server-webmvc/4.3.0/spring-cloud-gateway-server-webmvc-4.3.0.jar
2025-10-15 11:21:43,608 [BasicRepositoryConnector-repo.maven.apache.org-1-1] INFO  o.e.m.c.i.e.AbstractTransferListenerAdapter - Downloading https://repo.maven.apache.org/maven2/org/springframework/cloud/spring-cloud-gateway-server-mvc/4.3.0/spring-cloud-gateway-server-mvc-4.3.0.jar
2025-10-15 11:21:43,625 [BasicRepositoryConnector-repo.maven.apache.org-1-3] INFO  o.e.m.c.i.e.AbstractTransferListenerAdapter - Downloading https://repo.maven.apache.org/maven2/org/springframework/boot/spring-boot-configuration-metadata/3.5.6/spring-boot-configuration-metadata-3.5.6.jar
2025-10-15 11:21:43,644 [BasicRepositoryConnector-repo.maven.apache.org-1-2] INFO  o.e.m.c.i.e.AbstractTransferListenerAdapter - Downloading https://repo.maven.apache.org/maven2/org/springframework/boot/spring-boot-properties-migrator/3.5.6/spring-boot-properties-migrator-3.5.6.jar
2025-10-15 11:21:43,787 [BasicRepositoryConnector-repo.maven.apache.org-1-3] INFO  o.e.m.c.i.e.AbstractTransferListenerAdapter - Downloaded https://repo.maven.apache.org/maven2/org/springframework/boot/spring-boot-configuration-metadata/3.5.6/spring-boot-configuration-metadata-3.5.6.jar
2025-10-15 11:21:43,787 [BasicRepositoryConnector-repo.maven.apache.org-1-2] INFO  o.e.m.c.i.e.AbstractTransferListenerAdapter - Downloaded https://repo.maven.apache.org/maven2/org/springframework/boot/spring-boot-properties-migrator/3.5.6/spring-boot-properties-migrator-3.5.6.jar
2025-10-15 11:21:43,978 [BasicRepositoryConnector-repo.maven.apache.org-1-1] INFO  o.e.m.c.i.e.AbstractTransferListenerAdapter - Downloaded https://repo.maven.apache.org/maven2/org/springframework/cloud/spring-cloud-gateway-server-mvc/4.3.0/spring-cloud-gateway-server-mvc-4.3.0.jar
2025-10-15 11:21:47,093 [Worker-1: Building] INFO  o.a.m.s.f.DefaultMavenResourcesFiltering - Copying 0 resource from src\main\resources to target\classes
2025-10-15 11:21:47,094 [Worker-1: Building] INFO  o.a.m.s.f.DefaultMavenResourcesFiltering - Copying 0 resource from src\main\resources to target\classes
2025-10-15 11:21:47,097 [Worker-1: Building] INFO  o.a.m.s.f.DefaultMavenResourcesFiltering - skip non existing resourceDirectory C:\Users\2440888\OneDrive - Cognizant\Desktop\Health-Insurance-Claim\hr-system-service-gateway\src\test\resources
2025-10-15 11:21:47,468 [Worker-13: Download sources and javadoc] INFO  o.e.m.c.i.e.AbstractTransferListenerAdapter - Downloaded https://repo.maven.apache.org/maven2/org/springframework/cloud/spring-cloud-starter-gateway-server-webmvc/4.3.0/spring-cloud-starter-gateway-server-webmvc-4.3.0-sources.jar
2025-10-15 11:21:47,474 [Worker-13: Download sources and javadoc] ERROR o.e.m.j.internal.DownloadSourcesJob - Could not download sources for org.springframework.cloud:spring-cloud-starter-gateway-server-webmvc:4.3.0
org.eclipse.core.runtime.CoreException: Could not resolve artifact org.springframework.cloud:spring-cloud-starter-gateway-server-webmvc:jar:sources:4.3.0
	at org.eclipse.m2e.core.internal.embedder.MavenImpl.lambda$7(MavenImpl.java:540)
	at org.eclipse.m2e.core.internal.embedder.MavenExecutionContext.executeBare(MavenExecutionContext.java:458)
	at org.eclipse.m2e.core.internal.embedder.MavenExecutionContext.execute(MavenExecutionContext.java:292)
	at org.eclipse.m2e.core.internal.embedder.MavenExecutionContext.execute(MavenExecutionContext.java:278)
	at org.eclipse.m2e.core.internal.embedder.MavenImpl.resolve(MavenImpl.java:509)
	at org.eclipse.m2e.core.internal.embedder.MavenImpl.resolve(MavenImpl.java:494)
	at org.eclipse.m2e.jdt.internal.DownloadSourcesJob.download(DownloadSourcesJob.java:308)
	at org.eclipse.m2e.jdt.internal.DownloadSourcesJob.downloadAttachments(DownloadSourcesJob.java:282)
	at org.eclipse.m2e.jdt.internal.DownloadSourcesJob.downloadMaven(DownloadSourcesJob.java:252)
	at org.eclipse.m2e.jdt.internal.DownloadSourcesJob.downloadFilesAndPopulateToUpdate(DownloadSourcesJob.java:220)
	at org.eclipse.m2e.jdt.internal.DownloadSourcesJob.lambda$0(DownloadSourcesJob.java:149)
	at org.eclipse.m2e.core.internal.embedder.MavenExecutionContext.executeBare(MavenExecutionContext.java:458)
	at org.eclipse.m2e.core.internal.embedder.MavenExecutionContext.execute(MavenExecutionContext.java:339)
	at org.eclipse.m2e.core.internal.embedder.MavenExecutionContext.execute(MavenExecutionContext.java:278)
	at org.eclipse.m2e.core.embedder.IMaven.execute(IMaven.java:300)
	at org.eclipse.m2e.jdt.internal.DownloadSourcesJob.run(DownloadSourcesJob.java:149)
	at org.eclipse.core.internal.jobs.Worker.run(Worker.java:63)
2025-10-15 11:21:47,595 [Worker-12: Updating Maven Project] INFO  o.e.m.c.i.p.ProjectConfigurationManager - Update started
2025-10-15 11:21:47,674 [Worker-13: Download sources and javadoc] INFO  o.e.m.c.i.e.AbstractTransferListenerAdapter - Downloading https://repo.maven.apache.org/maven2/org/springframework/cloud/spring-cloud-gateway-server-webmvc/4.3.0/spring-cloud-gateway-server-webmvc-4.3.0-sources.jar
2025-10-15 11:21:47,790 [Worker-13: Download sources and javadoc] INFO  o.e.m.c.i.e.AbstractTransferListenerAdapter - Downloaded https://repo.maven.apache.org/maven2/org/springframework/cloud/spring-cloud-gateway-server-webmvc/4.3.0/spring-cloud-gateway-server-webmvc-4.3.0-sources.jar
2025-10-15 11:21:47,800 [Worker-13: Download sources and javadoc] INFO  o.e.m.j.internal.DownloadSourcesJob - Downloaded sources for org.springframework.cloud:spring-cloud-gateway-server-webmvc:4.3.0
2025-10-15 11:21:59,437 [Worker-13: Download sources and javadoc] INFO  o.e.m.c.i.e.AbstractTransferListenerAdapter - Downloading https://repo.maven.apache.org/maven2/org/springframework/cloud/spring-cloud-gateway-server-mvc/4.3.0/spring-cloud-gateway-server-mvc-4.3.0-sources.jar
2025-10-15 11:21:59,732 [Worker-13: Download sources and javadoc] INFO  o.e.m.c.i.e.AbstractTransferListenerAdapter - Downloaded https://repo.maven.apache.org/maven2/org/springframework/cloud/spring-cloud-gateway-server-mvc/4.3.0/spring-cloud-gateway-server-mvc-4.3.0-sources.jar
2025-10-15 11:21:59,736 [Worker-12: Updating Maven Project] INFO  o.e.m.c.i.l.LifecycleMappingFactory - Using org.eclipse.m2e.jdt.JarLifecycleMapping lifecycle mapping for MavenProject: com.example.genc:hr-system-service-registry:0.0.1-SNAPSHOT @ C:\Users\2440888\OneDrive - Cognizant\Desktop\Health-Insurance-Claim\hr-system-service-gateway\pom.xml.
2025-10-15 11:21:59,747 [Worker-13: Download sources and javadoc] INFO  o.e.m.j.internal.DownloadSourcesJob - Downloaded sources for org.springframework.cloud:spring-cloud-gateway-server-mvc:4.3.0
2025-10-15 11:22:00,002 [Worker-13: Download sources and javadoc] INFO  o.e.m.c.i.e.AbstractTransferListenerAdapter - Downloading https://repo.maven.apache.org/maven2/org/springframework/boot/spring-boot-properties-migrator/3.5.6/spring-boot-properties-migrator-3.5.6-sources.jar
2025-10-15 11:22:00,079 [Worker-13: Download sources and javadoc] INFO  o.e.m.c.i.e.AbstractTransferListenerAdapter - Downloaded https://repo.maven.apache.org/maven2/org/springframework/boot/spring-boot-properties-migrator/3.5.6/spring-boot-properties-migrator-3.5.6-sources.jar
2025-10-15 11:22:00,088 [Worker-13: Download sources and javadoc] INFO  o.e.m.j.internal.DownloadSourcesJob - Downloaded sources for org.springframework.boot:spring-boot-properties-migrator:3.5.6
2025-10-15 11:22:00,307 [Worker-13: Download sources and javadoc] INFO  o.e.m.c.i.e.AbstractTransferListenerAdapter - Downloading https://repo.maven.apache.org/maven2/org/springframework/boot/spring-boot-configuration-metadata/3.5.6/spring-boot-configuration-metadata-3.5.6-sources.jar
2025-10-15 11:22:00,389 [Worker-13: Download sources and javadoc] INFO  o.e.m.c.i.e.AbstractTransferListenerAdapter - Downloaded https://repo.maven.apache.org/maven2/org/springframework/boot/spring-boot-configuration-metadata/3.5.6/spring-boot-configuration-metadata-3.5.6-sources.jar
2025-10-15 11:22:00,398 [Worker-13: Download sources and javadoc] INFO  o.e.m.j.internal.DownloadSourcesJob - Downloaded sources for org.springframework.boot:spring-boot-configuration-metadata:3.5.6
2025-10-15 11:22:04,456 [Worker-12: Updating Maven Project] INFO  o.e.m.j.i.AbstractJavaProjectConfigurator - Adding source folder /hr-system-service-gateway/src/main/java
2025-10-15 11:22:04,457 [Worker-12: Updating Maven Project] INFO  o.e.m.j.i.AbstractJavaProjectConfigurator - Adding resource folder /hr-system-service-gateway/src/main/resources
2025-10-15 11:22:04,457 [Worker-12: Updating Maven Project] INFO  o.e.m.j.i.AbstractJavaProjectConfigurator - Adding resource folder /hr-system-service-gateway/src/main/resources
2025-10-15 11:22:04,457 [Worker-12: Updating Maven Project] INFO  o.e.m.j.i.AbstractJavaProjectConfigurator - Adding source folder /hr-system-service-gateway/src/test/java
2025-10-15 11:22:04,459 [Worker-12: Updating Maven Project] INFO  o.e.m.j.i.AbstractJavaProjectConfigurator - Adding resource folder /hr-system-service-gateway/src/test/resources
2025-10-15 11:22:05,276 [Worker-12: Updating Maven Project] INFO  o.e.m.c.i.p.ProjectConfigurationManager - Update completed for 1 poms: local refresh takes 0.00 sec, refresh facades takes 16.00 sec, update config takes 0.00 sec 
2025-10-15 11:22:06,833 [Worker-10: Building] INFO  o.a.m.s.f.DefaultMavenResourcesFiltering - Copying 1 resource from src\main\resources to target\classes
2025-10-15 11:22:06,847 [Worker-10: Building] INFO  o.a.m.s.f.DefaultMavenResourcesFiltering - Copying 0 resource from src\main\resources to target\classes
2025-10-15 11:22:06,853 [Worker-10: Building] INFO  o.a.m.s.f.DefaultMavenResourcesFiltering - skip non existing resourceDirectory C:\Users\2440888\OneDrive - Cognizant\Desktop\Health-Insurance-Claim\hr-system-service-gateway\src\test\resources
2025-10-15 11:22:35,825 [Worker-13: Download sources and javadoc] INFO  o.e.m.c.i.e.AbstractTransferListenerAdapter - Downloaded https://repo.maven.apache.org/maven2/org/springframework/cloud/spring-cloud-starter-gateway-server-webmvc/4.3.0/spring-cloud-starter-gateway-server-webmvc-4.3.0-javadoc.jar
2025-10-15 11:22:35,830 [Worker-13: Download sources and javadoc] ERROR o.e.m.j.internal.DownloadSourcesJob - Could not download javadoc for org.springframework.cloud:spring-cloud-starter-gateway-server-webmvc:4.3.0
org.eclipse.core.runtime.CoreException: Could not resolve artifact org.springframework.cloud:spring-cloud-starter-gateway-server-webmvc:jar:javadoc:4.3.0
	at org.eclipse.m2e.core.internal.embedder.MavenImpl.lambda$7(MavenImpl.java:540)
	at org.eclipse.m2e.core.internal.embedder.MavenExecutionContext.executeBare(MavenExecutionContext.java:458)
	at org.eclipse.m2e.core.internal.embedder.MavenExecutionContext.execute(MavenExecutionContext.java:292)
	at org.eclipse.m2e.core.internal.embedder.MavenExecutionContext.execute(MavenExecutionContext.java:278)
	at org.eclipse.m2e.core.internal.embedder.MavenImpl.resolve(MavenImpl.java:509)
	at org.eclipse.m2e.core.internal.embedder.MavenImpl.resolve(MavenImpl.java:494)
	at org.eclipse.m2e.jdt.internal.DownloadSourcesJob.download(DownloadSourcesJob.java:308)
	at org.eclipse.m2e.jdt.internal.DownloadSourcesJob.downloadAttachments(DownloadSourcesJob.java:294)
	at org.eclipse.m2e.jdt.internal.DownloadSourcesJob.downloadMaven(DownloadSourcesJob.java:252)
	at org.eclipse.m2e.jdt.internal.DownloadSourcesJob.downloadFilesAndPopulateToUpdate(DownloadSourcesJob.java:220)
	at org.eclipse.m2e.jdt.internal.DownloadSourcesJob.lambda$0(DownloadSourcesJob.java:149)
	at org.eclipse.m2e.core.internal.embedder.MavenExecutionContext.executeBare(MavenExecutionContext.java:458)
	at org.eclipse.m2e.core.internal.embedder.MavenExecutionContext.execute(MavenExecutionContext.java:339)
	at org.eclipse.m2e.core.internal.embedder.MavenExecutionContext.execute(MavenExecutionContext.java:278)
	at org.eclipse.m2e.core.embedder.IMaven.execute(IMaven.java:300)
	at org.eclipse.m2e.jdt.internal.DownloadSourcesJob.run(DownloadSourcesJob.java:149)
	at org.eclipse.core.internal.jobs.Worker.run(Worker.java:63)
2025-10-15 11:26:08,909 [Worker-1: Building] INFO  o.a.m.s.f.DefaultMavenResourcesFiltering - Copying 1 resource from src\main\resources to target\classes
2025-10-15 11:26:08,959 [Worker-1: Building] INFO  o.a.m.s.f.DefaultMavenResourcesFiltering - Copying 0 resource from src\main\resources to target\classes
2025-10-15 11:26:08,968 [Worker-1: Building] INFO  o.a.m.s.f.DefaultMavenResourcesFiltering - skip non existing resourceDirectory C:\Users\2440888\OneDrive - Cognizant\Desktop\Health-Insurance-Claim\hr-system-service-gateway\src\test\resources
2025-10-15 11:28:19,067 [Worker-18: Building] INFO  o.a.m.s.f.DefaultMavenResourcesFiltering - Copying 1 resource from src\main\resources to target\classes
2025-10-15 11:28:19,090 [Worker-18: Building] INFO  o.a.m.s.f.DefaultMavenResourcesFiltering - Copying 0 resource from src\main\resources to target\classes
2025-10-15 11:28:19,097 [Worker-18: Building] INFO  o.a.m.s.f.DefaultMavenResourcesFiltering - skip non existing resourceDirectory C:\Users\2440888\OneDrive - Cognizant\Desktop\Health-Insurance-Claim\hr-system-service-gateway\src\test\resources
2025-10-15 11:29:21,713 [Worker-19: Building] INFO  o.e.m.c.i.l.LifecycleMappingFactory - Using org.eclipse.m2e.jdt.JarLifecycleMapping lifecycle mapping for MavenProject: com.example.genc:leave-service:0.0.1-SNAPSHOT @ C:\Users\2440888\OneDrive - Cognizant\Desktop\Health-Insurance-Claim\leave-service\pom.xml.
2025-10-15 11:29:23,858 [Worker-19: Building] INFO  o.a.m.s.f.DefaultMavenResourcesFiltering - Copying 0 resource from src\main\resources to target\classes
2025-10-15 11:29:23,860 [Worker-19: Building] INFO  o.a.m.s.f.DefaultMavenResourcesFiltering - Copying 0 resource from src\main\resources to target\classes
2025-10-15 11:29:23,864 [Worker-19: Building] INFO  o.a.m.s.f.DefaultMavenResourcesFiltering - skip non existing resourceDirectory C:\Users\2440888\OneDrive - Cognizant\Desktop\Health-Insurance-Claim\leave-service\src\test\resources
2025-10-15 11:30:19,418 [Worker-18: Building] INFO  o.e.m.c.i.l.LifecycleMappingFactory - Using org.eclipse.m2e.jdt.JarLifecycleMapping lifecycle mapping for MavenProject: com.example.genc:loan-service:0.0.1-SNAPSHOT @ C:\Users\2440888\OneDrive - Cognizant\Desktop\Health-Insurance-Claim\loan-service\pom.xml.
2025-10-15 11:30:29,274 [Worker-18: Building] INFO  o.a.m.s.f.DefaultMavenResourcesFiltering - Copying 0 resource from src\main\resources to target\classes
2025-10-15 11:30:29,276 [Worker-18: Building] INFO  o.a.m.s.f.DefaultMavenResourcesFiltering - Copying 0 resource from src\main\resources to target\classes
2025-10-15 11:30:29,280 [Worker-18: Building] INFO  o.a.m.s.f.DefaultMavenResourcesFiltering - skip non existing resourceDirectory C:\Users\2440888\OneDrive - Cognizant\Desktop\Health-Insurance-Claim\loan-service\src\test\resources
2025-10-15 11:35:53,988 [Worker-18: Building] INFO  o.a.m.s.f.DefaultMavenResourcesFiltering - Copying 1 resource from src\main\resources to target\classes
2025-10-15 11:35:54,022 [Worker-18: Building] INFO  o.a.m.s.f.DefaultMavenResourcesFiltering - Copying 20 resources from src\main\resources to target\classes
2025-10-15 11:35:54,252 [Worker-18: Building] INFO  o.a.m.s.f.DefaultMavenResourcesFiltering - skip non existing resourceDirectory C:\Users\2440888\OneDrive - Cognizant\Desktop\Health-Insurance-Claim\health-insurance-claim\src\test\resources
2025-10-15 11:49:27,932 [Worker-6: Building] INFO  o.a.m.s.f.DefaultMavenResourcesFiltering - Copying 1 resource from src\main\resources to target\classes
2025-10-15 11:49:27,965 [Worker-6: Building] INFO  o.a.m.s.f.DefaultMavenResourcesFiltering - Copying 20 resources from src\main\resources to target\classes
2025-10-15 11:49:28,197 [Worker-6: Building] INFO  o.a.m.s.f.DefaultMavenResourcesFiltering - skip non existing resourceDirectory C:\Users\2440888\OneDrive - Cognizant\Desktop\Health-Insurance-Claim\health-insurance-claim\src\test\resources
2025-10-15 11:49:39,371 [Worker-13: Building] INFO  o.a.m.s.f.DefaultMavenResourcesFiltering - Copying 1 resource from src\main\resources to target\classes
2025-10-15 11:49:39,394 [Worker-13: Building] INFO  o.a.m.s.f.DefaultMavenResourcesFiltering - Copying 20 resources from src\main\resources to target\classes
2025-10-15 11:49:39,643 [Worker-13: Building] INFO  o.a.m.s.f.DefaultMavenResourcesFiltering - skip non existing resourceDirectory C:\Users\2440888\OneDrive - Cognizant\Desktop\Health-Insurance-Claim\health-insurance-claim\src\test\resources
2025-10-15 11:49:51,754 [Worker-13: Building] INFO  o.a.m.s.f.DefaultMavenResourcesFiltering - Copying 1 resource from src\main\resources to target\classes
2025-10-15 11:49:51,774 [Worker-13: Building] INFO  o.a.m.s.f.DefaultMavenResourcesFiltering - Copying 20 resources from src\main\resources to target\classes
2025-10-15 11:49:52,009 [Worker-13: Building] INFO  o.a.m.s.f.DefaultMavenResourcesFiltering - skip non existing resourceDirectory C:\Users\2440888\OneDrive - Cognizant\Desktop\Health-Insurance-Claim\health-insurance-claim\src\test\resources
2025-10-15 11:53:25,250 [Worker-5: Building] INFO  o.a.m.s.f.DefaultMavenResourcesFiltering - Copying 0 resource from src\main\resources to target\classes
2025-10-15 11:53:25,357 [Worker-5: Building] INFO  o.a.m.s.f.DefaultMavenResourcesFiltering - Copying 1 resource from src\main\resources to target\classes
2025-10-15 11:53:25,368 [Worker-5: Building] INFO  o.a.m.s.f.DefaultMavenResourcesFiltering - skip non existing resourceDirectory C:\Users\2440888\OneDrive - Cognizant\Desktop\Health-Insurance-Claim\health-insurance-claim\src\test\resources
2025-10-15 11:54:57,805 [Worker-20: Building] INFO  o.a.m.s.f.DefaultMavenResourcesFiltering - Copying 1 resource from src\main\resources to target\classes
2025-10-15 11:54:57,827 [Worker-20: Building] INFO  o.a.m.s.f.DefaultMavenResourcesFiltering - Copying 20 resources from src\main\resources to target\classes
2025-10-15 11:54:58,073 [Worker-20: Building] INFO  o.a.m.s.f.DefaultMavenResourcesFiltering - skip non existing resourceDirectory C:\Users\2440888\OneDrive - Cognizant\Desktop\Health-Insurance-Claim\health-insurance-claim\src\test\resources
2025-10-15 11:55:04,206 [Worker-9: Building] INFO  o.a.m.s.f.DefaultMavenResourcesFiltering - Copying 1 resource from src\main\resources to target\classes
2025-10-15 11:55:04,215 [Worker-9: Building] INFO  o.a.m.s.f.DefaultMavenResourcesFiltering - Copying 20 resources from src\main\resources to target\classes
2025-10-15 11:55:04,231 [Worker-9: Building] INFO  o.a.m.s.f.DefaultMavenResourcesFiltering - skip non existing resourceDirectory C:\Users\2440888\OneDrive - Cognizant\Desktop\Health-Insurance-Claim\health-insurance-claim\src\test\resources
2025-10-15 12:02:08,260 [Worker-9: Building] INFO  o.a.m.s.f.DefaultMavenResourcesFiltering - Copying 1 resource from src\main\resources to target\classes
2025-10-15 12:02:08,291 [Worker-9: Building] INFO  o.a.m.s.f.DefaultMavenResourcesFiltering - Copying 21 resources from src\main\resources to target\classes
2025-10-15 12:02:08,558 [Worker-9: Building] INFO  o.a.m.s.f.DefaultMavenResourcesFiltering - skip non existing resourceDirectory C:\Users\2440888\OneDrive - Cognizant\Desktop\Health-Insurance-Claim\health-insurance-claim\src\test\resources
2025-10-15 12:02:20,543 [Worker-9: Building] INFO  o.a.m.s.f.DefaultMavenResourcesFiltering - Copying 1 resource from src\main\resources to target\classes
2025-10-15 12:02:20,572 [Worker-9: Building] INFO  o.a.m.s.f.DefaultMavenResourcesFiltering - Copying 21 resources from src\main\resources to target\classes
2025-10-15 12:02:20,813 [Worker-9: Building] INFO  o.a.m.s.f.DefaultMavenResourcesFiltering - skip non existing resourceDirectory C:\Users\2440888\OneDrive - Cognizant\Desktop\Health-Insurance-Claim\health-insurance-claim\src\test\resources
2025-10-15 12:02:47,575 [Worker-15: Building] INFO  o.a.m.s.f.DefaultMavenResourcesFiltering - Copying 0 resource from src\main\resources to target\classes
2025-10-15 12:02:47,695 [Worker-15: Building] INFO  o.a.m.s.f.DefaultMavenResourcesFiltering - Copying 1 resource from src\main\resources to target\classes
2025-10-15 12:02:47,706 [Worker-15: Building] INFO  o.a.m.s.f.DefaultMavenResourcesFiltering - skip non existing resourceDirectory C:\Users\2440888\OneDrive - Cognizant\Desktop\Health-Insurance-Claim\health-insurance-claim\src\test\resources
2025-10-15 12:05:51,156 [Worker-2: Building] INFO  o.a.m.s.f.DefaultMavenResourcesFiltering - Copying 1 resource from src\main\resources to target\classes
2025-10-15 12:05:51,182 [Worker-2: Building] INFO  o.a.m.s.f.DefaultMavenResourcesFiltering - Copying 21 resources from src\main\resources to target\classes
2025-10-15 12:05:51,488 [Worker-2: Building] INFO  o.a.m.s.f.DefaultMavenResourcesFiltering - skip non existing resourceDirectory C:\Users\2440888\OneDrive - Cognizant\Desktop\Health-Insurance-Claim\health-insurance-claim\src\test\resources
2025-10-15 12:07:46,754 [Worker-20: Building] INFO  o.a.m.s.f.DefaultMavenResourcesFiltering - Copying 0 resource from src\main\resources to target\classes
2025-10-15 12:07:46,875 [Worker-20: Building] INFO  o.a.m.s.f.DefaultMavenResourcesFiltering - Copying 1 resource from src\main\resources to target\classes
2025-10-15 12:07:46,887 [Worker-20: Building] INFO  o.a.m.s.f.DefaultMavenResourcesFiltering - skip non existing resourceDirectory C:\Users\2440888\OneDrive - Cognizant\Desktop\Health-Insurance-Claim\health-insurance-claim\src\test\resources
2025-10-15 12:09:54,939 [Worker-6: Building] INFO  o.a.m.s.f.DefaultMavenResourcesFiltering - Copying 1 resource from src\main\resources to target\classes
2025-10-15 12:09:54,961 [Worker-6: Building] INFO  o.a.m.s.f.DefaultMavenResourcesFiltering - Copying 21 resources from src\main\resources to target\classes
2025-10-15 12:09:55,241 [Worker-6: Building] INFO  o.a.m.s.f.DefaultMavenResourcesFiltering - skip non existing resourceDirectory C:\Users\2440888\OneDrive - Cognizant\Desktop\Health-Insurance-Claim\health-insurance-claim\src\test\resources
2025-10-15 12:13:55,433 [Worker-6: Building] INFO  o.a.m.s.f.DefaultMavenResourcesFiltering - Copying 0 resource from src\main\resources to target\classes
2025-10-15 12:13:55,544 [Worker-6: Building] INFO  o.a.m.s.f.DefaultMavenResourcesFiltering - Copying 1 resource from src\main\resources to target\classes
2025-10-15 12:13:55,554 [Worker-6: Building] INFO  o.a.m.s.f.DefaultMavenResourcesFiltering - skip non existing resourceDirectory C:\Users\2440888\OneDrive - Cognizant\Desktop\Health-Insurance-Claim\health-insurance-claim\src\test\resources
2025-10-15 12:16:37,060 [Worker-20: Building] INFO  o.a.m.s.f.DefaultMavenResourcesFiltering - Copying 0 resource from src\main\resources to target\classes
2025-10-15 12:16:37,172 [Worker-20: Building] INFO  o.a.m.s.f.DefaultMavenResourcesFiltering - Copying 1 resource from src\main\resources to target\classes
2025-10-15 12:16:37,172 [Worker-20: Building] INFO  o.a.m.s.f.DefaultMavenResourcesFiltering - skip non existing resourceDirectory C:\Users\2440888\OneDrive - Cognizant\Desktop\Health-Insurance-Claim\health-insurance-claim\src\test\resources
2025-10-15 12:18:56,657 [Worker-0: Building] INFO  o.a.m.s.f.DefaultMavenResourcesFiltering - Copying 0 resource from src\main\resources to target\classes
2025-10-15 12:18:56,791 [Worker-0: Building] INFO  o.a.m.s.f.DefaultMavenResourcesFiltering - Copying 1 resource from src\main\resources to target\classes
2025-10-15 12:18:56,801 [Worker-0: Building] INFO  o.a.m.s.f.DefaultMavenResourcesFiltering - skip non existing resourceDirectory C:\Users\2440888\OneDrive - Cognizant\Desktop\Health-Insurance-Claim\health-insurance-claim\src\test\resources
2025-10-15 12:27:35,887 [Worker-12: Building] INFO  o.a.m.s.f.DefaultMavenResourcesFiltering - Copying 1 resource from src\main\resources to target\classes
2025-10-15 12:27:35,912 [Worker-12: Building] INFO  o.a.m.s.f.DefaultMavenResourcesFiltering - Copying 21 resources from src\main\resources to target\classes
2025-10-15 12:27:36,172 [Worker-12: Building] INFO  o.a.m.s.f.DefaultMavenResourcesFiltering - skip non existing resourceDirectory C:\Users\2440888\OneDrive - Cognizant\Desktop\Health-Insurance-Claim\health-insurance-claim\src\test\resources
2025-10-15 12:29:35,501 [Worker-14: Building] INFO  o.a.m.s.f.DefaultMavenResourcesFiltering - Copying 0 resource from src\main\resources to target\classes
2025-10-15 12:29:35,610 [Worker-14: Building] INFO  o.a.m.s.f.DefaultMavenResourcesFiltering - Copying 2 resources from src\main\resources to target\classes
2025-10-15 12:29:35,630 [Worker-14: Building] INFO  o.a.m.s.f.DefaultMavenResourcesFiltering - skip non existing resourceDirectory C:\Users\2440888\OneDrive - Cognizant\Desktop\Health-Insurance-Claim\health-insurance-claim\src\test\resources
2025-10-15 12:30:18,957 [Worker-2: Building] INFO  o.a.m.s.f.DefaultMavenResourcesFiltering - Copying 0 resource from src\main\resources to target\classes
2025-10-15 12:30:19,084 [Worker-2: Building] INFO  o.a.m.s.f.DefaultMavenResourcesFiltering - Copying 0 resource from src\main\resources to target\classes
2025-10-15 12:30:19,096 [Worker-2: Building] INFO  o.a.m.s.f.DefaultMavenResourcesFiltering - skip non existing resourceDirectory C:\Users\2440888\OneDrive - Cognizant\Desktop\Health-Insurance-Claim\health-insurance-claim\src\test\resources
2025-10-15 12:58:50,860 [Worker-22: Building] INFO  o.a.m.s.f.DefaultMavenResourcesFiltering - Copying 0 resource from src\main\resources to target\classes
2025-10-15 12:58:50,970 [Worker-22: Building] INFO  o.a.m.s.f.DefaultMavenResourcesFiltering - Copying 1 resource from src\main\resources to target\classes
2025-10-15 12:58:50,983 [Worker-22: Building] INFO  o.a.m.s.f.DefaultMavenResourcesFiltering - skip non existing resourceDirectory C:\Users\2440888\OneDrive - Cognizant\Desktop\Health-Insurance-Claim\health-insurance-claim\src\test\resources
2025-10-15 13:03:00,520 [Worker-11: Building] INFO  o.a.m.s.f.DefaultMavenResourcesFiltering - Copying 1 resource from src\main\resources to target\classes
2025-10-15 13:03:00,552 [Worker-11: Building] INFO  o.a.m.s.f.DefaultMavenResourcesFiltering - Copying 21 resources from src\main\resources to target\classes
2025-10-15 13:03:00,792 [Worker-11: Building] INFO  o.a.m.s.f.DefaultMavenResourcesFiltering - skip non existing resourceDirectory C:\Users\2440888\OneDrive - Cognizant\Desktop\Health-Insurance-Claim\health-insurance-claim\src\test\resources
2025-10-15 13:03:04,389 [Worker-22: Building] INFO  o.a.m.s.f.DefaultMavenResourcesFiltering - Copying 1 resource from src\main\resources to target\classes
2025-10-15 13:03:04,413 [Worker-22: Building] INFO  o.a.m.s.f.DefaultMavenResourcesFiltering - Copying 21 resources from src\main\resources to target\classes
2025-10-15 13:03:04,432 [Worker-22: Building] INFO  o.a.m.s.f.DefaultMavenResourcesFiltering - skip non existing resourceDirectory C:\Users\2440888\OneDrive - Cognizant\Desktop\Health-Insurance-Claim\health-insurance-claim\src\test\resources
2025-10-15 13:03:59,022 [Worker-24: Building] INFO  o.a.m.s.f.DefaultMavenResourcesFiltering - Copying 0 resource from src\main\resources to target\classes
2025-10-15 13:03:59,161 [Worker-24: Building] INFO  o.a.m.s.f.DefaultMavenResourcesFiltering - Copying 1 resource from src\main\resources to target\classes
2025-10-15 13:03:59,189 [Worker-24: Building] INFO  o.a.m.s.f.DefaultMavenResourcesFiltering - skip non existing resourceDirectory C:\Users\2440888\OneDrive - Cognizant\Desktop\Health-Insurance-Claim\health-insurance-claim\src\test\resources
2025-10-15 13:11:25,787 [Worker-22: Building] INFO  o.a.m.s.f.DefaultMavenResourcesFiltering - Copying 0 resource from src\main\resources to target\classes
2025-10-15 13:11:25,889 [Worker-22: Building] INFO  o.a.m.s.f.DefaultMavenResourcesFiltering - Copying 2 resources from src\main\resources to target\classes
2025-10-15 13:11:25,916 [Worker-22: Building] INFO  o.a.m.s.f.DefaultMavenResourcesFiltering - skip non existing resourceDirectory C:\Users\2440888\OneDrive - Cognizant\Desktop\Health-Insurance-Claim\health-insurance-claim\src\test\resources
2025-10-15 13:23:12,901 [Worker-21: Building] INFO  o.a.m.s.f.DefaultMavenResourcesFiltering - Copying 0 resource from src\main\resources to target\classes
2025-10-15 13:23:13,020 [Worker-21: Building] INFO  o.a.m.s.f.DefaultMavenResourcesFiltering - Copying 2 resources from src\main\resources to target\classes
2025-10-15 13:23:13,038 [Worker-21: Building] INFO  o.a.m.s.f.DefaultMavenResourcesFiltering - skip non existing resourceDirectory C:\Users\2440888\OneDrive - Cognizant\Desktop\Health-Insurance-Claim\health-insurance-claim\src\test\resources
2025-10-15 13:36:58,852 [Worker-2: Building] INFO  o.a.m.s.f.DefaultMavenResourcesFiltering - Copying 0 resource from src\main\resources to target\classes
2025-10-15 13:36:58,976 [Worker-2: Building] INFO  o.a.m.s.f.DefaultMavenResourcesFiltering - Copying 0 resource from src\main\resources to target\classes
2025-10-15 13:36:58,994 [Worker-2: Building] INFO  o.a.m.s.f.DefaultMavenResourcesFiltering - skip non existing resourceDirectory C:\Users\2440888\OneDrive - Cognizant\Desktop\Health-Insurance-Claim\health-insurance-claim\src\test\resources
2025-10-15 14:58:28,915 [Worker-23: Building] INFO  o.a.m.s.f.DefaultMavenResourcesFiltering - Copying 1 resource from src\main\resources to target\classes
2025-10-15 14:58:29,060 [Worker-23: Building] INFO  o.a.m.s.f.DefaultMavenResourcesFiltering - Copying 23 resources from src\main\resources to target\classes
2025-10-15 14:58:29,469 [Worker-23: Building] INFO  o.a.m.s.f.DefaultMavenResourcesFiltering - skip non existing resourceDirectory C:\Users\2440888\OneDrive - Cognizant\Desktop\Health-Insurance-Claim\health-insurance-claim\src\test\resources
2025-10-15 15:07:51,857 [Worker-25: Building] INFO  o.a.m.s.f.DefaultMavenResourcesFiltering - Copying 1 resource from src\main\resources to target\classes
2025-10-15 15:07:51,898 [Worker-25: Building] INFO  o.a.m.s.f.DefaultMavenResourcesFiltering - Copying 23 resources from src\main\resources to target\classes
2025-10-15 15:07:52,374 [Worker-25: Building] INFO  o.a.m.s.f.DefaultMavenResourcesFiltering - skip non existing resourceDirectory C:\Users\2440888\OneDrive - Cognizant\Desktop\Health-Insurance-Claim\health-insurance-claim\src\test\resources
2025-10-15 15:10:17,371 [Worker-1: Building] INFO  o.a.m.s.f.DefaultMavenResourcesFiltering - Copying 0 resource from src\main\resources to target\classes
2025-10-15 15:10:17,625 [Worker-1: Building] INFO  o.a.m.s.f.DefaultMavenResourcesFiltering - Copying 0 resource from src\main\resources to target\classes
2025-10-15 15:10:17,646 [Worker-1: Building] INFO  o.a.m.s.f.DefaultMavenResourcesFiltering - skip non existing resourceDirectory C:\Users\2440888\OneDrive - Cognizant\Desktop\Health-Insurance-Claim\health-insurance-claim\src\test\resources
2025-10-15 15:10:22,362 [Worker-24: Building] INFO  o.a.m.s.f.DefaultMavenResourcesFiltering - Copying 0 resource from src\main\resources to target\classes
2025-10-15 15:10:22,385 [Worker-24: Building] INFO  o.a.m.s.f.DefaultMavenResourcesFiltering - Copying 0 resource from src\main\resources to target\classes
2025-10-15 15:10:22,406 [Worker-24: Building] INFO  o.a.m.s.f.DefaultMavenResourcesFiltering - skip non existing resourceDirectory C:\Users\2440888\OneDrive - Cognizant\Desktop\Health-Insurance-Claim\health-insurance-claim\src\test\resources
2025-10-15 15:30:26,001 [Worker-24: Building] INFO  o.a.m.s.f.DefaultMavenResourcesFiltering - Copying 0 resource from src\main\resources to target\classes
2025-10-15 15:30:26,180 [Worker-24: Building] INFO  o.a.m.s.f.DefaultMavenResourcesFiltering - Copying 1 resource from src\main\resources to target\classes
2025-10-15 15:30:26,211 [Worker-24: Building] INFO  o.a.m.s.f.DefaultMavenResourcesFiltering - skip non existing resourceDirectory C:\Users\2440888\OneDrive - Cognizant\Desktop\Health-Insurance-Claim\health-insurance-claim\src\test\resources
2025-10-15 15:31:40,515 [Worker-24: Building] INFO  o.a.m.s.f.DefaultMavenResourcesFiltering - Copying 0 resource from src\main\resources to target\classes
2025-10-15 15:31:40,724 [Worker-24: Building] INFO  o.a.m.s.f.DefaultMavenResourcesFiltering - Copying 0 resource from src\main\resources to target\classes
2025-10-15 15:31:40,728 [Worker-24: Building] INFO  o.a.m.s.f.DefaultMavenResourcesFiltering - skip non existing resourceDirectory C:\Users\2440888\OneDrive - Cognizant\Desktop\Health-Insurance-Claim\health-insurance-claim\src\test\resources
2025-10-15 16:49:59,693 [Worker-22: Building] INFO  o.a.m.s.f.DefaultMavenResourcesFiltering - Copying 0 resource from src\main\resources to target\classes
2025-10-15 16:49:59,812 [Worker-22: Building] INFO  o.a.m.s.f.DefaultMavenResourcesFiltering - Copying 1 resource from src\main\resources to target\classes
2025-10-15 16:49:59,832 [Worker-22: Building] INFO  o.a.m.s.f.DefaultMavenResourcesFiltering - skip non existing resourceDirectory C:\Users\2440888\OneDrive - Cognizant\Desktop\Health-Insurance-Claim\health-insurance-claim\src\test\resources
2025-10-15 16:54:55,004 [Worker-23: Building] INFO  o.a.m.s.f.DefaultMavenResourcesFiltering - Copying 1 resource from src\main\resources to target\classes
2025-10-15 16:54:55,070 [Worker-23: Building] INFO  o.a.m.s.f.DefaultMavenResourcesFiltering - Copying 20 resources from src\main\resources to target\classes
2025-10-15 16:54:55,294 [Worker-23: Building] INFO  o.a.m.s.f.DefaultMavenResourcesFiltering - skip non existing resourceDirectory C:\Users\2440888\OneDrive - Cognizant\Desktop\Health-Insurance-Claim\health-insurance-claim\src\test\resources
2025-10-15 17:05:47,780 [Worker-28: Building] INFO  o.a.m.s.f.DefaultMavenResourcesFiltering - Copying 1 resource from src\main\resources to target\classes
2025-10-15 17:05:47,829 [Worker-28: Building] INFO  o.a.m.s.f.DefaultMavenResourcesFiltering - Copying 20 resources from src\main\resources to target\classes
2025-10-15 17:05:48,089 [Worker-28: Building] INFO  o.a.m.s.f.DefaultMavenResourcesFiltering - skip non existing resourceDirectory C:\Users\2440888\OneDrive - Cognizant\Desktop\Health-Insurance-Claim\health-insurance-claim\src\test\resources
2025-10-15 17:08:27,652 [Worker-25: Building] INFO  o.a.m.s.f.DefaultMavenResourcesFiltering - Copying 1 resource from src\main\resources to target\classes
2025-10-15 17:08:27,717 [Worker-25: Building] INFO  o.a.m.s.f.DefaultMavenResourcesFiltering - Copying 20 resources from src\main\resources to target\classes
2025-10-15 17:08:28,009 [Worker-25: Building] INFO  o.a.m.s.f.DefaultMavenResourcesFiltering - skip non existing resourceDirectory C:\Users\2440888\OneDrive - Cognizant\Desktop\Health-Insurance-Claim\health-insurance-claim\src\test\resources
2025-10-15 17:11:49,469 [Worker-28: Building] INFO  o.a.m.s.f.DefaultMavenResourcesFiltering - Copying 1 resource from src\main\resources to target\classes
2025-10-15 17:11:49,490 [Worker-28: Building] INFO  o.a.m.s.f.DefaultMavenResourcesFiltering - Copying 20 resources from src\main\resources to target\classes
2025-10-15 17:11:49,742 [Worker-28: Building] INFO  o.a.m.s.f.DefaultMavenResourcesFiltering - skip non existing resourceDirectory C:\Users\2440888\OneDrive - Cognizant\Desktop\Health-Insurance-Claim\health-insurance-claim\src\test\resources
2025-10-15 17:13:15,258 [Worker-28: Building] INFO  o.a.m.s.f.DefaultMavenResourcesFiltering - Copying 1 resource from src\main\resources to target\classes
2025-10-15 17:13:15,280 [Worker-28: Building] INFO  o.a.m.s.f.DefaultMavenResourcesFiltering - Copying 20 resources from src\main\resources to target\classes
2025-10-15 17:13:15,502 [Worker-28: Building] INFO  o.a.m.s.f.DefaultMavenResourcesFiltering - skip non existing resourceDirectory C:\Users\2440888\OneDrive - Cognizant\Desktop\Health-Insurance-Claim\health-insurance-claim\src\test\resources
2025-10-15 17:13:57,945 [Worker-25: Building] INFO  o.a.m.s.f.DefaultMavenResourcesFiltering - Copying 1 resource from src\main\resources to target\classes
2025-10-15 17:13:57,979 [Worker-25: Building] INFO  o.a.m.s.f.DefaultMavenResourcesFiltering - Copying 20 resources from src\main\resources to target\classes
2025-10-15 17:13:58,198 [Worker-25: Building] INFO  o.a.m.s.f.DefaultMavenResourcesFiltering - skip non existing resourceDirectory C:\Users\2440888\OneDrive - Cognizant\Desktop\Health-Insurance-Claim\health-insurance-claim\src\test\resources
2025-10-15 17:14:03,066 [Worker-25: Building] INFO  o.a.m.s.f.DefaultMavenResourcesFiltering - Copying 1 resource from src\main\resources to target\classes
2025-10-15 17:14:03,079 [Worker-25: Building] INFO  o.a.m.s.f.DefaultMavenResourcesFiltering - Copying 20 resources from src\main\resources to target\classes
2025-10-15 17:14:03,095 [Worker-25: Building] INFO  o.a.m.s.f.DefaultMavenResourcesFiltering - skip non existing resourceDirectory C:\Users\2440888\OneDrive - Cognizant\Desktop\Health-Insurance-Claim\health-insurance-claim\src\test\resources
2025-10-15 17:14:39,406 [Worker-30: Building] INFO  o.a.m.s.f.DefaultMavenResourcesFiltering - Copying 1 resource from src\main\resources to target\classes
2025-10-15 17:14:39,434 [Worker-30: Building] INFO  o.a.m.s.f.DefaultMavenResourcesFiltering - Copying 20 resources from src\main\resources to target\classes
2025-10-15 17:14:39,651 [Worker-30: Building] INFO  o.a.m.s.f.DefaultMavenResourcesFiltering - skip non existing resourceDirectory C:\Users\2440888\OneDrive - Cognizant\Desktop\Health-Insurance-Claim\health-insurance-claim\src\test\resources
2025-10-15 17:17:38,437 [Worker-25: Building] INFO  o.a.m.s.f.DefaultMavenResourcesFiltering - Copying 1 resource from src\main\resources to target\classes
2025-10-15 17:17:38,470 [Worker-25: Building] INFO  o.a.m.s.f.DefaultMavenResourcesFiltering - Copying 20 resources from src\main\resources to target\classes
2025-10-15 17:17:38,696 [Worker-25: Building] INFO  o.a.m.s.f.DefaultMavenResourcesFiltering - skip non existing resourceDirectory C:\Users\2440888\OneDrive - Cognizant\Desktop\Health-Insurance-Claim\health-insurance-claim\src\test\resources
2025-10-15 17:19:40,175 [Worker-29: Building] INFO  o.a.m.s.f.DefaultMavenResourcesFiltering - Copying 1 resource from src\main\resources to target\classes
2025-10-15 17:19:40,198 [Worker-29: Building] INFO  o.a.m.s.f.DefaultMavenResourcesFiltering - Copying 20 resources from src\main\resources to target\classes
2025-10-15 17:19:40,427 [Worker-29: Building] INFO  o.a.m.s.f.DefaultMavenResourcesFiltering - skip non existing resourceDirectory C:\Users\2440888\OneDrive - Cognizant\Desktop\Health-Insurance-Claim\health-insurance-claim\src\test\resources
2025-10-15 17:20:26,066 [Worker-30: Building] INFO  o.a.m.s.f.DefaultMavenResourcesFiltering - Copying 1 resource from src\main\resources to target\classes
2025-10-15 17:20:26,091 [Worker-30: Building] INFO  o.a.m.s.f.DefaultMavenResourcesFiltering - Copying 20 resources from src\main\resources to target\classes
2025-10-15 17:20:26,288 [Worker-30: Building] INFO  o.a.m.s.f.DefaultMavenResourcesFiltering - skip non existing resourceDirectory C:\Users\2440888\OneDrive - Cognizant\Desktop\Health-Insurance-Claim\health-insurance-claim\src\test\resources
2025-10-15 17:20:33,220 [Worker-11: Building] INFO  o.a.m.s.f.DefaultMavenResourcesFiltering - Copying 1 resource from src\main\resources to target\classes
2025-10-15 17:20:33,230 [Worker-11: Building] INFO  o.a.m.s.f.DefaultMavenResourcesFiltering - Copying 20 resources from src\main\resources to target\classes
2025-10-15 17:20:33,241 [Worker-11: Building] INFO  o.a.m.s.f.DefaultMavenResourcesFiltering - skip non existing resourceDirectory C:\Users\2440888\OneDrive - Cognizant\Desktop\Health-Insurance-Claim\health-insurance-claim\src\test\resources
2025-10-15 17:20:48,776 [Worker-1: Building] INFO  o.a.m.s.f.DefaultMavenResourcesFiltering - Copying 1 resource from src\main\resources to target\classes
2025-10-15 17:20:48,801 [Worker-1: Building] INFO  o.a.m.s.f.DefaultMavenResourcesFiltering - Copying 20 resources from src\main\resources to target\classes
2025-10-15 17:20:49,050 [Worker-1: Building] INFO  o.a.m.s.f.DefaultMavenResourcesFiltering - skip non existing resourceDirectory C:\Users\2440888\OneDrive - Cognizant\Desktop\Health-Insurance-Claim\health-insurance-claim\src\test\resources
2025-10-15 17:23:50,725 [Worker-28: Building] INFO  o.a.m.s.f.DefaultMavenResourcesFiltering - Copying 1 resource from src\main\resources to target\classes
2025-10-15 17:23:50,752 [Worker-28: Building] INFO  o.a.m.s.f.DefaultMavenResourcesFiltering - Copying 20 resources from src\main\resources to target\classes
2025-10-15 17:23:50,991 [Worker-28: Building] INFO  o.a.m.s.f.DefaultMavenResourcesFiltering - skip non existing resourceDirectory C:\Users\2440888\OneDrive - Cognizant\Desktop\Health-Insurance-Claim\health-insurance-claim\src\test\resources
2025-10-15 17:26:30,102 [Worker-29: Building] INFO  o.a.m.s.f.DefaultMavenResourcesFiltering - Copying 1 resource from src\main\resources to target\classes
2025-10-15 17:26:30,130 [Worker-29: Building] INFO  o.a.m.s.f.DefaultMavenResourcesFiltering - Copying 20 resources from src\main\resources to target\classes
2025-10-15 17:26:30,392 [Worker-29: Building] INFO  o.a.m.s.f.DefaultMavenResourcesFiltering - skip non existing resourceDirectory C:\Users\2440888\OneDrive - Cognizant\Desktop\Health-Insurance-Claim\health-insurance-claim\src\test\resources
2025-10-15 17:26:55,151 [Worker-24: Building] INFO  o.a.m.s.f.DefaultMavenResourcesFiltering - Copying 1 resource from src\main\resources to target\classes
2025-10-15 17:26:55,171 [Worker-24: Building] INFO  o.a.m.s.f.DefaultMavenResourcesFiltering - Copying 20 resources from src\main\resources to target\classes
2025-10-15 17:26:55,418 [Worker-24: Building] INFO  o.a.m.s.f.DefaultMavenResourcesFiltering - skip non existing resourceDirectory C:\Users\2440888\OneDrive - Cognizant\Desktop\Health-Insurance-Claim\health-insurance-claim\src\test\resources
2025-10-15 17:27:36,088 [Worker-1: Building] INFO  o.a.m.s.f.DefaultMavenResourcesFiltering - Copying 1 resource from src\main\resources to target\classes
2025-10-15 17:27:36,107 [Worker-1: Building] INFO  o.a.m.s.f.DefaultMavenResourcesFiltering - Copying 20 resources from src\main\resources to target\classes
2025-10-15 17:27:36,352 [Worker-1: Building] INFO  o.a.m.s.f.DefaultMavenResourcesFiltering - skip non existing resourceDirectory C:\Users\2440888\OneDrive - Cognizant\Desktop\Health-Insurance-Claim\health-insurance-claim\src\test\resources
2025-10-15 17:33:00,689 [Worker-28: Building] INFO  o.a.m.s.f.DefaultMavenResourcesFiltering - Copying 1 resource from src\main\resources to target\classes
2025-10-15 17:33:00,719 [Worker-28: Building] INFO  o.a.m.s.f.DefaultMavenResourcesFiltering - Copying 20 resources from src\main\resources to target\classes
2025-10-15 17:33:00,963 [Worker-28: Building] INFO  o.a.m.s.f.DefaultMavenResourcesFiltering - skip non existing resourceDirectory C:\Users\2440888\OneDrive - Cognizant\Desktop\Health-Insurance-Claim\health-insurance-claim\src\test\resources
2025-10-15 17:33:59,677 [Worker-25: Building] INFO  o.a.m.s.f.DefaultMavenResourcesFiltering - Copying 1 resource from src\main\resources to target\classes
2025-10-15 17:33:59,701 [Worker-25: Building] INFO  o.a.m.s.f.DefaultMavenResourcesFiltering - Copying 20 resources from src\main\resources to target\classes
2025-10-15 17:33:59,989 [Worker-25: Building] INFO  o.a.m.s.f.DefaultMavenResourcesFiltering - skip non existing resourceDirectory C:\Users\2440888\OneDrive - Cognizant\Desktop\Health-Insurance-Claim\health-insurance-claim\src\test\resources
2025-10-15 17:34:11,359 [Worker-30: Building] INFO  o.a.m.s.f.DefaultMavenResourcesFiltering - Copying 1 resource from src\main\resources to target\classes
2025-10-15 17:34:11,380 [Worker-30: Building] INFO  o.a.m.s.f.DefaultMavenResourcesFiltering - Copying 20 resources from src\main\resources to target\classes
2025-10-15 17:34:11,597 [Worker-30: Building] INFO  o.a.m.s.f.DefaultMavenResourcesFiltering - skip non existing resourceDirectory C:\Users\2440888\OneDrive - Cognizant\Desktop\Health-Insurance-Claim\health-insurance-claim\src\test\resources
2025-10-15 17:35:43,278 [Worker-29: Building] INFO  o.a.m.s.f.DefaultMavenResourcesFiltering - Copying 1 resource from src\main\resources to target\classes
2025-10-15 17:35:43,299 [Worker-29: Building] INFO  o.a.m.s.f.DefaultMavenResourcesFiltering - Copying 20 resources from src\main\resources to target\classes
2025-10-15 17:35:43,528 [Worker-29: Building] INFO  o.a.m.s.f.DefaultMavenResourcesFiltering - skip non existing resourceDirectory C:\Users\2440888\OneDrive - Cognizant\Desktop\Health-Insurance-Claim\health-insurance-claim\src\test\resources
2025-10-15 17:36:34,464 [Worker-22: Building] INFO  o.a.m.s.f.DefaultMavenResourcesFiltering - Copying 0 resource from src\main\resources to target\classes
2025-10-15 17:36:34,572 [Worker-22: Building] INFO  o.a.m.s.f.DefaultMavenResourcesFiltering - Copying 1 resource from src\main\resources to target\classes
2025-10-15 17:36:34,587 [Worker-22: Building] INFO  o.a.m.s.f.DefaultMavenResourcesFiltering - skip non existing resourceDirectory C:\Users\2440888\OneDrive - Cognizant\Desktop\Health-Insurance-Claim\health-insurance-claim\src\test\resources
2025-10-15 17:38:20,700 [Worker-22: Building] INFO  o.a.m.s.f.DefaultMavenResourcesFiltering - Copying 0 resource from src\main\resources to target\classes
2025-10-15 17:38:20,810 [Worker-22: Building] INFO  o.a.m.s.f.DefaultMavenResourcesFiltering - Copying 1 resource from src\main\resources to target\classes
2025-10-15 17:38:20,822 [Worker-22: Building] INFO  o.a.m.s.f.DefaultMavenResourcesFiltering - skip non existing resourceDirectory C:\Users\2440888\OneDrive - Cognizant\Desktop\Health-Insurance-Claim\health-insurance-claim\src\test\resources
2025-10-15 17:38:59,552 [Worker-2: Building] INFO  o.a.m.s.f.DefaultMavenResourcesFiltering - Copying 0 resource from src\main\resources to target\classes
2025-10-15 17:38:59,669 [Worker-2: Building] INFO  o.a.m.s.f.DefaultMavenResourcesFiltering - Copying 1 resource from src\main\resources to target\classes
2025-10-15 17:38:59,683 [Worker-2: Building] INFO  o.a.m.s.f.DefaultMavenResourcesFiltering - skip non existing resourceDirectory C:\Users\2440888\OneDrive - Cognizant\Desktop\Health-Insurance-Claim\health-insurance-claim\src\test\resources
2025-10-15 17:40:28,890 [Worker-24: Building] INFO  o.a.m.s.f.DefaultMavenResourcesFiltering - Copying 1 resource from src\main\resources to target\classes
2025-10-15 17:40:28,919 [Worker-24: Building] INFO  o.a.m.s.f.DefaultMavenResourcesFiltering - Copying 20 resources from src\main\resources to target\classes
2025-10-15 17:40:29,150 [Worker-24: Building] INFO  o.a.m.s.f.DefaultMavenResourcesFiltering - skip non existing resourceDirectory C:\Users\2440888\OneDrive - Cognizant\Desktop\Health-Insurance-Claim\health-insurance-claim\src\test\resources
2025-10-15 17:43:07,474 [Worker-28: Building] INFO  o.a.m.s.f.DefaultMavenResourcesFiltering - Copying 1 resource from src\main\resources to target\classes
2025-10-15 17:43:07,499 [Worker-28: Building] INFO  o.a.m.s.f.DefaultMavenResourcesFiltering - Copying 20 resources from src\main\resources to target\classes
2025-10-15 17:43:07,753 [Worker-28: Building] INFO  o.a.m.s.f.DefaultMavenResourcesFiltering - skip non existing resourceDirectory C:\Users\2440888\OneDrive - Cognizant\Desktop\Health-Insurance-Claim\health-insurance-claim\src\test\resources
2025-10-15 17:47:26,979 [Worker-28: Building] INFO  o.a.m.s.f.DefaultMavenResourcesFiltering - Copying 0 resource from src\main\resources to target\classes
2025-10-15 17:47:27,096 [Worker-28: Building] INFO  o.a.m.s.f.DefaultMavenResourcesFiltering - Copying 1 resource from src\main\resources to target\classes
2025-10-15 17:47:27,108 [Worker-28: Building] INFO  o.a.m.s.f.DefaultMavenResourcesFiltering - skip non existing resourceDirectory C:\Users\2440888\OneDrive - Cognizant\Desktop\Health-Insurance-Claim\health-insurance-claim\src\test\resources
2025-10-15 17:48:32,349 [Worker-24: Building] INFO  o.a.m.s.f.DefaultMavenResourcesFiltering - Copying 0 resource from src\main\resources to target\classes
2025-10-15 17:48:32,466 [Worker-24: Building] INFO  o.a.m.s.f.DefaultMavenResourcesFiltering - Copying 1 resource from src\main\resources to target\classes
2025-10-15 17:48:32,477 [Worker-24: Building] INFO  o.a.m.s.f.DefaultMavenResourcesFiltering - skip non existing resourceDirectory C:\Users\2440888\OneDrive - Cognizant\Desktop\Health-Insurance-Claim\health-insurance-claim\src\test\resources
2025-10-15 17:51:53,079 [Worker-31: Building] INFO  o.a.m.s.f.DefaultMavenResourcesFiltering - Copying 0 resource from src\main\resources to target\classes
2025-10-15 17:51:53,186 [Worker-31: Building] INFO  o.a.m.s.f.DefaultMavenResourcesFiltering - Copying 1 resource from src\main\resources to target\classes
2025-10-15 17:51:53,195 [Worker-31: Building] INFO  o.a.m.s.f.DefaultMavenResourcesFiltering - skip non existing resourceDirectory C:\Users\2440888\OneDrive - Cognizant\Desktop\Health-Insurance-Claim\health-insurance-claim\src\test\resources
2025-10-15 17:57:11,450 [Worker-24: Building] INFO  o.a.m.s.f.DefaultMavenResourcesFiltering - Copying 1 resource from src\main\resources to target\classes
2025-10-15 17:57:11,500 [Worker-24: Building] INFO  o.a.m.s.f.DefaultMavenResourcesFiltering - Copying 20 resources from src\main\resources to target\classes
2025-10-15 17:57:11,754 [Worker-24: Building] INFO  o.a.m.s.f.DefaultMavenResourcesFiltering - skip non existing resourceDirectory C:\Users\2440888\OneDrive - Cognizant\Desktop\Health-Insurance-Claim\health-insurance-claim\src\test\resources
2025-10-15 17:58:14,722 [Worker-30: Building] INFO  o.a.m.s.f.DefaultMavenResourcesFiltering - Copying 0 resource from src\main\resources to target\classes
2025-10-15 17:58:14,859 [Worker-30: Building] INFO  o.a.m.s.f.DefaultMavenResourcesFiltering - Copying 1 resource from src\main\resources to target\classes
2025-10-15 17:58:14,872 [Worker-30: Building] INFO  o.a.m.s.f.DefaultMavenResourcesFiltering - skip non existing resourceDirectory C:\Users\2440888\OneDrive - Cognizant\Desktop\Health-Insurance-Claim\health-insurance-claim\src\test\resources
2025-10-15 18:00:58,383 [Worker-32: Building] INFO  o.a.m.s.f.DefaultMavenResourcesFiltering - Copying 0 resource from src\main\resources to target\classes
2025-10-15 18:00:58,485 [Worker-32: Building] INFO  o.a.m.s.f.DefaultMavenResourcesFiltering - Copying 1 resource from src\main\resources to target\classes
2025-10-15 18:00:58,495 [Worker-32: Building] INFO  o.a.m.s.f.DefaultMavenResourcesFiltering - skip non existing resourceDirectory C:\Users\2440888\OneDrive - Cognizant\Desktop\Health-Insurance-Claim\health-insurance-claim\src\test\resources
2025-10-15 18:05:12,550 [Worker-30: Building] INFO  o.a.m.s.f.DefaultMavenResourcesFiltering - Copying 0 resource from src\main\resources to target\classes
2025-10-15 18:05:12,680 [Worker-30: Building] INFO  o.a.m.s.f.DefaultMavenResourcesFiltering - Copying 1 resource from src\main\resources to target\classes
2025-10-15 18:05:12,692 [Worker-30: Building] INFO  o.a.m.s.f.DefaultMavenResourcesFiltering - skip non existing resourceDirectory C:\Users\2440888\OneDrive - Cognizant\Desktop\Health-Insurance-Claim\health-insurance-claim\src\test\resources
2025-10-15 18:05:32,868 [Worker-32: Building] INFO  o.a.m.s.f.DefaultMavenResourcesFiltering - Copying 0 resource from src\main\resources to target\classes
2025-10-15 18:05:32,986 [Worker-32: Building] INFO  o.a.m.s.f.DefaultMavenResourcesFiltering - Copying 1 resource from src\main\resources to target\classes
2025-10-15 18:05:32,997 [Worker-32: Building] INFO  o.a.m.s.f.DefaultMavenResourcesFiltering - skip non existing resourceDirectory C:\Users\2440888\OneDrive - Cognizant\Desktop\Health-Insurance-Claim\health-insurance-claim\src\test\resources
2025-10-15 18:07:09,554 [Worker-25: Building] INFO  o.a.m.s.f.DefaultMavenResourcesFiltering - Copying 1 resource from src\main\resources to target\classes
2025-10-15 18:07:09,581 [Worker-25: Building] INFO  o.a.m.s.f.DefaultMavenResourcesFiltering - Copying 20 resources from src\main\resources to target\classes
2025-10-15 18:07:09,840 [Worker-25: Building] INFO  o.a.m.s.f.DefaultMavenResourcesFiltering - skip non existing resourceDirectory C:\Users\2440888\OneDrive - Cognizant\Desktop\Health-Insurance-Claim\health-insurance-claim\src\test\resources
2025-10-15 18:07:37,416 [Worker-25: Building] INFO  o.a.m.s.f.DefaultMavenResourcesFiltering - Copying 1 resource from src\main\resources to target\classes
2025-10-15 18:07:37,436 [Worker-25: Building] INFO  o.a.m.s.f.DefaultMavenResourcesFiltering - Copying 20 resources from src\main\resources to target\classes
2025-10-15 18:07:37,682 [Worker-25: Building] INFO  o.a.m.s.f.DefaultMavenResourcesFiltering - skip non existing resourceDirectory C:\Users\2440888\OneDrive - Cognizant\Desktop\Health-Insurance-Claim\health-insurance-claim\src\test\resources
2025-10-15 18:07:55,228 [Worker-34: Building] INFO  o.a.m.s.f.DefaultMavenResourcesFiltering - Copying 1 resource from src\main\resources to target\classes
2025-10-15 18:07:55,258 [Worker-34: Building] INFO  o.a.m.s.f.DefaultMavenResourcesFiltering - Copying 20 resources from src\main\resources to target\classes
2025-10-15 18:07:55,494 [Worker-34: Building] INFO  o.a.m.s.f.DefaultMavenResourcesFiltering - skip non existing resourceDirectory C:\Users\2440888\OneDrive - Cognizant\Desktop\Health-Insurance-Claim\health-insurance-claim\src\test\resources
2025-10-15 18:12:29,143 [Worker-31: Building] INFO  o.a.m.s.f.DefaultMavenResourcesFiltering - Copying 0 resource from src\main\resources to target\classes
2025-10-15 18:12:29,265 [Worker-31: Building] INFO  o.a.m.s.f.DefaultMavenResourcesFiltering - Copying 1 resource from src\main\resources to target\classes
2025-10-15 18:12:29,279 [Worker-31: Building] INFO  o.a.m.s.f.DefaultMavenResourcesFiltering - skip non existing resourceDirectory C:\Users\2440888\OneDrive - Cognizant\Desktop\Health-Insurance-Claim\health-insurance-claim\src\test\resources
2025-10-15 18:12:48,226 [Worker-31: Building] INFO  o.a.m.s.f.DefaultMavenResourcesFiltering - Copying 1 resource from src\main\resources to target\classes
2025-10-15 18:12:48,251 [Worker-31: Building] INFO  o.a.m.s.f.DefaultMavenResourcesFiltering - Copying 20 resources from src\main\resources to target\classes
2025-10-15 18:12:48,469 [Worker-31: Building] INFO  o.a.m.s.f.DefaultMavenResourcesFiltering - skip non existing resourceDirectory C:\Users\2440888\OneDrive - Cognizant\Desktop\Health-Insurance-Claim\health-insurance-claim\src\test\resources
2025-10-15 18:24:40,033 [Worker-30: Building] INFO  o.a.m.s.f.DefaultMavenResourcesFiltering - Copying 1 resource from src\main\resources to target\classes
2025-10-15 18:24:40,068 [Worker-30: Building] INFO  o.a.m.s.f.DefaultMavenResourcesFiltering - Copying 20 resources from src\main\resources to target\classes
2025-10-15 18:24:40,318 [Worker-30: Building] INFO  o.a.m.s.f.DefaultMavenResourcesFiltering - skip non existing resourceDirectory C:\Users\2440888\OneDrive - Cognizant\Desktop\Health-Insurance-Claim\health-insurance-claim\src\test\resources
2025-10-15 18:29:23,530 [Worker-34: Building] INFO  o.a.m.s.f.DefaultMavenResourcesFiltering - Copying 1 resource from src\main\resources to target\classes
2025-10-15 18:29:23,555 [Worker-34: Building] INFO  o.a.m.s.f.DefaultMavenResourcesFiltering - Copying 20 resources from src\main\resources to target\classes
2025-10-15 18:29:23,778 [Worker-34: Building] INFO  o.a.m.s.f.DefaultMavenResourcesFiltering - skip non existing resourceDirectory C:\Users\2440888\OneDrive - Cognizant\Desktop\Health-Insurance-Claim\health-insurance-claim\src\test\resources
2025-10-15 18:29:43,652 [Worker-24: Building] INFO  o.a.m.s.f.DefaultMavenResourcesFiltering - Copying 1 resource from src\main\resources to target\classes
2025-10-15 18:29:43,674 [Worker-24: Building] INFO  o.a.m.s.f.DefaultMavenResourcesFiltering - Copying 20 resources from src\main\resources to target\classes
2025-10-15 18:29:43,922 [Worker-24: Building] INFO  o.a.m.s.f.DefaultMavenResourcesFiltering - skip non existing resourceDirectory C:\Users\2440888\OneDrive - Cognizant\Desktop\Health-Insurance-Claim\health-insurance-claim\src\test\resources
2025-10-15 18:30:06,243 [Worker-25: Building] INFO  o.a.m.s.f.DefaultMavenResourcesFiltering - Copying 1 resource from src\main\resources to target\classes
2025-10-15 18:30:06,265 [Worker-25: Building] INFO  o.a.m.s.f.DefaultMavenResourcesFiltering - Copying 20 resources from src\main\resources to target\classes
2025-10-15 18:30:06,492 [Worker-25: Building] INFO  o.a.m.s.f.DefaultMavenResourcesFiltering - skip non existing resourceDirectory C:\Users\2440888\OneDrive - Cognizant\Desktop\Health-Insurance-Claim\health-insurance-claim\src\test\resources
2025-10-15 18:30:58,123 [Worker-28: Building] INFO  o.a.m.s.f.DefaultMavenResourcesFiltering - Copying 1 resource from src\main\resources to target\classes
2025-10-15 18:30:58,154 [Worker-28: Building] INFO  o.a.m.s.f.DefaultMavenResourcesFiltering - Copying 20 resources from src\main\resources to target\classes
2025-10-15 18:30:58,428 [Worker-28: Building] INFO  o.a.m.s.f.DefaultMavenResourcesFiltering - skip non existing resourceDirectory C:\Users\2440888\OneDrive - Cognizant\Desktop\Health-Insurance-Claim\health-insurance-claim\src\test\resources
2025-10-15 18:31:16,933 [Worker-35: Building] INFO  o.a.m.s.f.DefaultMavenResourcesFiltering - Copying 1 resource from src\main\resources to target\classes
2025-10-15 18:31:16,954 [Worker-35: Building] INFO  o.a.m.s.f.DefaultMavenResourcesFiltering - Copying 20 resources from src\main\resources to target\classes
2025-10-15 18:31:17,226 [Worker-35: Building] INFO  o.a.m.s.f.DefaultMavenResourcesFiltering - skip non existing resourceDirectory C:\Users\2440888\OneDrive - Cognizant\Desktop\Health-Insurance-Claim\health-insurance-claim\src\test\resources
2025-10-15 18:31:42,389 [Worker-35: Building] INFO  o.a.m.s.f.DefaultMavenResourcesFiltering - Copying 1 resource from src\main\resources to target\classes
2025-10-15 18:31:42,409 [Worker-35: Building] INFO  o.a.m.s.f.DefaultMavenResourcesFiltering - Copying 20 resources from src\main\resources to target\classes
2025-10-15 18:31:42,650 [Worker-35: Building] INFO  o.a.m.s.f.DefaultMavenResourcesFiltering - skip non existing resourceDirectory C:\Users\2440888\OneDrive - Cognizant\Desktop\Health-Insurance-Claim\health-insurance-claim\src\test\resources
2025-10-15 18:33:21,140 [Worker-32: Building] INFO  o.a.m.s.f.DefaultMavenResourcesFiltering - Copying 1 resource from src\main\resources to target\classes
2025-10-15 18:33:21,169 [Worker-32: Building] INFO  o.a.m.s.f.DefaultMavenResourcesFiltering - Copying 20 resources from src\main\resources to target\classes
2025-10-15 18:33:21,423 [Worker-32: Building] INFO  o.a.m.s.f.DefaultMavenResourcesFiltering - skip non existing resourceDirectory C:\Users\2440888\OneDrive - Cognizant\Desktop\Health-Insurance-Claim\health-insurance-claim\src\test\resources
2025-10-15 18:33:41,711 [Worker-24: Building] INFO  o.a.m.s.f.DefaultMavenResourcesFiltering - Copying 1 resource from src\main\resources to target\classes
2025-10-15 18:33:41,734 [Worker-24: Building] INFO  o.a.m.s.f.DefaultMavenResourcesFiltering - Copying 20 resources from src\main\resources to target\classes
2025-10-15 18:33:42,011 [Worker-24: Building] INFO  o.a.m.s.f.DefaultMavenResourcesFiltering - skip non existing resourceDirectory C:\Users\2440888\OneDrive - Cognizant\Desktop\Health-Insurance-Claim\health-insurance-claim\src\test\resources
2025-10-15 18:35:25,073 [Worker-30: Building] INFO  o.a.m.s.f.DefaultMavenResourcesFiltering - Copying 0 resource from src\main\resources to target\classes
2025-10-15 18:35:25,185 [Worker-30: Building] INFO  o.a.m.s.f.DefaultMavenResourcesFiltering - Copying 1 resource from src\main\resources to target\classes
2025-10-15 18:35:25,197 [Worker-30: Building] INFO  o.a.m.s.f.DefaultMavenResourcesFiltering - skip non existing resourceDirectory C:\Users\2440888\OneDrive - Cognizant\Desktop\Health-Insurance-Claim\health-insurance-claim\src\test\resources
2025-10-15 18:35:45,877 [Worker-34: Building] INFO  o.a.m.s.f.DefaultMavenResourcesFiltering - Copying 0 resource from src\main\resources to target\classes
2025-10-15 18:35:45,989 [Worker-34: Building] INFO  o.a.m.s.f.DefaultMavenResourcesFiltering - Copying 1 resource from src\main\resources to target\classes
2025-10-15 18:35:45,999 [Worker-34: Building] INFO  o.a.m.s.f.DefaultMavenResourcesFiltering - skip non existing resourceDirectory C:\Users\2440888\OneDrive - Cognizant\Desktop\Health-Insurance-Claim\health-insurance-claim\src\test\resources
2025-10-15 18:37:16,946 [Worker-25: Building] INFO  o.a.m.s.f.DefaultMavenResourcesFiltering - Copying 0 resource from src\main\resources to target\classes
2025-10-15 18:37:17,067 [Worker-25: Building] INFO  o.a.m.s.f.DefaultMavenResourcesFiltering - Copying 1 resource from src\main\resources to target\classes
2025-10-15 18:37:17,080 [Worker-25: Building] INFO  o.a.m.s.f.DefaultMavenResourcesFiltering - skip non existing resourceDirectory C:\Users\2440888\OneDrive - Cognizant\Desktop\Health-Insurance-Claim\health-insurance-claim\src\test\resources
2025-10-15 18:40:21,391 [Worker-30: Building] INFO  o.a.m.s.f.DefaultMavenResourcesFiltering - Copying 0 resource from src\main\resources to target\classes
2025-10-15 18:40:21,508 [Worker-30: Building] INFO  o.a.m.s.f.DefaultMavenResourcesFiltering - Copying 1 resource from src\main\resources to target\classes
2025-10-15 18:40:21,518 [Worker-30: Building] INFO  o.a.m.s.f.DefaultMavenResourcesFiltering - skip non existing resourceDirectory C:\Users\2440888\OneDrive - Cognizant\Desktop\Health-Insurance-Claim\health-insurance-claim\src\test\resources
2025-10-15 18:41:12,822 [Worker-30: Building] INFO  o.a.m.s.f.DefaultMavenResourcesFiltering - Copying 0 resource from src\main\resources to target\classes
2025-10-15 18:41:12,931 [Worker-30: Building] INFO  o.a.m.s.f.DefaultMavenResourcesFiltering - Copying 1 resource from src\main\resources to target\classes
2025-10-15 18:41:12,942 [Worker-30: Building] INFO  o.a.m.s.f.DefaultMavenResourcesFiltering - skip non existing resourceDirectory C:\Users\2440888\OneDrive - Cognizant\Desktop\Health-Insurance-Claim\health-insurance-claim\src\test\resources
2025-10-15 20:02:06,839 [Worker-30: Building] INFO  o.a.m.s.f.DefaultMavenResourcesFiltering - Copying 0 resource from src\main\resources to target\classes
2025-10-15 20:02:06,967 [Worker-30: Building] INFO  o.a.m.s.f.DefaultMavenResourcesFiltering - Copying 1 resource from src\main\resources to target\classes
2025-10-15 20:02:06,987 [Worker-30: Building] INFO  o.a.m.s.f.DefaultMavenResourcesFiltering - skip non existing resourceDirectory C:\Users\2440888\OneDrive - Cognizant\Desktop\Health-Insurance-Claim\health-insurance-claim\src\test\resources
2025-10-15 20:03:34,696 [Worker-34: Building] INFO  o.a.m.s.f.DefaultMavenResourcesFiltering - Copying 0 resource from src\main\resources to target\classes
2025-10-15 20:03:34,818 [Worker-34: Building] INFO  o.a.m.s.f.DefaultMavenResourcesFiltering - Copying 1 resource from src\main\resources to target\classes
2025-10-15 20:03:34,830 [Worker-34: Building] INFO  o.a.m.s.f.DefaultMavenResourcesFiltering - skip non existing resourceDirectory C:\Users\2440888\OneDrive - Cognizant\Desktop\Health-Insurance-Claim\health-insurance-claim\src\test\resources
2025-10-15 20:07:11,240 [Worker-25: Building] INFO  o.a.m.s.f.DefaultMavenResourcesFiltering - Copying 0 resource from src\main\resources to target\classes
2025-10-15 20:07:11,438 [Worker-25: Building] INFO  o.a.m.s.f.DefaultMavenResourcesFiltering - Copying 1 resource from src\main\resources to target\classes
2025-10-15 20:07:11,467 [Worker-25: Building] INFO  o.a.m.s.f.DefaultMavenResourcesFiltering - skip non existing resourceDirectory C:\Users\2440888\OneDrive - Cognizant\Desktop\Health-Insurance-Claim\health-insurance-claim\src\test\resources
2025-10-15 20:07:39,550 [Worker-33: Building] INFO  o.a.m.s.f.DefaultMavenResourcesFiltering - Copying 0 resource from src\main\resources to target\classes
2025-10-15 20:07:39,746 [Worker-33: Building] INFO  o.a.m.s.f.DefaultMavenResourcesFiltering - Copying 1 resource from src\main\resources to target\classes
2025-10-15 20:07:39,772 [Worker-33: Building] INFO  o.a.m.s.f.DefaultMavenResourcesFiltering - skip non existing resourceDirectory C:\Users\2440888\OneDrive - Cognizant\Desktop\Health-Insurance-Claim\health-insurance-claim\src\test\resources
2025-10-15 20:11:03,778 [Worker-30: Building] INFO  o.a.m.s.f.DefaultMavenResourcesFiltering - Copying 1 resource from src\main\resources to target\classes
2025-10-15 20:11:03,882 [Worker-30: Building] INFO  o.a.m.s.f.DefaultMavenResourcesFiltering - Copying 20 resources from src\main\resources to target\classes
2025-10-15 20:11:04,217 [Worker-30: Building] INFO  o.a.m.s.f.DefaultMavenResourcesFiltering - skip non existing resourceDirectory C:\Users\2440888\OneDrive - Cognizant\Desktop\Health-Insurance-Claim\health-insurance-claim\src\test\resources
2025-10-15 20:12:01,274 [Worker-25: Building] INFO  o.a.m.s.f.DefaultMavenResourcesFiltering - Copying 1 resource from src\main\resources to target\classes
2025-10-15 20:12:01,355 [Worker-25: Building] INFO  o.a.m.s.f.DefaultMavenResourcesFiltering - Copying 20 resources from src\main\resources to target\classes
2025-10-15 20:12:01,645 [Worker-25: Building] INFO  o.a.m.s.f.DefaultMavenResourcesFiltering - skip non existing resourceDirectory C:\Users\2440888\OneDrive - Cognizant\Desktop\Health-Insurance-Claim\health-insurance-claim\src\test\resources
2025-10-15 20:15:43,181 [Worker-37: Building] INFO  o.a.m.s.f.DefaultMavenResourcesFiltering - Copying 1 resource from src\main\resources to target\classes
2025-10-15 20:15:43,213 [Worker-37: Building] INFO  o.a.m.s.f.DefaultMavenResourcesFiltering - Copying 20 resources from src\main\resources to target\classes
2025-10-15 20:15:43,493 [Worker-37: Building] INFO  o.a.m.s.f.DefaultMavenResourcesFiltering - skip non existing resourceDirectory C:\Users\2440888\OneDrive - Cognizant\Desktop\Health-Insurance-Claim\health-insurance-claim\src\test\resources
2025-10-15 20:16:08,228 [Worker-33: Building] INFO  o.a.m.s.f.DefaultMavenResourcesFiltering - Copying 1 resource from src\main\resources to target\classes
2025-10-15 20:16:08,270 [Worker-33: Building] INFO  o.a.m.s.f.DefaultMavenResourcesFiltering - Copying 20 resources from src\main\resources to target\classes
2025-10-15 20:16:08,553 [Worker-33: Building] INFO  o.a.m.s.f.DefaultMavenResourcesFiltering - skip non existing resourceDirectory C:\Users\2440888\OneDrive - Cognizant\Desktop\Health-Insurance-Claim\health-insurance-claim\src\test\resources
2025-10-15 20:23:05,845 [Worker-25: Building] INFO  o.a.m.s.f.DefaultMavenResourcesFiltering - Copying 0 resource from src\main\resources to target\classes
2025-10-15 20:23:06,016 [Worker-25: Building] INFO  o.a.m.s.f.DefaultMavenResourcesFiltering - Copying 1 resource from src\main\resources to target\classes
2025-10-15 20:23:06,036 [Worker-25: Building] INFO  o.a.m.s.f.DefaultMavenResourcesFiltering - skip non existing resourceDirectory C:\Users\2440888\OneDrive - Cognizant\Desktop\Health-Insurance-Claim\health-insurance-claim\src\test\resources
2025-10-15 20:24:19,691 [Worker-33: Building] INFO  o.a.m.s.f.DefaultMavenResourcesFiltering - Copying 1 resource from src\main\resources to target\classes
2025-10-15 20:24:19,738 [Worker-33: Building] INFO  o.a.m.s.f.DefaultMavenResourcesFiltering - Copying 20 resources from src\main\resources to target\classes
2025-10-15 20:24:20,066 [Worker-33: Building] INFO  o.a.m.s.f.DefaultMavenResourcesFiltering - skip non existing resourceDirectory C:\Users\2440888\OneDrive - Cognizant\Desktop\Health-Insurance-Claim\health-insurance-claim\src\test\resources
2025-10-15 20:30:50,198 [Worker-37: Building] INFO  o.a.m.s.f.DefaultMavenResourcesFiltering - Copying 1 resource from src\main\resources to target\classes
2025-10-15 20:30:50,223 [Worker-37: Building] INFO  o.a.m.s.f.DefaultMavenResourcesFiltering - Copying 20 resources from src\main\resources to target\classes
2025-10-15 20:30:50,493 [Worker-37: Building] INFO  o.a.m.s.f.DefaultMavenResourcesFiltering - skip non existing resourceDirectory C:\Users\2440888\OneDrive - Cognizant\Desktop\Health-Insurance-Claim\health-insurance-claim\src\test\resources
2025-10-15 20:32:29,048 [Worker-30: Building] INFO  o.a.m.s.f.DefaultMavenResourcesFiltering - Copying 0 resource from src\main\resources to target\classes
2025-10-15 20:32:29,210 [Worker-30: Building] INFO  o.a.m.s.f.DefaultMavenResourcesFiltering - Copying 1 resource from src\main\resources to target\classes
2025-10-15 20:32:29,226 [Worker-30: Building] INFO  o.a.m.s.f.DefaultMavenResourcesFiltering - skip non existing resourceDirectory C:\Users\2440888\OneDrive - Cognizant\Desktop\Health-Insurance-Claim\health-insurance-claim\src\test\resources
2025-10-15 20:36:07,979 [Worker-36: Building] INFO  o.a.m.s.f.DefaultMavenResourcesFiltering - Copying 0 resource from src\main\resources to target\classes
2025-10-15 20:36:08,104 [Worker-36: Building] INFO  o.a.m.s.f.DefaultMavenResourcesFiltering - Copying 1 resource from src\main\resources to target\classes
2025-10-15 20:36:08,120 [Worker-36: Building] INFO  o.a.m.s.f.DefaultMavenResourcesFiltering - skip non existing resourceDirectory C:\Users\2440888\OneDrive - Cognizant\Desktop\Health-Insurance-Claim\health-insurance-claim\src\test\resources
2025-10-15 20:41:25,847 [Worker-34: Building] INFO  o.a.m.s.f.DefaultMavenResourcesFiltering - Copying 1 resource from src\main\resources to target\classes
2025-10-15 20:41:25,885 [Worker-34: Building] INFO  o.a.m.s.f.DefaultMavenResourcesFiltering - Copying 20 resources from src\main\resources to target\classes
2025-10-15 20:41:26,178 [Worker-34: Building] INFO  o.a.m.s.f.DefaultMavenResourcesFiltering - skip non existing resourceDirectory C:\Users\2440888\OneDrive - Cognizant\Desktop\Health-Insurance-Claim\health-insurance-claim\src\test\resources
2025-10-15 20:46:55,093 [Worker-34: Building] INFO  o.a.m.s.f.DefaultMavenResourcesFiltering - Copying 1 resource from src\main\resources to target\classes
2025-10-15 20:46:55,131 [Worker-34: Building] INFO  o.a.m.s.f.DefaultMavenResourcesFiltering - Copying 20 resources from src\main\resources to target\classes
2025-10-15 20:46:55,434 [Worker-34: Building] INFO  o.a.m.s.f.DefaultMavenResourcesFiltering - skip non existing resourceDirectory C:\Users\2440888\OneDrive - Cognizant\Desktop\Health-Insurance-Claim\health-insurance-claim\src\test\resources
2025-10-15 20:56:23,417 [Worker-34: Building] INFO  o.a.m.s.f.DefaultMavenResourcesFiltering - Copying 0 resource from src\main\resources to target\classes
2025-10-15 20:56:23,571 [Worker-34: Building] INFO  o.a.m.s.f.DefaultMavenResourcesFiltering - Copying 1 resource from src\main\resources to target\classes
2025-10-15 20:56:23,590 [Worker-34: Building] INFO  o.a.m.s.f.DefaultMavenResourcesFiltering - skip non existing resourceDirectory C:\Users\2440888\OneDrive - Cognizant\Desktop\Health-Insurance-Claim\health-insurance-claim\src\test\resources
2025-10-15 20:56:44,049 [Worker-36: Building] INFO  o.a.m.s.f.DefaultMavenResourcesFiltering - Copying 0 resource from src\main\resources to target\classes
2025-10-15 20:56:44,159 [Worker-36: Building] INFO  o.a.m.s.f.DefaultMavenResourcesFiltering - Copying 1 resource from src\main\resources to target\classes
2025-10-15 20:56:44,172 [Worker-36: Building] INFO  o.a.m.s.f.DefaultMavenResourcesFiltering - skip non existing resourceDirectory C:\Users\2440888\OneDrive - Cognizant\Desktop\Health-Insurance-Claim\health-insurance-claim\src\test\resources
2025-10-15 21:01:57,226 [Worker-40: Building] INFO  o.a.m.s.f.DefaultMavenResourcesFiltering - Copying 1 resource from src\main\resources to target\classes
2025-10-15 21:01:57,270 [Worker-40: Building] INFO  o.a.m.s.f.DefaultMavenResourcesFiltering - Copying 20 resources from src\main\resources to target\classes
2025-10-15 21:01:57,522 [Worker-40: Building] INFO  o.a.m.s.f.DefaultMavenResourcesFiltering - skip non existing resourceDirectory C:\Users\2440888\OneDrive - Cognizant\Desktop\Health-Insurance-Claim\health-insurance-claim\src\test\resources
2025-10-15 21:05:09,967 [Worker-37: Building] INFO  o.a.m.s.f.DefaultMavenResourcesFiltering - Copying 1 resource from src\main\resources to target\classes
2025-10-15 21:05:10,007 [Worker-37: Building] INFO  o.a.m.s.f.DefaultMavenResourcesFiltering - Copying 20 resources from src\main\resources to target\classes
2025-10-15 21:05:10,335 [Worker-37: Building] INFO  o.a.m.s.f.DefaultMavenResourcesFiltering - skip non existing resourceDirectory C:\Users\2440888\OneDrive - Cognizant\Desktop\Health-Insurance-Claim\health-insurance-claim\src\test\resources
2025-10-15 21:09:34,261 [Worker-39: Building] INFO  o.a.m.s.f.DefaultMavenResourcesFiltering - Copying 1 resource from src\main\resources to target\classes
2025-10-15 21:09:34,298 [Worker-39: Building] INFO  o.a.m.s.f.DefaultMavenResourcesFiltering - Copying 20 resources from src\main\resources to target\classes
2025-10-15 21:09:34,574 [Worker-39: Building] INFO  o.a.m.s.f.DefaultMavenResourcesFiltering - skip non existing resourceDirectory C:\Users\2440888\OneDrive - Cognizant\Desktop\Health-Insurance-Claim\health-insurance-claim\src\test\resources
2025-10-15 21:14:22,430 [Worker-39: Building] INFO  o.a.m.s.f.DefaultMavenResourcesFiltering - Copying 1 resource from src\main\resources to target\classes
2025-10-15 21:14:22,464 [Worker-39: Building] INFO  o.a.m.s.f.DefaultMavenResourcesFiltering - Copying 20 resources from src\main\resources to target\classes
2025-10-15 21:14:22,767 [Worker-39: Building] INFO  o.a.m.s.f.DefaultMavenResourcesFiltering - skip non existing resourceDirectory C:\Users\2440888\OneDrive - Cognizant\Desktop\Health-Insurance-Claim\health-insurance-claim\src\test\resources
2025-10-15 21:18:37,687 [Worker-34: Building] INFO  o.a.m.s.f.DefaultMavenResourcesFiltering - Copying 1 resource from src\main\resources to target\classes
2025-10-15 21:18:37,717 [Worker-34: Building] INFO  o.a.m.s.f.DefaultMavenResourcesFiltering - Copying 20 resources from src\main\resources to target\classes
2025-10-15 21:18:38,006 [Worker-34: Building] INFO  o.a.m.s.f.DefaultMavenResourcesFiltering - skip non existing resourceDirectory C:\Users\2440888\OneDrive - Cognizant\Desktop\Health-Insurance-Claim\health-insurance-claim\src\test\resources
2025-10-15 21:19:59,884 [Worker-30: Building] INFO  o.a.m.s.f.DefaultMavenResourcesFiltering - Copying 1 resource from src\main\resources to target\classes
2025-10-15 21:19:59,979 [Worker-30: Building] INFO  o.a.m.s.f.DefaultMavenResourcesFiltering - Copying 20 resources from src\main\resources to target\classes
2025-10-15 21:20:00,272 [Worker-30: Building] INFO  o.a.m.s.f.DefaultMavenResourcesFiltering - skip non existing resourceDirectory C:\Users\2440888\OneDrive - Cognizant\Desktop\Health-Insurance-Claim\health-insurance-claim\src\test\resources
2025-10-15 21:21:44,868 [Worker-40: Building] INFO  o.a.m.s.f.DefaultMavenResourcesFiltering - Copying 1 resource from src\main\resources to target\classes
2025-10-15 21:21:44,961 [Worker-40: Building] INFO  o.a.m.s.f.DefaultMavenResourcesFiltering - Copying 20 resources from src\main\resources to target\classes
2025-10-15 21:21:45,273 [Worker-40: Building] INFO  o.a.m.s.f.DefaultMavenResourcesFiltering - skip non existing resourceDirectory C:\Users\2440888\OneDrive - Cognizant\Desktop\Health-Insurance-Claim\health-insurance-claim\src\test\resources
2025-10-15 21:23:09,481 [Worker-25: Building] INFO  o.a.m.s.f.DefaultMavenResourcesFiltering - Copying 1 resource from src\main\resources to target\classes
2025-10-15 21:23:09,503 [Worker-25: Building] INFO  o.a.m.s.f.DefaultMavenResourcesFiltering - Copying 20 resources from src\main\resources to target\classes
2025-10-15 21:23:09,792 [Worker-25: Building] INFO  o.a.m.s.f.DefaultMavenResourcesFiltering - skip non existing resourceDirectory C:\Users\2440888\OneDrive - Cognizant\Desktop\Health-Insurance-Claim\health-insurance-claim\src\test\resources
2025-10-15 21:23:58,340 [Worker-39: Building] INFO  o.a.m.s.f.DefaultMavenResourcesFiltering - Copying 1 resource from src\main\resources to target\classes
2025-10-15 21:23:58,373 [Worker-39: Building] INFO  o.a.m.s.f.DefaultMavenResourcesFiltering - Copying 20 resources from src\main\resources to target\classes
2025-10-15 21:23:58,674 [Worker-39: Building] INFO  o.a.m.s.f.DefaultMavenResourcesFiltering - skip non existing resourceDirectory C:\Users\2440888\OneDrive - Cognizant\Desktop\Health-Insurance-Claim\health-insurance-claim\src\test\resources
2025-10-15 22:33:18,173 [Worker-42: Building] INFO  o.a.m.s.f.DefaultMavenResourcesFiltering - Copying 1 resource from src\main\resources to target\classes
2025-10-15 22:33:18,263 [Worker-42: Building] INFO  o.a.m.s.f.DefaultMavenResourcesFiltering - Copying 20 resources from src\main\resources to target\classes
2025-10-15 22:33:18,600 [Worker-42: Building] INFO  o.a.m.s.f.DefaultMavenResourcesFiltering - skip non existing resourceDirectory C:\Users\2440888\OneDrive - Cognizant\Desktop\Health-Insurance-Claim\health-insurance-claim\src\test\resources
2025-10-15 22:34:28,063 [Worker-45: Building] INFO  o.a.m.s.f.DefaultMavenResourcesFiltering - Copying 1 resource from src\main\resources to target\classes
2025-10-15 22:34:28,095 [Worker-45: Building] INFO  o.a.m.s.f.DefaultMavenResourcesFiltering - Copying 20 resources from src\main\resources to target\classes
2025-10-15 22:34:28,455 [Worker-45: Building] INFO  o.a.m.s.f.DefaultMavenResourcesFiltering - skip non existing resourceDirectory C:\Users\2440888\OneDrive - Cognizant\Desktop\Health-Insurance-Claim\health-insurance-claim\src\test\resources
2025-10-15 22:35:05,227 [Worker-42: Building] INFO  o.a.m.s.f.DefaultMavenResourcesFiltering - Copying 1 resource from src\main\resources to target\classes
2025-10-15 22:35:05,259 [Worker-42: Building] INFO  o.a.m.s.f.DefaultMavenResourcesFiltering - Copying 20 resources from src\main\resources to target\classes
2025-10-15 22:35:05,638 [Worker-42: Building] INFO  o.a.m.s.f.DefaultMavenResourcesFiltering - skip non existing resourceDirectory C:\Users\2440888\OneDrive - Cognizant\Desktop\Health-Insurance-Claim\health-insurance-claim\src\test\resources
2025-10-15 22:39:03,488 [Worker-25: Building] INFO  o.a.m.s.f.DefaultMavenResourcesFiltering - Copying 0 resource from src\main\resources to target\classes
2025-10-15 22:39:03,608 [Worker-25: Building] INFO  o.a.m.s.f.DefaultMavenResourcesFiltering - Copying 1 resource from src\main\resources to target\classes
2025-10-15 22:39:03,622 [Worker-25: Building] INFO  o.a.m.s.f.DefaultMavenResourcesFiltering - skip non existing resourceDirectory C:\Users\2440888\OneDrive - Cognizant\Desktop\Health-Insurance-Claim\health-insurance-claim\src\test\resources
2025-10-15 22:39:20,863 [Worker-44: Building] INFO  o.a.m.s.f.DefaultMavenResourcesFiltering - Copying 1 resource from src\main\resources to target\classes
2025-10-15 22:39:20,890 [Worker-44: Building] INFO  o.a.m.s.f.DefaultMavenResourcesFiltering - Copying 20 resources from src\main\resources to target\classes
2025-10-15 22:39:21,211 [Worker-44: Building] INFO  o.a.m.s.f.DefaultMavenResourcesFiltering - skip non existing resourceDirectory C:\Users\2440888\OneDrive - Cognizant\Desktop\Health-Insurance-Claim\health-insurance-claim\src\test\resources
2025-10-15 22:40:07,510 [Worker-43: Building] INFO  o.a.m.s.f.DefaultMavenResourcesFiltering - Copying 1 resource from src\main\resources to target\classes
2025-10-15 22:40:07,544 [Worker-43: Building] INFO  o.a.m.s.f.DefaultMavenResourcesFiltering - Copying 20 resources from src\main\resources to target\classes
2025-10-15 22:40:07,840 [Worker-43: Building] INFO  o.a.m.s.f.DefaultMavenResourcesFiltering - skip non existing resourceDirectory C:\Users\2440888\OneDrive - Cognizant\Desktop\Health-Insurance-Claim\health-insurance-claim\src\test\resources
2025-10-15 22:43:58,899 [Worker-43: Building] INFO  o.a.m.s.f.DefaultMavenResourcesFiltering - Copying 0 resource from src\main\resources to target\classes
2025-10-15 22:43:59,026 [Worker-43: Building] INFO  o.a.m.s.f.DefaultMavenResourcesFiltering - Copying 1 resource from src\main\resources to target\classes
2025-10-15 22:43:59,045 [Worker-43: Building] INFO  o.a.m.s.f.DefaultMavenResourcesFiltering - skip non existing resourceDirectory C:\Users\2440888\OneDrive - Cognizant\Desktop\Health-Insurance-Claim\health-insurance-claim\src\test\resources
2025-10-15 22:44:38,022 [Worker-39: Building] INFO  o.a.m.s.f.DefaultMavenResourcesFiltering - Copying 0 resource from src\main\resources to target\classes
2025-10-15 22:44:38,199 [Worker-39: Building] INFO  o.a.m.s.f.DefaultMavenResourcesFiltering - Copying 1 resource from src\main\resources to target\classes
2025-10-15 22:44:38,230 [Worker-39: Building] INFO  o.a.m.s.f.DefaultMavenResourcesFiltering - skip non existing resourceDirectory C:\Users\2440888\OneDrive - Cognizant\Desktop\Health-Insurance-Claim\health-insurance-claim\src\test\resources
2025-10-15 22:50:41,511 [Worker-42: Building] INFO  o.a.m.s.f.DefaultMavenResourcesFiltering - Copying 1 resource from src\main\resources to target\classes
2025-10-15 22:50:41,556 [Worker-42: Building] INFO  o.a.m.s.f.DefaultMavenResourcesFiltering - Copying 21 resources from src\main\resources to target\classes
2025-10-15 22:50:41,837 [Worker-42: Building] INFO  o.a.m.s.f.DefaultMavenResourcesFiltering - skip non existing resourceDirectory C:\Users\2440888\OneDrive - Cognizant\Desktop\Health-Insurance-Claim\health-insurance-claim\src\test\resources
2025-10-15 22:51:25,940 [Worker-45: Building] INFO  o.a.m.s.f.DefaultMavenResourcesFiltering - Copying 1 resource from src\main\resources to target\classes
2025-10-15 22:51:25,969 [Worker-45: Building] INFO  o.a.m.s.f.DefaultMavenResourcesFiltering - Copying 21 resources from src\main\resources to target\classes
2025-10-15 22:51:26,256 [Worker-45: Building] INFO  o.a.m.s.f.DefaultMavenResourcesFiltering - skip non existing resourceDirectory C:\Users\2440888\OneDrive - Cognizant\Desktop\Health-Insurance-Claim\health-insurance-claim\src\test\resources
2025-10-15 22:57:01,174 [Worker-43: Building] INFO  o.a.m.s.f.DefaultMavenResourcesFiltering - Copying 1 resource from src\main\resources to target\classes
2025-10-15 22:57:01,218 [Worker-43: Building] INFO  o.a.m.s.f.DefaultMavenResourcesFiltering - Copying 21 resources from src\main\resources to target\classes
2025-10-15 22:57:01,473 [Worker-43: Building] INFO  o.a.m.s.f.DefaultMavenResourcesFiltering - skip non existing resourceDirectory C:\Users\2440888\OneDrive - Cognizant\Desktop\Health-Insurance-Claim\health-insurance-claim\src\test\resources
2025-10-15 23:02:16,229 [Worker-43: Building] INFO  o.a.m.s.f.DefaultMavenResourcesFiltering - Copying 0 resource from src\main\resources to target\classes
2025-10-15 23:02:16,339 [Worker-43: Building] INFO  o.a.m.s.f.DefaultMavenResourcesFiltering - Copying 1 resource from src\main\resources to target\classes
2025-10-15 23:02:16,351 [Worker-43: Building] INFO  o.a.m.s.f.DefaultMavenResourcesFiltering - skip non existing resourceDirectory C:\Users\2440888\OneDrive - Cognizant\Desktop\Health-Insurance-Claim\health-insurance-claim\src\test\resources
2025-10-15 23:02:28,198 [Worker-44: Building] INFO  o.a.m.s.f.DefaultMavenResourcesFiltering - Copying 0 resource from src\main\resources to target\classes
2025-10-15 23:02:28,351 [Worker-44: Building] INFO  o.a.m.s.f.DefaultMavenResourcesFiltering - Copying 1 resource from src\main\resources to target\classes
2025-10-15 23:02:28,368 [Worker-44: Building] INFO  o.a.m.s.f.DefaultMavenResourcesFiltering - skip non existing resourceDirectory C:\Users\2440888\OneDrive - Cognizant\Desktop\Health-Insurance-Claim\health-insurance-claim\src\test\resources
2025-10-15 23:02:48,226 [Worker-44: Building] INFO  o.a.m.s.f.DefaultMavenResourcesFiltering - Copying 0 resource from src\main\resources to target\classes
2025-10-15 23:02:48,382 [Worker-44: Building] INFO  o.a.m.s.f.DefaultMavenResourcesFiltering - Copying 1 resource from src\main\resources to target\classes
2025-10-15 23:02:48,399 [Worker-44: Building] INFO  o.a.m.s.f.DefaultMavenResourcesFiltering - skip non existing resourceDirectory C:\Users\2440888\OneDrive - Cognizant\Desktop\Health-Insurance-Claim\health-insurance-claim\src\test\resources
2025-10-15 23:06:40,922 [Worker-39: Building] INFO  o.a.m.s.f.DefaultMavenResourcesFiltering - Copying 1 resource from src\main\resources to target\classes
2025-10-15 23:06:40,977 [Worker-39: Building] INFO  o.a.m.s.f.DefaultMavenResourcesFiltering - Copying 21 resources from src\main\resources to target\classes
2025-10-15 23:06:41,308 [Worker-39: Building] INFO  o.a.m.s.f.DefaultMavenResourcesFiltering - skip non existing resourceDirectory C:\Users\2440888\OneDrive - Cognizant\Desktop\Health-Insurance-Claim\health-insurance-claim\src\test\resources
2025-10-15 23:06:51,029 [Worker-41: Building] INFO  o.a.m.s.f.DefaultMavenResourcesFiltering - Copying 1 resource from src\main\resources to target\classes
2025-10-15 23:06:51,085 [Worker-41: Building] INFO  o.a.m.s.f.DefaultMavenResourcesFiltering - Copying 21 resources from src\main\resources to target\classes
2025-10-15 23:06:51,381 [Worker-41: Building] INFO  o.a.m.s.f.DefaultMavenResourcesFiltering - skip non existing resourceDirectory C:\Users\2440888\OneDrive - Cognizant\Desktop\Health-Insurance-Claim\health-insurance-claim\src\test\resources
2025-10-15 23:07:22,009 [Worker-41: Building] INFO  o.a.m.s.f.DefaultMavenResourcesFiltering - Copying 1 resource from src\main\resources to target\classes
2025-10-15 23:07:22,037 [Worker-41: Building] INFO  o.a.m.s.f.DefaultMavenResourcesFiltering - Copying 21 resources from src\main\resources to target\classes
2025-10-15 23:07:22,405 [Worker-41: Building] INFO  o.a.m.s.f.DefaultMavenResourcesFiltering - skip non existing resourceDirectory C:\Users\2440888\OneDrive - Cognizant\Desktop\Health-Insurance-Claim\health-insurance-claim\src\test\resources
2025-10-15 23:08:40,086 [Worker-42: Building] INFO  o.a.m.s.f.DefaultMavenResourcesFiltering - Copying 0 resource from src\main\resources to target\classes
2025-10-15 23:08:40,271 [Worker-42: Building] INFO  o.a.m.s.f.DefaultMavenResourcesFiltering - Copying 1 resource from src\main\resources to target\classes
2025-10-15 23:08:40,297 [Worker-42: Building] INFO  o.a.m.s.f.DefaultMavenResourcesFiltering - skip non existing resourceDirectory C:\Users\2440888\OneDrive - Cognizant\Desktop\Health-Insurance-Claim\health-insurance-claim\src\test\resources
2025-10-15 23:13:50,509 [Worker-43: Building] INFO  o.a.m.s.f.DefaultMavenResourcesFiltering - Copying 1 resource from src\main\resources to target\classes
2025-10-15 23:13:50,567 [Worker-43: Building] INFO  o.a.m.s.f.DefaultMavenResourcesFiltering - Copying 21 resources from src\main\resources to target\classes
2025-10-15 23:13:50,979 [Worker-43: Building] INFO  o.a.m.s.f.DefaultMavenResourcesFiltering - skip non existing resourceDirectory C:\Users\2440888\OneDrive - Cognizant\Desktop\Health-Insurance-Claim\health-insurance-claim\src\test\resources
2025-10-15 23:15:47,457 [Worker-43: Building] INFO  o.a.m.s.f.DefaultMavenResourcesFiltering - Copying 1 resource from src\main\resources to target\classes
2025-10-15 23:15:47,511 [Worker-43: Building] INFO  o.a.m.s.f.DefaultMavenResourcesFiltering - Copying 21 resources from src\main\resources to target\classes
2025-10-15 23:15:47,822 [Worker-43: Building] INFO  o.a.m.s.f.DefaultMavenResourcesFiltering - skip non existing resourceDirectory C:\Users\2440888\OneDrive - Cognizant\Desktop\Health-Insurance-Claim\health-insurance-claim\src\test\resources
2025-10-15 23:17:09,521 [Worker-43: Building] INFO  o.a.m.s.f.DefaultMavenResourcesFiltering - Copying 1 resource from src\main\resources to target\classes
2025-10-15 23:17:09,542 [Worker-43: Building] INFO  o.a.m.s.f.DefaultMavenResourcesFiltering - Copying 21 resources from src\main\resources to target\classes
2025-10-15 23:17:09,854 [Worker-43: Building] INFO  o.a.m.s.f.DefaultMavenResourcesFiltering - skip non existing resourceDirectory C:\Users\2440888\OneDrive - Cognizant\Desktop\Health-Insurance-Claim\health-insurance-claim\src\test\resources
2025-10-15 23:17:53,462 [Worker-45: Building] INFO  o.a.m.s.f.DefaultMavenResourcesFiltering - Copying 1 resource from src\main\resources to target\classes
2025-10-15 23:17:53,531 [Worker-45: Building] INFO  o.a.m.s.f.DefaultMavenResourcesFiltering - Copying 21 resources from src\main\resources to target\classes
2025-10-15 23:17:53,846 [Worker-45: Building] INFO  o.a.m.s.f.DefaultMavenResourcesFiltering - skip non existing resourceDirectory C:\Users\2440888\OneDrive - Cognizant\Desktop\Health-Insurance-Claim\health-insurance-claim\src\test\resources
2025-10-15 23:19:45,717 [Worker-46: Building] INFO  o.a.m.s.f.DefaultMavenResourcesFiltering - Copying 1 resource from src\main\resources to target\classes
2025-10-15 23:19:45,732 [Worker-46: Building] INFO  o.a.m.s.f.DefaultMavenResourcesFiltering - Copying 21 resources from src\main\resources to target\classes
2025-10-15 23:19:46,087 [Worker-46: Building] INFO  o.a.m.s.f.DefaultMavenResourcesFiltering - skip non existing resourceDirectory C:\Users\2440888\OneDrive - Cognizant\Desktop\Health-Insurance-Claim\health-insurance-claim\src\test\resources
2025-10-15 23:21:06,816 [Worker-46: Building] INFO  o.a.m.s.f.DefaultMavenResourcesFiltering - Copying 1 resource from src\main\resources to target\classes
2025-10-15 23:21:06,851 [Worker-46: Building] INFO  o.a.m.s.f.DefaultMavenResourcesFiltering - Copying 21 resources from src\main\resources to target\classes
2025-10-15 23:21:07,128 [Worker-46: Building] INFO  o.a.m.s.f.DefaultMavenResourcesFiltering - skip non existing resourceDirectory C:\Users\2440888\OneDrive - Cognizant\Desktop\Health-Insurance-Claim\health-insurance-claim\src\test\resources
2025-10-15 23:21:49,292 [Worker-46: Building] INFO  o.a.m.s.f.DefaultMavenResourcesFiltering - Copying 1 resource from src\main\resources to target\classes
2025-10-15 23:21:49,317 [Worker-46: Building] INFO  o.a.m.s.f.DefaultMavenResourcesFiltering - Copying 21 resources from src\main\resources to target\classes
2025-10-15 23:21:49,695 [Worker-46: Building] INFO  o.a.m.s.f.DefaultMavenResourcesFiltering - skip non existing resourceDirectory C:\Users\2440888\OneDrive - Cognizant\Desktop\Health-Insurance-Claim\health-insurance-claim\src\test\resources
2025-10-15 23:24:12,808 [Worker-25: Building] INFO  o.a.m.s.f.DefaultMavenResourcesFiltering - Copying 1 resource from src\main\resources to target\classes
2025-10-15 23:24:12,831 [Worker-25: Building] INFO  o.a.m.s.f.DefaultMavenResourcesFiltering - Copying 21 resources from src\main\resources to target\classes
2025-10-15 23:24:13,104 [Worker-25: Building] INFO  o.a.m.s.f.DefaultMavenResourcesFiltering - skip non existing resourceDirectory C:\Users\2440888\OneDrive - Cognizant\Desktop\Health-Insurance-Claim\health-insurance-claim\src\test\resources
2025-10-15 23:35:24,589 [Worker-43: Building] INFO  o.a.m.s.f.DefaultMavenResourcesFiltering - Copying 0 resource from src\main\resources to target\classes
2025-10-15 23:35:24,717 [Worker-43: Building] INFO  o.a.m.s.f.DefaultMavenResourcesFiltering - Copying 1 resource from src\main\resources to target\classes
2025-10-15 23:35:24,733 [Worker-43: Building] INFO  o.a.m.s.f.DefaultMavenResourcesFiltering - skip non existing resourceDirectory C:\Users\2440888\OneDrive - Cognizant\Desktop\Health-Insurance-Claim\health-insurance-claim\src\test\resources
2025-10-15 23:40:32,011 [Worker-41: Building] INFO  o.a.m.s.f.DefaultMavenResourcesFiltering - Copying 1 resource from src\main\resources to target\classes
2025-10-15 23:40:32,045 [Worker-41: Building] INFO  o.a.m.s.f.DefaultMavenResourcesFiltering - Copying 21 resources from src\main\resources to target\classes
2025-10-15 23:40:32,370 [Worker-41: Building] INFO  o.a.m.s.f.DefaultMavenResourcesFiltering - skip non existing resourceDirectory C:\Users\2440888\OneDrive - Cognizant\Desktop\Health-Insurance-Claim\health-insurance-claim\src\test\resources
2025-10-15 23:44:36,778 [Worker-44: Building] INFO  o.a.m.s.f.DefaultMavenResourcesFiltering - Copying 0 resource from src\main\resources to target\classes
2025-10-15 23:44:36,921 [Worker-44: Building] INFO  o.a.m.s.f.DefaultMavenResourcesFiltering - Copying 1 resource from src\main\resources to target\classes
2025-10-15 23:44:36,937 [Worker-44: Building] INFO  o.a.m.s.f.DefaultMavenResourcesFiltering - skip non existing resourceDirectory C:\Users\2440888\OneDrive - Cognizant\Desktop\Health-Insurance-Claim\health-insurance-claim\src\test\resources
2025-10-15 23:50:57,050 [Worker-41: Building] INFO  o.a.m.s.f.DefaultMavenResourcesFiltering - Copying 1 resource from src\main\resources to target\classes
2025-10-15 23:50:57,087 [Worker-41: Building] INFO  o.a.m.s.f.DefaultMavenResourcesFiltering - Copying 21 resources from src\main\resources to target\classes
2025-10-15 23:50:57,506 [Worker-41: Building] INFO  o.a.m.s.f.DefaultMavenResourcesFiltering - skip non existing resourceDirectory C:\Users\2440888\OneDrive - Cognizant\Desktop\Health-Insurance-Claim\health-insurance-claim\src\test\resources
2025-10-15 23:57:16,453 [Worker-43: Building] INFO  o.a.m.s.f.DefaultMavenResourcesFiltering - Copying 0 resource from src\main\resources to target\classes
2025-10-15 23:57:16,663 [Worker-43: Building] INFO  o.a.m.s.f.DefaultMavenResourcesFiltering - Copying 1 resource from src\main\resources to target\classes
2025-10-15 23:57:16,686 [Worker-43: Building] INFO  o.a.m.s.f.DefaultMavenResourcesFiltering - skip non existing resourceDirectory C:\Users\2440888\OneDrive - Cognizant\Desktop\Health-Insurance-Claim\health-insurance-claim\src\test\resources
2025-10-15 23:57:29,598 [Worker-39: Building] INFO  o.a.m.s.f.DefaultMavenResourcesFiltering - Copying 0 resource from src\main\resources to target\classes
2025-10-15 23:57:29,771 [Worker-39: Building] INFO  o.a.m.s.f.DefaultMavenResourcesFiltering - Copying 1 resource from src\main\resources to target\classes
2025-10-15 23:57:29,797 [Worker-39: Building] INFO  o.a.m.s.f.DefaultMavenResourcesFiltering - skip non existing resourceDirectory C:\Users\2440888\OneDrive - Cognizant\Desktop\Health-Insurance-Claim\health-insurance-claim\src\test\resources
2025-10-15 23:59:21,307 [Worker-42: Building] INFO  o.a.m.s.f.DefaultMavenResourcesFiltering - Copying 1 resource from src\main\resources to target\classes
2025-10-15 23:59:21,349 [Worker-42: Building] INFO  o.a.m.s.f.DefaultMavenResourcesFiltering - Copying 21 resources from src\main\resources to target\classes
2025-10-15 23:59:21,663 [Worker-42: Building] INFO  o.a.m.s.f.DefaultMavenResourcesFiltering - skip non existing resourceDirectory C:\Users\2440888\OneDrive - Cognizant\Desktop\Health-Insurance-Claim\health-insurance-claim\src\test\resources
2025-10-16 00:00:03,263 [Worker-43: Building] INFO  o.a.m.s.f.DefaultMavenResourcesFiltering - Copying 1 resource from src\main\resources to target\classes
2025-10-16 00:00:03,310 [Worker-43: Building] INFO  o.a.m.s.f.DefaultMavenResourcesFiltering - Copying 21 resources from src\main\resources to target\classes
2025-10-16 00:00:03,681 [Worker-43: Building] INFO  o.a.m.s.f.DefaultMavenResourcesFiltering - skip non existing resourceDirectory C:\Users\2440888\OneDrive - Cognizant\Desktop\Health-Insurance-Claim\health-insurance-claim\src\test\resources
2025-10-16 00:00:16,199 [Worker-42: Building] INFO  o.a.m.s.f.DefaultMavenResourcesFiltering - Copying 1 resource from src\main\resources to target\classes
2025-10-16 00:00:16,236 [Worker-42: Building] INFO  o.a.m.s.f.DefaultMavenResourcesFiltering - Copying 21 resources from src\main\resources to target\classes
2025-10-16 00:00:16,571 [Worker-42: Building] INFO  o.a.m.s.f.DefaultMavenResourcesFiltering - skip non existing resourceDirectory C:\Users\2440888\OneDrive - Cognizant\Desktop\Health-Insurance-Claim\health-insurance-claim\src\test\resources
2025-10-16 08:30:56,664 [Worker-51: Building] INFO  o.a.m.s.f.DefaultMavenResourcesFiltering - Copying 0 resource from src\main\resources to target\classes
2025-10-16 08:30:56,788 [Worker-51: Building] INFO  o.a.m.s.f.DefaultMavenResourcesFiltering - Copying 1 resource from src\main\resources to target\classes
2025-10-16 08:30:56,801 [Worker-51: Building] INFO  o.a.m.s.f.DefaultMavenResourcesFiltering - skip non existing resourceDirectory C:\Users\2440888\OneDrive - Cognizant\Desktop\Health-Insurance-Claim\health-insurance-claim\src\test\resources
2025-10-16 08:35:15,744 [Worker-52: Building] INFO  o.a.m.s.f.DefaultMavenResourcesFiltering - Copying 0 resource from src\main\resources to target\classes
2025-10-16 08:35:15,867 [Worker-52: Building] INFO  o.a.m.s.f.DefaultMavenResourcesFiltering - Copying 1 resource from src\main\resources to target\classes
2025-10-16 08:35:15,882 [Worker-52: Building] INFO  o.a.m.s.f.DefaultMavenResourcesFiltering - skip non existing resourceDirectory C:\Users\2440888\OneDrive - Cognizant\Desktop\Health-Insurance-Claim\health-insurance-claim\src\test\resources
2025-10-16 08:35:34,430 [Worker-56: Building] INFO  o.a.m.s.f.DefaultMavenResourcesFiltering - Copying 0 resource from src\main\resources to target\classes
2025-10-16 08:35:34,545 [Worker-56: Building] INFO  o.a.m.s.f.DefaultMavenResourcesFiltering - Copying 1 resource from src\main\resources to target\classes
2025-10-16 08:35:34,556 [Worker-56: Building] INFO  o.a.m.s.f.DefaultMavenResourcesFiltering - skip non existing resourceDirectory C:\Users\2440888\OneDrive - Cognizant\Desktop\Health-Insurance-Claim\health-insurance-claim\src\test\resources
2025-10-16 08:36:07,781 [Worker-57: Building] INFO  o.a.m.s.f.DefaultMavenResourcesFiltering - Copying 0 resource from src\main\resources to target\classes
2025-10-16 08:36:07,949 [Worker-57: Building] INFO  o.a.m.s.f.DefaultMavenResourcesFiltering - Copying 1 resource from src\main\resources to target\classes
2025-10-16 08:36:07,965 [Worker-57: Building] INFO  o.a.m.s.f.DefaultMavenResourcesFiltering - skip non existing resourceDirectory C:\Users\2440888\OneDrive - Cognizant\Desktop\Health-Insurance-Claim\health-insurance-claim\src\test\resources
2025-10-16 08:41:14,601 [Worker-52: Building] INFO  o.a.m.s.f.DefaultMavenResourcesFiltering - Copying 1 resource from src\main\resources to target\classes
2025-10-16 08:41:14,639 [Worker-52: Building] INFO  o.a.m.s.f.DefaultMavenResourcesFiltering - Copying 21 resources from src\main\resources to target\classes
2025-10-16 08:41:14,892 [Worker-52: Building] INFO  o.a.m.s.f.DefaultMavenResourcesFiltering - skip non existing resourceDirectory C:\Users\2440888\OneDrive - Cognizant\Desktop\Health-Insurance-Claim\health-insurance-claim\src\test\resources
2025-10-16 08:48:14,041 [Worker-52: Building] INFO  o.a.m.s.f.DefaultMavenResourcesFiltering - Copying 1 resource from src\main\resources to target\classes
2025-10-16 08:48:14,136 [Worker-52: Building] INFO  o.a.m.s.f.DefaultMavenResourcesFiltering - Copying 21 resources from src\main\resources to target\classes
2025-10-16 08:48:14,403 [Worker-52: Building] INFO  o.a.m.s.f.DefaultMavenResourcesFiltering - skip non existing resourceDirectory C:\Users\2440888\OneDrive - Cognizant\Desktop\Health-Insurance-Claim\health-insurance-claim\src\test\resources
2025-10-16 08:49:12,247 [Worker-60: Building] INFO  o.a.m.s.f.DefaultMavenResourcesFiltering - Copying 1 resource from src\main\resources to target\classes
2025-10-16 08:49:12,269 [Worker-60: Building] INFO  o.a.m.s.f.DefaultMavenResourcesFiltering - Copying 21 resources from src\main\resources to target\classes
2025-10-16 08:49:12,520 [Worker-60: Building] INFO  o.a.m.s.f.DefaultMavenResourcesFiltering - skip non existing resourceDirectory C:\Users\2440888\OneDrive - Cognizant\Desktop\Health-Insurance-Claim\health-insurance-claim\src\test\resources
2025-10-16 08:51:42,613 [Worker-58: Building] INFO  o.a.m.s.f.DefaultMavenResourcesFiltering - Copying 1 resource from src\main\resources to target\classes
2025-10-16 08:51:42,643 [Worker-58: Building] INFO  o.a.m.s.f.DefaultMavenResourcesFiltering - Copying 21 resources from src\main\resources to target\classes
2025-10-16 08:51:42,883 [Worker-58: Building] INFO  o.a.m.s.f.DefaultMavenResourcesFiltering - skip non existing resourceDirectory C:\Users\2440888\OneDrive - Cognizant\Desktop\Health-Insurance-Claim\health-insurance-claim\src\test\resources
2025-10-16 08:54:43,551 [Worker-39: Building] INFO  o.a.m.s.f.DefaultMavenResourcesFiltering - Copying 0 resource from src\main\resources to target\classes
2025-10-16 08:54:43,667 [Worker-39: Building] INFO  o.a.m.s.f.DefaultMavenResourcesFiltering - Copying 1 resource from src\main\resources to target\classes
2025-10-16 08:54:43,678 [Worker-39: Building] INFO  o.a.m.s.f.DefaultMavenResourcesFiltering - skip non existing resourceDirectory C:\Users\2440888\OneDrive - Cognizant\Desktop\Health-Insurance-Claim\health-insurance-claim\src\test\resources
2025-10-16 09:03:11,943 [Worker-59: Building] INFO  o.a.m.s.f.DefaultMavenResourcesFiltering - Copying 1 resource from src\main\resources to target\classes
2025-10-16 09:03:11,966 [Worker-59: Building] INFO  o.a.m.s.f.DefaultMavenResourcesFiltering - Copying 21 resources from src\main\resources to target\classes
2025-10-16 09:03:12,192 [Worker-59: Building] INFO  o.a.m.s.f.DefaultMavenResourcesFiltering - skip non existing resourceDirectory C:\Users\2440888\OneDrive - Cognizant\Desktop\Health-Insurance-Claim\health-insurance-claim\src\test\resources
2025-10-16 10:15:22,817 [Worker-64: Building] INFO  o.a.m.s.f.DefaultMavenResourcesFiltering - Copying 1 resource from src\main\resources to target\classes
2025-10-16 10:15:22,876 [Worker-64: Building] INFO  o.a.m.s.f.DefaultMavenResourcesFiltering - Copying 21 resources from src\main\resources to target\classes
2025-10-16 10:15:23,157 [Worker-64: Building] INFO  o.a.m.s.f.DefaultMavenResourcesFiltering - skip non existing resourceDirectory C:\Users\2440888\OneDrive - Cognizant\Desktop\Health-Insurance-Claim\health-insurance-claim\src\test\resources
2025-10-16 10:18:47,257 [Worker-57: Building] INFO  o.a.m.s.f.DefaultMavenResourcesFiltering - Copying 1 resource from src\main\resources to target\classes
2025-10-16 10:18:47,308 [Worker-57: Building] INFO  o.a.m.s.f.DefaultMavenResourcesFiltering - Copying 21 resources from src\main\resources to target\classes
2025-10-16 10:18:47,552 [Worker-57: Building] INFO  o.a.m.s.f.DefaultMavenResourcesFiltering - skip non existing resourceDirectory C:\Users\2440888\OneDrive - Cognizant\Desktop\Health-Insurance-Claim\health-insurance-claim\src\test\resources
2025-10-16 10:19:25,614 [Worker-57: Building] INFO  o.a.m.s.f.DefaultMavenResourcesFiltering - Copying 1 resource from src\main\resources to target\classes
2025-10-16 10:19:25,645 [Worker-57: Building] INFO  o.a.m.s.f.DefaultMavenResourcesFiltering - Copying 21 resources from src\main\resources to target\classes
2025-10-16 10:19:25,893 [Worker-57: Building] INFO  o.a.m.s.f.DefaultMavenResourcesFiltering - skip non existing resourceDirectory C:\Users\2440888\OneDrive - Cognizant\Desktop\Health-Insurance-Claim\health-insurance-claim\src\test\resources
2025-10-16 10:22:10,460 [Worker-64: Building] INFO  o.a.m.s.f.DefaultMavenResourcesFiltering - Copying 0 resource from src\main\resources to target\classes
2025-10-16 10:22:10,676 [Worker-64: Building] INFO  o.a.m.s.f.DefaultMavenResourcesFiltering - Copying 1 resource from src\main\resources to target\classes
2025-10-16 10:22:10,694 [Worker-64: Building] INFO  o.a.m.s.f.DefaultMavenResourcesFiltering - skip non existing resourceDirectory C:\Users\2440888\OneDrive - Cognizant\Desktop\Health-Insurance-Claim\health-insurance-claim\src\test\resources
2025-10-16 10:23:44,386 [Worker-62: Building] INFO  o.a.m.s.f.DefaultMavenResourcesFiltering - Copying 1 resource from src\main\resources to target\classes
2025-10-16 10:23:44,429 [Worker-62: Building] INFO  o.a.m.s.f.DefaultMavenResourcesFiltering - Copying 21 resources from src\main\resources to target\classes
2025-10-16 10:23:44,785 [Worker-62: Building] INFO  o.a.m.s.f.DefaultMavenResourcesFiltering - skip non existing resourceDirectory C:\Users\2440888\OneDrive - Cognizant\Desktop\Health-Insurance-Claim\health-insurance-claim\src\test\resources
2025-10-16 10:23:56,776 [Worker-66: Building] INFO  o.a.m.s.f.DefaultMavenResourcesFiltering - Copying 1 resource from src\main\resources to target\classes
2025-10-16 10:23:56,804 [Worker-66: Building] INFO  o.a.m.s.f.DefaultMavenResourcesFiltering - Copying 21 resources from src\main\resources to target\classes
2025-10-16 10:23:57,164 [Worker-66: Building] INFO  o.a.m.s.f.DefaultMavenResourcesFiltering - skip non existing resourceDirectory C:\Users\2440888\OneDrive - Cognizant\Desktop\Health-Insurance-Claim\health-insurance-claim\src\test\resources
2025-10-16 10:26:50,959 [Worker-63: Building] INFO  o.a.m.s.f.DefaultMavenResourcesFiltering - Copying 1 resource from src\main\resources to target\classes
2025-10-16 10:26:51,023 [Worker-63: Building] INFO  o.a.m.s.f.DefaultMavenResourcesFiltering - Copying 21 resources from src\main\resources to target\classes
2025-10-16 10:26:51,297 [Worker-63: Building] INFO  o.a.m.s.f.DefaultMavenResourcesFiltering - skip non existing resourceDirectory C:\Users\2440888\OneDrive - Cognizant\Desktop\Health-Insurance-Claim\health-insurance-claim\src\test\resources
2025-10-16 10:29:57,927 [Worker-65: Building] INFO  o.a.m.s.f.DefaultMavenResourcesFiltering - Copying 0 resource from src\main\resources to target\classes
2025-10-16 10:29:58,097 [Worker-65: Building] INFO  o.a.m.s.f.DefaultMavenResourcesFiltering - Copying 1 resource from src\main\resources to target\classes
2025-10-16 10:29:58,124 [Worker-65: Building] INFO  o.a.m.s.f.DefaultMavenResourcesFiltering - skip non existing resourceDirectory C:\Users\2440888\OneDrive - Cognizant\Desktop\Health-Insurance-Claim\health-insurance-claim\src\test\resources
2025-10-16 10:30:24,714 [Worker-64: Building] INFO  o.a.m.s.f.DefaultMavenResourcesFiltering - Copying 0 resource from src\main\resources to target\classes
2025-10-16 10:30:24,919 [Worker-64: Building] INFO  o.a.m.s.f.DefaultMavenResourcesFiltering - Copying 1 resource from src\main\resources to target\classes
2025-10-16 10:30:24,943 [Worker-64: Building] INFO  o.a.m.s.f.DefaultMavenResourcesFiltering - skip non existing resourceDirectory C:\Users\2440888\OneDrive - Cognizant\Desktop\Health-Insurance-Claim\health-insurance-claim\src\test\resources
2025-10-16 10:31:03,299 [Worker-66: Building] INFO  o.a.m.s.f.DefaultMavenResourcesFiltering - Copying 1 resource from src\main\resources to target\classes
2025-10-16 10:31:03,329 [Worker-66: Building] INFO  o.a.m.s.f.DefaultMavenResourcesFiltering - Copying 21 resources from src\main\resources to target\classes
2025-10-16 10:31:03,701 [Worker-66: Building] INFO  o.a.m.s.f.DefaultMavenResourcesFiltering - skip non existing resourceDirectory C:\Users\2440888\OneDrive - Cognizant\Desktop\Health-Insurance-Claim\health-insurance-claim\src\test\resources
2025-10-16 10:31:46,206 [Worker-39: Building] INFO  o.a.m.s.f.DefaultMavenResourcesFiltering - Copying 1 resource from src\main\resources to target\classes
2025-10-16 10:31:46,231 [Worker-39: Building] INFO  o.a.m.s.f.DefaultMavenResourcesFiltering - Copying 21 resources from src\main\resources to target\classes
2025-10-16 10:31:46,536 [Worker-39: Building] INFO  o.a.m.s.f.DefaultMavenResourcesFiltering - skip non existing resourceDirectory C:\Users\2440888\OneDrive - Cognizant\Desktop\Health-Insurance-Claim\health-insurance-claim\src\test\resources
2025-10-16 10:36:31,835 [Worker-68: Building] INFO  o.a.m.s.f.DefaultMavenResourcesFiltering - Copying 0 resource from src\main\resources to target\classes
2025-10-16 10:36:31,995 [Worker-68: Building] INFO  o.a.m.s.f.DefaultMavenResourcesFiltering - Copying 0 resource from src\main\resources to target\classes
2025-10-16 10:36:32,006 [Worker-68: Building] INFO  o.a.m.s.f.DefaultMavenResourcesFiltering - skip non existing resourceDirectory C:\Users\2440888\OneDrive - Cognizant\Desktop\Health-Insurance-Claim\health-insurance-claim\src\test\resources
2025-10-16 10:39:40,697 [Worker-68: Building] INFO  o.a.m.s.f.DefaultMavenResourcesFiltering - Copying 1 resource from src\main\resources to target\classes
2025-10-16 10:39:40,728 [Worker-68: Building] INFO  o.a.m.s.f.DefaultMavenResourcesFiltering - Copying 20 resources from src\main\resources to target\classes
2025-10-16 10:39:41,103 [Worker-68: Building] INFO  o.a.m.s.f.DefaultMavenResourcesFiltering - skip non existing resourceDirectory C:\Users\2440888\OneDrive - Cognizant\Desktop\Health-Insurance-Claim\health-insurance-claim\src\test\resources
2025-10-16 10:40:35,548 [Worker-63: Building] INFO  o.a.m.s.f.DefaultMavenResourcesFiltering - Copying 0 resource from src\main\resources to target\classes
2025-10-16 10:40:35,751 [Worker-63: Building] INFO  o.a.m.s.f.DefaultMavenResourcesFiltering - Copying 1 resource from src\main\resources to target\classes
2025-10-16 10:40:35,777 [Worker-63: Building] INFO  o.a.m.s.f.DefaultMavenResourcesFiltering - skip non existing resourceDirectory C:\Users\2440888\OneDrive - Cognizant\Desktop\Health-Insurance-Claim\health-insurance-claim\src\test\resources
2025-10-16 10:49:38,715 [Worker-52: Building] INFO  o.a.m.s.f.DefaultMavenResourcesFiltering - Copying 1 resource from src\main\resources to target\classes
2025-10-16 10:49:38,766 [Worker-52: Building] INFO  o.a.m.s.f.DefaultMavenResourcesFiltering - Copying 20 resources from src\main\resources to target\classes
2025-10-16 10:49:39,173 [Worker-52: Building] INFO  o.a.m.s.f.DefaultMavenResourcesFiltering - skip non existing resourceDirectory C:\Users\2440888\OneDrive - Cognizant\Desktop\Health-Insurance-Claim\health-insurance-claim\src\test\resources
2025-10-16 10:50:04,715 [Worker-52: Building] INFO  o.a.m.s.f.DefaultMavenResourcesFiltering - Copying 0 resource from src\main\resources to target\classes
2025-10-16 10:50:04,860 [Worker-52: Building] INFO  o.a.m.s.f.DefaultMavenResourcesFiltering - Copying 0 resource from src\main\resources to target\classes
2025-10-16 10:50:04,863 [Worker-52: Building] INFO  o.a.m.s.f.DefaultMavenResourcesFiltering - skip non existing resourceDirectory C:\Users\2440888\OneDrive - Cognizant\Desktop\Health-Insurance-Claim\health-insurance-claim\src\test\resources
2025-10-16 10:50:06,466 [Worker-64: Building] INFO  o.a.m.s.f.DefaultMavenResourcesFiltering - Copying 0 resource from src\main\resources to target\classes
2025-10-16 10:50:06,472 [Worker-64: Building] INFO  o.a.m.s.f.DefaultMavenResourcesFiltering - Copying 0 resource from src\main\resources to target\classes
2025-10-16 10:50:06,475 [Worker-64: Building] INFO  o.a.m.s.f.DefaultMavenResourcesFiltering - skip non existing resourceDirectory C:\Users\2440888\OneDrive - Cognizant\Desktop\Health-Insurance-Claim\health-insurance-claim\src\test\resources
2025-10-16 10:50:08,869 [Worker-67: Building] INFO  o.a.m.s.f.DefaultMavenResourcesFiltering - Copying 0 resource from src\main\resources to target\classes
2025-10-16 10:50:08,882 [Worker-67: Building] INFO  o.a.m.s.f.DefaultMavenResourcesFiltering - Copying 0 resource from src\main\resources to target\classes
2025-10-16 10:50:08,883 [Worker-67: Building] INFO  o.a.m.s.f.DefaultMavenResourcesFiltering - skip non existing resourceDirectory C:\Users\2440888\OneDrive - Cognizant\Desktop\Health-Insurance-Claim\health-insurance-claim\src\test\resources
2025-10-16 11:05:17,820 [Worker-72: Building] INFO  o.a.m.s.f.DefaultMavenResourcesFiltering - Copying 1 resource from src\main\resources to target\classes
2025-10-16 11:05:17,853 [Worker-72: Building] INFO  o.a.m.s.f.DefaultMavenResourcesFiltering - Copying 20 resources from src\main\resources to target\classes
2025-10-16 11:05:18,109 [Worker-72: Building] INFO  o.a.m.s.f.DefaultMavenResourcesFiltering - skip non existing resourceDirectory C:\Users\2440888\OneDrive - Cognizant\Desktop\Health-Insurance-Claim\health-insurance-claim\src\test\resources
2025-10-16 11:12:39,632 [Worker-69: Building] INFO  o.a.m.s.f.DefaultMavenResourcesFiltering - Copying 0 resource from src\main\resources to target\classes
2025-10-16 11:12:39,774 [Worker-69: Building] INFO  o.a.m.s.f.DefaultMavenResourcesFiltering - Copying 1 resource from src\main\resources to target\classes
2025-10-16 11:12:39,793 [Worker-69: Building] INFO  o.a.m.s.f.DefaultMavenResourcesFiltering - skip non existing resourceDirectory C:\Users\2440888\OneDrive - Cognizant\Desktop\Health-Insurance-Claim\health-insurance-claim\src\test\resources
2025-10-16 11:15:29,625 [Worker-80: Building] INFO  o.a.m.s.f.DefaultMavenResourcesFiltering - Copying 1 resource from src\main\resources to target\classes
2025-10-16 11:15:29,734 [Worker-80: Building] INFO  o.a.m.s.f.DefaultMavenResourcesFiltering - Copying 20 resources from src\main\resources to target\classes
2025-10-16 11:15:30,067 [Worker-80: Building] INFO  o.a.m.s.f.DefaultMavenResourcesFiltering - skip non existing resourceDirectory C:\Users\2440888\OneDrive - Cognizant\Desktop\Health-Insurance-Claim\health-insurance-claim\src\test\resources
2025-10-16 11:37:20,842 [Worker-72: Building] INFO  o.a.m.s.f.DefaultMavenResourcesFiltering - Copying 0 resource from src\main\resources to target\classes
2025-10-16 11:37:21,014 [Worker-72: Building] INFO  o.a.m.s.f.DefaultMavenResourcesFiltering - Copying 1 resource from src\main\resources to target\classes
2025-10-16 11:37:21,039 [Worker-72: Building] INFO  o.a.m.s.f.DefaultMavenResourcesFiltering - skip non existing resourceDirectory C:\Users\2440888\OneDrive - Cognizant\Desktop\Health-Insurance-Claim\health-insurance-claim\src\test\resources
2025-10-16 11:40:29,683 [Worker-69: Building] INFO  o.a.m.s.f.DefaultMavenResourcesFiltering - Copying 0 resource from src\main\resources to target\classes
2025-10-16 11:40:29,890 [Worker-69: Building] INFO  o.a.m.s.f.DefaultMavenResourcesFiltering - Copying 1 resource from src\main\resources to target\classes
2025-10-16 11:40:29,915 [Worker-69: Building] INFO  o.a.m.s.f.DefaultMavenResourcesFiltering - skip non existing resourceDirectory C:\Users\2440888\OneDrive - Cognizant\Desktop\Health-Insurance-Claim\health-insurance-claim\src\test\resources
2025-10-16 11:41:04,096 [Worker-78: Building] INFO  o.a.m.s.f.DefaultMavenResourcesFiltering - Copying 0 resource from src\main\resources to target\classes
2025-10-16 11:41:04,240 [Worker-78: Building] INFO  o.a.m.s.f.DefaultMavenResourcesFiltering - Copying 1 resource from src\main\resources to target\classes
2025-10-16 11:41:04,261 [Worker-78: Building] INFO  o.a.m.s.f.DefaultMavenResourcesFiltering - skip non existing resourceDirectory C:\Users\2440888\OneDrive - Cognizant\Desktop\Health-Insurance-Claim\health-insurance-claim\src\test\resources
2025-10-16 11:41:24,499 [Worker-69: Building] INFO  o.a.m.s.f.DefaultMavenResourcesFiltering - Copying 0 resource from src\main\resources to target\classes
2025-10-16 11:41:24,761 [Worker-69: Building] INFO  o.a.m.s.f.DefaultMavenResourcesFiltering - Copying 1 resource from src\main\resources to target\classes
2025-10-16 11:41:24,776 [Worker-69: Building] INFO  o.a.m.s.f.DefaultMavenResourcesFiltering - skip non existing resourceDirectory C:\Users\2440888\OneDrive - Cognizant\Desktop\Health-Insurance-Claim\health-insurance-claim\src\test\resources
2025-10-16 11:51:50,034 [Worker-72: Building] INFO  o.a.m.s.f.DefaultMavenResourcesFiltering - Copying 0 resource from src\main\resources to target\classes
2025-10-16 11:51:50,248 [Worker-72: Building] INFO  o.a.m.s.f.DefaultMavenResourcesFiltering - Copying 1 resource from src\main\resources to target\classes
2025-10-16 11:51:50,281 [Worker-72: Building] INFO  o.a.m.s.f.DefaultMavenResourcesFiltering - skip non existing resourceDirectory C:\Users\2440888\OneDrive - Cognizant\Desktop\Health-Insurance-Claim\health-insurance-claim\src\test\resources
2025-10-16 11:54:19,319 [Worker-76: Building] INFO  o.a.m.s.f.DefaultMavenResourcesFiltering - Copying 0 resource from src\main\resources to target\classes
2025-10-16 11:54:19,406 [Worker-76: Building] INFO  o.a.m.s.f.DefaultMavenResourcesFiltering - Copying 1 resource from src\main\resources to target\classes
2025-10-16 11:54:19,417 [Worker-76: Building] INFO  o.a.m.s.f.DefaultMavenResourcesFiltering - skip non existing resourceDirectory C:\Users\2440888\OneDrive - Cognizant\Desktop\Health-Insurance-Claim\health-insurance-claim\src\test\resources
2025-10-16 11:58:11,224 [Worker-80: Building] INFO  o.a.m.s.f.DefaultMavenResourcesFiltering - Copying 0 resource from src\main\resources to target\classes
2025-10-16 11:58:11,335 [Worker-80: Building] INFO  o.a.m.s.f.DefaultMavenResourcesFiltering - Copying 1 resource from src\main\resources to target\classes
2025-10-16 11:58:11,335 [Worker-80: Building] INFO  o.a.m.s.f.DefaultMavenResourcesFiltering - skip non existing resourceDirectory C:\Users\2440888\OneDrive - Cognizant\Desktop\Health-Insurance-Claim\health-insurance-claim\src\test\resources
2025-10-16 12:00:48,125 [Worker-81: Building] INFO  o.a.m.s.f.DefaultMavenResourcesFiltering - Copying 0 resource from src\main\resources to target\classes
2025-10-16 12:00:48,257 [Worker-81: Building] INFO  o.a.m.s.f.DefaultMavenResourcesFiltering - Copying 1 resource from src\main\resources to target\classes
2025-10-16 12:00:48,268 [Worker-81: Building] INFO  o.a.m.s.f.DefaultMavenResourcesFiltering - skip non existing resourceDirectory C:\Users\2440888\OneDrive - Cognizant\Desktop\Health-Insurance-Claim\health-insurance-claim\src\test\resources
2025-10-16 12:01:30,893 [Worker-76: Building] INFO  o.a.m.s.f.DefaultMavenResourcesFiltering - Copying 0 resource from src\main\resources to target\classes
2025-10-16 12:01:31,010 [Worker-76: Building] INFO  o.a.m.s.f.DefaultMavenResourcesFiltering - Copying 1 resource from src\main\resources to target\classes
2025-10-16 12:01:31,020 [Worker-76: Building] INFO  o.a.m.s.f.DefaultMavenResourcesFiltering - skip non existing resourceDirectory C:\Users\2440888\OneDrive - Cognizant\Desktop\Health-Insurance-Claim\health-insurance-claim\src\test\resources
2025-10-16 12:04:33,677 [Worker-82: Building] INFO  o.a.m.s.f.DefaultMavenResourcesFiltering - Copying 0 resource from src\main\resources to target\classes
2025-10-16 12:04:33,810 [Worker-82: Building] INFO  o.a.m.s.f.DefaultMavenResourcesFiltering - Copying 1 resource from src\main\resources to target\classes
2025-10-16 12:04:33,826 [Worker-82: Building] INFO  o.a.m.s.f.DefaultMavenResourcesFiltering - skip non existing resourceDirectory C:\Users\2440888\OneDrive - Cognizant\Desktop\Health-Insurance-Claim\health-insurance-claim\src\test\resources
2025-10-16 12:06:46,833 [Worker-69: Building] INFO  o.a.m.s.f.DefaultMavenResourcesFiltering - Copying 1 resource from src\main\resources to target\classes
2025-10-16 12:06:46,891 [Worker-69: Building] INFO  o.a.m.s.f.DefaultMavenResourcesFiltering - Copying 20 resources from src\main\resources to target\classes
2025-10-16 12:06:47,136 [Worker-69: Building] INFO  o.a.m.s.f.DefaultMavenResourcesFiltering - skip non existing resourceDirectory C:\Users\2440888\OneDrive - Cognizant\Desktop\Health-Insurance-Claim\health-insurance-claim\src\test\resources
2025-10-16 12:12:29,590 [Worker-77: Building] INFO  o.a.m.s.f.DefaultMavenResourcesFiltering - Copying 0 resource from src\main\resources to target\classes
2025-10-16 12:12:29,698 [Worker-77: Building] INFO  o.a.m.s.f.DefaultMavenResourcesFiltering - Copying 1 resource from src\main\resources to target\classes
2025-10-16 12:12:29,710 [Worker-77: Building] INFO  o.a.m.s.f.DefaultMavenResourcesFiltering - skip non existing resourceDirectory C:\Users\2440888\OneDrive - Cognizant\Desktop\Health-Insurance-Claim\health-insurance-claim\src\test\resources
2025-10-16 12:14:00,483 [Worker-69: Building] INFO  o.a.m.s.f.DefaultMavenResourcesFiltering - Copying 0 resource from src\main\resources to target\classes
2025-10-16 12:14:00,597 [Worker-69: Building] INFO  o.a.m.s.f.DefaultMavenResourcesFiltering - Copying 1 resource from src\main\resources to target\classes
2025-10-16 12:14:00,607 [Worker-69: Building] INFO  o.a.m.s.f.DefaultMavenResourcesFiltering - skip non existing resourceDirectory C:\Users\2440888\OneDrive - Cognizant\Desktop\Health-Insurance-Claim\health-insurance-claim\src\test\resources
2025-10-16 12:14:08,672 [Worker-72: Building] INFO  o.a.m.s.f.DefaultMavenResourcesFiltering - Copying 0 resource from src\main\resources to target\classes
2025-10-16 12:14:08,689 [Worker-72: Building] INFO  o.a.m.s.f.DefaultMavenResourcesFiltering - Copying 1 resource from src\main\resources to target\classes
2025-10-16 12:14:08,703 [Worker-72: Building] INFO  o.a.m.s.f.DefaultMavenResourcesFiltering - skip non existing resourceDirectory C:\Users\2440888\OneDrive - Cognizant\Desktop\Health-Insurance-Claim\health-insurance-claim\src\test\resources
2025-10-16 12:14:15,727 [Worker-82: Building] INFO  o.a.m.s.f.DefaultMavenResourcesFiltering - Copying 0 resource from src\main\resources to target\classes
2025-10-16 12:14:15,853 [Worker-82: Building] INFO  o.a.m.s.f.DefaultMavenResourcesFiltering - Copying 1 resource from src\main\resources to target\classes
2025-10-16 12:14:15,868 [Worker-82: Building] INFO  o.a.m.s.f.DefaultMavenResourcesFiltering - skip non existing resourceDirectory C:\Users\2440888\OneDrive - Cognizant\Desktop\Health-Insurance-Claim\health-insurance-claim\src\test\resources
2025-10-16 12:14:24,108 [Worker-75: Building] INFO  o.a.m.s.f.DefaultMavenResourcesFiltering - Copying 0 resource from src\main\resources to target\classes
2025-10-16 12:14:24,124 [Worker-75: Building] INFO  o.a.m.s.f.DefaultMavenResourcesFiltering - Copying 1 resource from src\main\resources to target\classes
2025-10-16 12:14:24,135 [Worker-75: Building] INFO  o.a.m.s.f.DefaultMavenResourcesFiltering - skip non existing resourceDirectory C:\Users\2440888\OneDrive - Cognizant\Desktop\Health-Insurance-Claim\health-insurance-claim\src\test\resources
2025-10-16 12:14:32,566 [Worker-76: Building] INFO  o.a.m.s.f.DefaultMavenResourcesFiltering - Copying 0 resource from src\main\resources to target\classes
2025-10-16 12:14:32,675 [Worker-76: Building] INFO  o.a.m.s.f.DefaultMavenResourcesFiltering - Copying 1 resource from src\main\resources to target\classes
2025-10-16 12:14:32,694 [Worker-76: Building] INFO  o.a.m.s.f.DefaultMavenResourcesFiltering - skip non existing resourceDirectory C:\Users\2440888\OneDrive - Cognizant\Desktop\Health-Insurance-Claim\health-insurance-claim\src\test\resources
2025-10-16 12:14:57,108 [Worker-69: Building] INFO  o.a.m.s.f.DefaultMavenResourcesFiltering - Copying 0 resource from src\main\resources to target\classes
2025-10-16 12:14:57,210 [Worker-69: Building] INFO  o.a.m.s.f.DefaultMavenResourcesFiltering - Copying 1 resource from src\main\resources to target\classes
2025-10-16 12:14:57,218 [Worker-69: Building] INFO  o.a.m.s.f.DefaultMavenResourcesFiltering - skip non existing resourceDirectory C:\Users\2440888\OneDrive - Cognizant\Desktop\Health-Insurance-Claim\health-insurance-claim\src\test\resources
2025-10-16 12:16:03,619 [Worker-69: Building] INFO  o.a.m.s.f.DefaultMavenResourcesFiltering - Copying 0 resource from src\main\resources to target\classes
2025-10-16 12:16:03,730 [Worker-69: Building] INFO  o.a.m.s.f.DefaultMavenResourcesFiltering - Copying 1 resource from src\main\resources to target\classes
2025-10-16 12:16:03,741 [Worker-69: Building] INFO  o.a.m.s.f.DefaultMavenResourcesFiltering - skip non existing resourceDirectory C:\Users\2440888\OneDrive - Cognizant\Desktop\Health-Insurance-Claim\health-insurance-claim\src\test\resources
2025-10-16 12:16:18,877 [Worker-76: Building] INFO  o.a.m.s.f.DefaultMavenResourcesFiltering - Copying 0 resource from src\main\resources to target\classes
2025-10-16 12:16:19,016 [Worker-76: Building] INFO  o.a.m.s.f.DefaultMavenResourcesFiltering - Copying 1 resource from src\main\resources to target\classes
2025-10-16 12:16:19,028 [Worker-76: Building] INFO  o.a.m.s.f.DefaultMavenResourcesFiltering - skip non existing resourceDirectory C:\Users\2440888\OneDrive - Cognizant\Desktop\Health-Insurance-Claim\health-insurance-claim\src\test\resources
2025-10-16 12:16:26,464 [Worker-82: Building] INFO  o.a.m.s.f.DefaultMavenResourcesFiltering - Copying 0 resource from src\main\resources to target\classes
2025-10-16 12:16:26,475 [Worker-82: Building] INFO  o.a.m.s.f.DefaultMavenResourcesFiltering - Copying 1 resource from src\main\resources to target\classes
2025-10-16 12:16:26,485 [Worker-82: Building] INFO  o.a.m.s.f.DefaultMavenResourcesFiltering - skip non existing resourceDirectory C:\Users\2440888\OneDrive - Cognizant\Desktop\Health-Insurance-Claim\health-insurance-claim\src\test\resources
2025-10-16 12:16:35,194 [Worker-75: Building] INFO  o.a.m.s.f.DefaultMavenResourcesFiltering - Copying 0 resource from src\main\resources to target\classes
2025-10-16 12:16:35,304 [Worker-75: Building] INFO  o.a.m.s.f.DefaultMavenResourcesFiltering - Copying 1 resource from src\main\resources to target\classes
2025-10-16 12:16:35,312 [Worker-75: Building] INFO  o.a.m.s.f.DefaultMavenResourcesFiltering - skip non existing resourceDirectory C:\Users\2440888\OneDrive - Cognizant\Desktop\Health-Insurance-Claim\health-insurance-claim\src\test\resources
2025-10-16 12:16:41,708 [Worker-80: Building] INFO  o.a.m.s.f.DefaultMavenResourcesFiltering - Copying 0 resource from src\main\resources to target\classes
2025-10-16 12:16:41,720 [Worker-80: Building] INFO  o.a.m.s.f.DefaultMavenResourcesFiltering - Copying 1 resource from src\main\resources to target\classes
2025-10-16 12:16:41,730 [Worker-80: Building] INFO  o.a.m.s.f.DefaultMavenResourcesFiltering - skip non existing resourceDirectory C:\Users\2440888\OneDrive - Cognizant\Desktop\Health-Insurance-Claim\health-insurance-claim\src\test\resources
2025-10-16 12:16:52,034 [Worker-72: Building] INFO  o.a.m.s.f.DefaultMavenResourcesFiltering - Copying 0 resource from src\main\resources to target\classes
2025-10-16 12:16:52,142 [Worker-72: Building] INFO  o.a.m.s.f.DefaultMavenResourcesFiltering - Copying 1 resource from src\main\resources to target\classes
2025-10-16 12:16:52,152 [Worker-72: Building] INFO  o.a.m.s.f.DefaultMavenResourcesFiltering - skip non existing resourceDirectory C:\Users\2440888\OneDrive - Cognizant\Desktop\Health-Insurance-Claim\health-insurance-claim\src\test\resources
2025-10-16 12:17:09,151 [Worker-75: Building] INFO  o.a.m.s.f.DefaultMavenResourcesFiltering - Copying 0 resource from src\main\resources to target\classes
2025-10-16 12:17:09,251 [Worker-75: Building] INFO  o.a.m.s.f.DefaultMavenResourcesFiltering - Copying 1 resource from src\main\resources to target\classes
2025-10-16 12:17:09,262 [Worker-75: Building] INFO  o.a.m.s.f.DefaultMavenResourcesFiltering - skip non existing resourceDirectory C:\Users\2440888\OneDrive - Cognizant\Desktop\Health-Insurance-Claim\health-insurance-claim\src\test\resources
2025-10-16 12:19:33,071 [Worker-76: Building] INFO  o.a.m.s.f.DefaultMavenResourcesFiltering - Copying 0 resource from src\main\resources to target\classes
2025-10-16 12:19:33,197 [Worker-76: Building] INFO  o.a.m.s.f.DefaultMavenResourcesFiltering - Copying 1 resource from src\main\resources to target\classes
2025-10-16 12:19:33,209 [Worker-76: Building] INFO  o.a.m.s.f.DefaultMavenResourcesFiltering - skip non existing resourceDirectory C:\Users\2440888\OneDrive - Cognizant\Desktop\Health-Insurance-Claim\health-insurance-claim\src\test\resources
2025-10-16 12:22:52,296 [Worker-82: Building] INFO  o.a.m.s.f.DefaultMavenResourcesFiltering - Copying 1 resource from src\main\resources to target\classes
2025-10-16 12:22:52,327 [Worker-82: Building] INFO  o.a.m.s.f.DefaultMavenResourcesFiltering - Copying 20 resources from src\main\resources to target\classes
2025-10-16 12:22:52,554 [Worker-82: Building] INFO  o.a.m.s.f.DefaultMavenResourcesFiltering - skip non existing resourceDirectory C:\Users\2440888\OneDrive - Cognizant\Desktop\Health-Insurance-Claim\health-insurance-claim\src\test\resources
2025-10-16 12:27:24,658 [Worker-78: Building] INFO  o.a.m.s.f.DefaultMavenResourcesFiltering - Copying 1 resource from src\main\resources to target\classes
2025-10-16 12:27:24,804 [Worker-78: Building] INFO  o.a.m.s.f.DefaultMavenResourcesFiltering - Copying 0 resource from src\main\resources to target\classes
2025-10-16 12:27:24,806 [Worker-78: Building] INFO  o.a.m.s.f.DefaultMavenResourcesFiltering - skip non existing resourceDirectory C:\Users\2440888\OneDrive - Cognizant\Desktop\Health-Insurance-Claim\health-insurance-claim\src\test\resources
2025-10-16 12:28:13,760 [Worker-79: Building] INFO  o.a.m.s.f.DefaultMavenResourcesFiltering - Copying 1 resource from src\main\resources to target\classes
2025-10-16 12:28:13,890 [Worker-79: Building] INFO  o.a.m.s.f.DefaultMavenResourcesFiltering - Copying 0 resource from src\main\resources to target\classes
2025-10-16 12:28:13,892 [Worker-79: Building] INFO  o.a.m.s.f.DefaultMavenResourcesFiltering - skip non existing resourceDirectory C:\Users\2440888\OneDrive - Cognizant\Desktop\Health-Insurance-Claim\health-insurance-claim\src\test\resources
2025-10-16 12:35:00,940 [Worker-79: Building] INFO  o.a.m.s.f.DefaultMavenResourcesFiltering - Copying 0 resource from src\main\resources to target\classes
2025-10-16 12:35:01,083 [Worker-79: Building] INFO  o.a.m.s.f.DefaultMavenResourcesFiltering - Copying 0 resource from src\main\resources to target\classes
2025-10-16 12:35:01,085 [Worker-79: Building] INFO  o.a.m.s.f.DefaultMavenResourcesFiltering - skip non existing resourceDirectory C:\Users\2440888\OneDrive - Cognizant\Desktop\Health-Insurance-Claim\health-insurance-claim\src\test\resources
2025-10-16 12:35:03,790 [Worker-82: Building] INFO  o.a.m.s.f.DefaultMavenResourcesFiltering - Copying 0 resource from src\main\resources to target\classes
2025-10-16 12:35:03,795 [Worker-82: Building] INFO  o.a.m.s.f.DefaultMavenResourcesFiltering - Copying 0 resource from src\main\resources to target\classes
2025-10-16 12:35:03,797 [Worker-82: Building] INFO  o.a.m.s.f.DefaultMavenResourcesFiltering - skip non existing resourceDirectory C:\Users\2440888\OneDrive - Cognizant\Desktop\Health-Insurance-Claim\health-insurance-claim\src\test\resources
2025-10-16 12:35:06,636 [Worker-77: Building] INFO  o.a.m.s.f.DefaultMavenResourcesFiltering - Copying 0 resource from src\main\resources to target\classes
2025-10-16 12:35:06,642 [Worker-77: Building] INFO  o.a.m.s.f.DefaultMavenResourcesFiltering - Copying 0 resource from src\main\resources to target\classes
2025-10-16 12:35:06,644 [Worker-77: Building] INFO  o.a.m.s.f.DefaultMavenResourcesFiltering - skip non existing resourceDirectory C:\Users\2440888\OneDrive - Cognizant\Desktop\Health-Insurance-Claim\health-insurance-claim\src\test\resources
2025-10-16 12:46:27,360 [Worker-69: Building] INFO  o.a.m.s.f.DefaultMavenResourcesFiltering - Copying 1 resource from src\main\resources to target\classes
2025-10-16 12:46:27,394 [Worker-69: Building] INFO  o.a.m.s.f.DefaultMavenResourcesFiltering - Copying 20 resources from src\main\resources to target\classes
2025-10-16 12:46:27,630 [Worker-69: Building] INFO  o.a.m.s.f.DefaultMavenResourcesFiltering - skip non existing resourceDirectory C:\Users\2440888\OneDrive - Cognizant\Desktop\Health-Insurance-Claim\health-insurance-claim\src\test\resources
2025-10-16 12:47:34,958 [Worker-84: Building] INFO  o.a.m.s.f.DefaultMavenResourcesFiltering - Copying 1 resource from src\main\resources to target\classes
2025-10-16 12:47:34,980 [Worker-84: Building] INFO  o.a.m.s.f.DefaultMavenResourcesFiltering - Copying 20 resources from src\main\resources to target\classes
2025-10-16 12:47:35,210 [Worker-84: Building] INFO  o.a.m.s.f.DefaultMavenResourcesFiltering - skip non existing resourceDirectory C:\Users\2440888\OneDrive - Cognizant\Desktop\Health-Insurance-Claim\health-insurance-claim\src\test\resources
2025-10-16 12:47:46,796 [Worker-79: Building] INFO  o.a.m.s.f.DefaultMavenResourcesFiltering - Copying 1 resource from src\main\resources to target\classes
2025-10-16 12:47:46,818 [Worker-79: Building] INFO  o.a.m.s.f.DefaultMavenResourcesFiltering - Copying 20 resources from src\main\resources to target\classes
2025-10-16 12:47:47,026 [Worker-79: Building] INFO  o.a.m.s.f.DefaultMavenResourcesFiltering - skip non existing resourceDirectory C:\Users\2440888\OneDrive - Cognizant\Desktop\Health-Insurance-Claim\health-insurance-claim\src\test\resources
2025-10-16 12:48:19,141 [Worker-83: Building] INFO  o.a.m.s.f.DefaultMavenResourcesFiltering - Copying 1 resource from src\main\resources to target\classes
2025-10-16 12:48:19,168 [Worker-83: Building] INFO  o.a.m.s.f.DefaultMavenResourcesFiltering - Copying 20 resources from src\main\resources to target\classes
2025-10-16 12:48:19,438 [Worker-83: Building] INFO  o.a.m.s.f.DefaultMavenResourcesFiltering - skip non existing resourceDirectory C:\Users\2440888\OneDrive - Cognizant\Desktop\Health-Insurance-Claim\health-insurance-claim\src\test\resources
2025-10-16 12:49:07,747 [Worker-77: Building] INFO  o.a.m.s.f.DefaultMavenResourcesFiltering - Copying 1 resource from src\main\resources to target\classes
2025-10-16 12:49:07,763 [Worker-77: Building] INFO  o.a.m.s.f.DefaultMavenResourcesFiltering - Copying 20 resources from src\main\resources to target\classes
2025-10-16 12:49:07,967 [Worker-77: Building] INFO  o.a.m.s.f.DefaultMavenResourcesFiltering - skip non existing resourceDirectory C:\Users\2440888\OneDrive - Cognizant\Desktop\Health-Insurance-Claim\health-insurance-claim\src\test\resources
2025-10-16 12:53:12,755 [Worker-84: Building] INFO  o.a.m.s.f.DefaultMavenResourcesFiltering - Copying 1 resource from src\main\resources to target\classes
2025-10-16 12:53:12,781 [Worker-84: Building] INFO  o.a.m.s.f.DefaultMavenResourcesFiltering - Copying 20 resources from src\main\resources to target\classes
2025-10-16 12:53:13,037 [Worker-84: Building] INFO  o.a.m.s.f.DefaultMavenResourcesFiltering - skip non existing resourceDirectory C:\Users\2440888\OneDrive - Cognizant\Desktop\Health-Insurance-Claim\health-insurance-claim\src\test\resources
2025-10-16 12:53:56,302 [Worker-78: Building] INFO  o.a.m.s.f.DefaultMavenResourcesFiltering - Copying 1 resource from src\main\resources to target\classes
2025-10-16 12:53:56,322 [Worker-78: Building] INFO  o.a.m.s.f.DefaultMavenResourcesFiltering - Copying 20 resources from src\main\resources to target\classes
2025-10-16 12:53:56,563 [Worker-78: Building] INFO  o.a.m.s.f.DefaultMavenResourcesFiltering - skip non existing resourceDirectory C:\Users\2440888\OneDrive - Cognizant\Desktop\Health-Insurance-Claim\health-insurance-claim\src\test\resources
2025-10-16 12:55:54,241 [Worker-78: Building] INFO  o.a.m.s.f.DefaultMavenResourcesFiltering - Copying 1 resource from src\main\resources to target\classes
2025-10-16 12:55:54,261 [Worker-78: Building] INFO  o.a.m.s.f.DefaultMavenResourcesFiltering - Copying 20 resources from src\main\resources to target\classes
2025-10-16 12:55:54,504 [Worker-78: Building] INFO  o.a.m.s.f.DefaultMavenResourcesFiltering - skip non existing resourceDirectory C:\Users\2440888\OneDrive - Cognizant\Desktop\Health-Insurance-Claim\health-insurance-claim\src\test\resources
2025-10-16 12:56:04,613 [Worker-69: Building] INFO  o.a.m.s.f.DefaultMavenResourcesFiltering - Copying 1 resource from src\main\resources to target\classes
2025-10-16 12:56:04,635 [Worker-69: Building] INFO  o.a.m.s.f.DefaultMavenResourcesFiltering - Copying 20 resources from src\main\resources to target\classes
2025-10-16 12:56:04,876 [Worker-69: Building] INFO  o.a.m.s.f.DefaultMavenResourcesFiltering - skip non existing resourceDirectory C:\Users\2440888\OneDrive - Cognizant\Desktop\Health-Insurance-Claim\health-insurance-claim\src\test\resources
2025-10-16 12:58:12,969 [Worker-77: Building] INFO  o.a.m.s.f.DefaultMavenResourcesFiltering - Copying 1 resource from src\main\resources to target\classes
2025-10-16 12:58:12,991 [Worker-77: Building] INFO  o.a.m.s.f.DefaultMavenResourcesFiltering - Copying 20 resources from src\main\resources to target\classes
2025-10-16 12:58:13,231 [Worker-77: Building] INFO  o.a.m.s.f.DefaultMavenResourcesFiltering - skip non existing resourceDirectory C:\Users\2440888\OneDrive - Cognizant\Desktop\Health-Insurance-Claim\health-insurance-claim\src\test\resources
2025-10-16 12:58:26,778 [Worker-75: Building] INFO  o.a.m.s.f.DefaultMavenResourcesFiltering - Copying 1 resource from src\main\resources to target\classes
2025-10-16 12:58:26,836 [Worker-75: Building] INFO  o.a.m.s.f.DefaultMavenResourcesFiltering - Copying 20 resources from src\main\resources to target\classes
2025-10-16 12:58:27,038 [Worker-75: Building] INFO  o.a.m.s.f.DefaultMavenResourcesFiltering - skip non existing resourceDirectory C:\Users\2440888\OneDrive - Cognizant\Desktop\Health-Insurance-Claim\health-insurance-claim\src\test\resources
2025-10-16 12:58:53,828 [Worker-80: Building] INFO  o.a.m.s.f.DefaultMavenResourcesFiltering - Copying 1 resource from src\main\resources to target\classes
2025-10-16 12:58:53,848 [Worker-80: Building] INFO  o.a.m.s.f.DefaultMavenResourcesFiltering - Copying 20 resources from src\main\resources to target\classes
2025-10-16 12:58:54,085 [Worker-80: Building] INFO  o.a.m.s.f.DefaultMavenResourcesFiltering - skip non existing resourceDirectory C:\Users\2440888\OneDrive - Cognizant\Desktop\Health-Insurance-Claim\health-insurance-claim\src\test\resources
2025-10-16 13:00:53,858 [Worker-78: Building] INFO  o.a.m.s.f.DefaultMavenResourcesFiltering - Copying 0 resource from src\main\resources to target\classes
2025-10-16 13:00:53,975 [Worker-78: Building] INFO  o.a.m.s.f.DefaultMavenResourcesFiltering - Copying 1 resource from src\main\resources to target\classes
2025-10-16 13:00:53,986 [Worker-78: Building] INFO  o.a.m.s.f.DefaultMavenResourcesFiltering - skip non existing resourceDirectory C:\Users\2440888\OneDrive - Cognizant\Desktop\Health-Insurance-Claim\health-insurance-claim\src\test\resources
2025-10-16 13:01:57,884 [Worker-77: Building] INFO  o.a.m.s.f.DefaultMavenResourcesFiltering - Copying 0 resource from src\main\resources to target\classes
2025-10-16 13:01:57,976 [Worker-77: Building] INFO  o.a.m.s.f.DefaultMavenResourcesFiltering - Copying 1 resource from src\main\resources to target\classes
2025-10-16 13:01:57,989 [Worker-77: Building] INFO  o.a.m.s.f.DefaultMavenResourcesFiltering - skip non existing resourceDirectory C:\Users\2440888\OneDrive - Cognizant\Desktop\Health-Insurance-Claim\health-insurance-claim\src\test\resources
2025-10-16 13:04:07,438 [Worker-78: Building] INFO  o.a.m.s.f.DefaultMavenResourcesFiltering - Copying 0 resource from src\main\resources to target\classes
2025-10-16 13:04:07,560 [Worker-78: Building] INFO  o.a.m.s.f.DefaultMavenResourcesFiltering - Copying 1 resource from src\main\resources to target\classes
2025-10-16 13:04:07,571 [Worker-78: Building] INFO  o.a.m.s.f.DefaultMavenResourcesFiltering - skip non existing resourceDirectory C:\Users\2440888\OneDrive - Cognizant\Desktop\Health-Insurance-Claim\health-insurance-claim\src\test\resources
2025-10-16 13:29:07,340 [Worker-80: Building] INFO  o.a.m.s.f.DefaultMavenResourcesFiltering - Copying 0 resource from src\main\resources to target\classes
2025-10-16 13:29:07,482 [Worker-80: Building] INFO  o.a.m.s.f.DefaultMavenResourcesFiltering - Copying 1 resource from src\main\resources to target\classes
2025-10-16 13:29:07,493 [Worker-80: Building] INFO  o.a.m.s.f.DefaultMavenResourcesFiltering - skip non existing resourceDirectory C:\Users\2440888\OneDrive - Cognizant\Desktop\Health-Insurance-Claim\health-insurance-claim\src\test\resources
2025-10-16 13:31:40,890 [Worker-85: Building] INFO  o.a.m.s.f.DefaultMavenResourcesFiltering - Copying 0 resource from src\main\resources to target\classes
2025-10-16 13:31:41,041 [Worker-85: Building] INFO  o.a.m.s.f.DefaultMavenResourcesFiltering - Copying 1 resource from src\main\resources to target\classes
2025-10-16 13:31:41,055 [Worker-85: Building] INFO  o.a.m.s.f.DefaultMavenResourcesFiltering - skip non existing resourceDirectory C:\Users\2440888\OneDrive - Cognizant\Desktop\Health-Insurance-Claim\health-insurance-claim\src\test\resources
2025-10-16 13:32:21,900 [Worker-83: Building] INFO  o.a.m.s.f.DefaultMavenResourcesFiltering - Copying 0 resource from src\main\resources to target\classes
2025-10-16 13:32:21,993 [Worker-83: Building] INFO  o.a.m.s.f.DefaultMavenResourcesFiltering - Copying 1 resource from src\main\resources to target\classes
2025-10-16 13:32:22,004 [Worker-83: Building] INFO  o.a.m.s.f.DefaultMavenResourcesFiltering - skip non existing resourceDirectory C:\Users\2440888\OneDrive - Cognizant\Desktop\Health-Insurance-Claim\health-insurance-claim\src\test\resources
2025-10-16 13:32:56,897 [Worker-77: Building] INFO  o.a.m.s.f.DefaultMavenResourcesFiltering - Copying 0 resource from src\main\resources to target\classes
2025-10-16 13:32:57,051 [Worker-77: Building] INFO  o.a.m.s.f.DefaultMavenResourcesFiltering - Copying 1 resource from src\main\resources to target\classes
2025-10-16 13:32:57,069 [Worker-77: Building] INFO  o.a.m.s.f.DefaultMavenResourcesFiltering - skip non existing resourceDirectory C:\Users\2440888\OneDrive - Cognizant\Desktop\Health-Insurance-Claim\health-insurance-claim\src\test\resources
2025-10-16 13:40:28,715 [Worker-87: Building] INFO  o.a.m.s.f.DefaultMavenResourcesFiltering - Copying 0 resource from src\main\resources to target\classes
2025-10-16 13:40:28,892 [Worker-87: Building] INFO  o.a.m.s.f.DefaultMavenResourcesFiltering - Copying 1 resource from src\main\resources to target\classes
2025-10-16 13:40:28,914 [Worker-87: Building] INFO  o.a.m.s.f.DefaultMavenResourcesFiltering - skip non existing resourceDirectory C:\Users\2440888\OneDrive - Cognizant\Desktop\Health-Insurance-Claim\health-insurance-claim\src\test\resources
2025-10-16 13:42:37,148 [Worker-88: Building] INFO  o.a.m.s.f.DefaultMavenResourcesFiltering - Copying 0 resource from src\main\resources to target\classes
2025-10-16 13:42:37,268 [Worker-88: Building] INFO  o.a.m.s.f.DefaultMavenResourcesFiltering - Copying 1 resource from src\main\resources to target\classes
2025-10-16 13:42:37,282 [Worker-88: Building] INFO  o.a.m.s.f.DefaultMavenResourcesFiltering - skip non existing resourceDirectory C:\Users\2440888\OneDrive - Cognizant\Desktop\Health-Insurance-Claim\health-insurance-claim\src\test\resources
2025-10-16 13:45:34,844 [Worker-85: Building] INFO  o.a.m.s.f.DefaultMavenResourcesFiltering - Copying 0 resource from src\main\resources to target\classes
2025-10-16 13:45:34,971 [Worker-85: Building] INFO  o.a.m.s.f.DefaultMavenResourcesFiltering - Copying 0 resource from src\main\resources to target\classes
2025-10-16 13:45:34,973 [Worker-85: Building] INFO  o.a.m.s.f.DefaultMavenResourcesFiltering - skip non existing resourceDirectory C:\Users\2440888\OneDrive - Cognizant\Desktop\Health-Insurance-Claim\health-insurance-claim\src\test\resources
2025-10-16 13:45:37,447 [Worker-87: Building] INFO  o.a.m.s.f.DefaultMavenResourcesFiltering - Copying 0 resource from src\main\resources to target\classes
2025-10-16 13:45:37,456 [Worker-87: Building] INFO  o.a.m.s.f.DefaultMavenResourcesFiltering - Copying 0 resource from src\main\resources to target\classes
2025-10-16 13:45:37,457 [Worker-87: Building] INFO  o.a.m.s.f.DefaultMavenResourcesFiltering - skip non existing resourceDirectory C:\Users\2440888\OneDrive - Cognizant\Desktop\Health-Insurance-Claim\health-insurance-claim\src\test\resources
2025-10-16 13:45:40,705 [Worker-77: Building] INFO  o.a.m.s.f.DefaultMavenResourcesFiltering - Copying 0 resource from src\main\resources to target\classes
2025-10-16 13:45:40,719 [Worker-77: Building] INFO  o.a.m.s.f.DefaultMavenResourcesFiltering - Copying 0 resource from src\main\resources to target\classes
2025-10-16 13:45:40,722 [Worker-77: Building] INFO  o.a.m.s.f.DefaultMavenResourcesFiltering - skip non existing resourceDirectory C:\Users\2440888\OneDrive - Cognizant\Desktop\Health-Insurance-Claim\health-insurance-claim\src\test\resources
2025-10-16 16:26:49,724 [Worker-4: Loading available Gradle versions] INFO  o.e.b.c.i.u.g.PublishedGradleVersions - Gradle version information cache is out-of-date. Trying to update.
2025-10-16 16:34:10,095 [Worker-9: Building] INFO  o.a.m.s.f.DefaultMavenResourcesFiltering - Copying 1 resource from src\main\resources to target\classes
2025-10-16 16:34:10,197 [Worker-9: Building] INFO  o.a.m.s.f.DefaultMavenResourcesFiltering - Copying 20 resources from src\main\resources to target\classes
2025-10-16 16:34:10,504 [Worker-9: Building] INFO  o.a.m.s.f.DefaultMavenResourcesFiltering - skip non existing resourceDirectory C:\Users\2440888\OneDrive - Cognizant\Desktop\Health-Insurance-Claim\health-insurance-claim\src\test\resources
2025-10-16 16:55:21,528 [Worker-29: Building] INFO  o.a.m.s.f.DefaultMavenResourcesFiltering - Copying 1 resource from src\main\resources to target\classes
2025-10-16 16:55:21,593 [Worker-29: Building] INFO  o.a.m.s.f.DefaultMavenResourcesFiltering - Copying 20 resources from src\main\resources to target\classes
2025-10-16 16:55:21,940 [Worker-29: Building] INFO  o.a.m.s.f.DefaultMavenResourcesFiltering - skip non existing resourceDirectory C:\Users\2440888\OneDrive - Cognizant\Desktop\Health-Insurance-Claim\health-insurance-claim\src\test\resources
2025-10-16 16:57:23,394 [Worker-25: Building] INFO  o.a.m.s.f.DefaultMavenResourcesFiltering - Copying 1 resource from src\main\resources to target\classes
2025-10-16 16:57:23,427 [Worker-25: Building] INFO  o.a.m.s.f.DefaultMavenResourcesFiltering - Copying 20 resources from src\main\resources to target\classes
2025-10-16 16:57:23,691 [Worker-25: Building] INFO  o.a.m.s.f.DefaultMavenResourcesFiltering - skip non existing resourceDirectory C:\Users\2440888\OneDrive - Cognizant\Desktop\Health-Insurance-Claim\health-insurance-claim\src\test\resources
2025-10-16 16:57:56,486 [Worker-32: Building] INFO  o.a.m.s.f.DefaultMavenResourcesFiltering - Copying 1 resource from src\main\resources to target\classes
2025-10-16 16:57:56,512 [Worker-32: Building] INFO  o.a.m.s.f.DefaultMavenResourcesFiltering - Copying 20 resources from src\main\resources to target\classes
2025-10-16 16:57:56,794 [Worker-32: Building] INFO  o.a.m.s.f.DefaultMavenResourcesFiltering - skip non existing resourceDirectory C:\Users\2440888\OneDrive - Cognizant\Desktop\Health-Insurance-Claim\health-insurance-claim\src\test\resources
2025-10-16 16:59:04,206 [Worker-32: Building] INFO  o.a.m.s.f.DefaultMavenResourcesFiltering - Copying 1 resource from src\main\resources to target\classes
2025-10-16 16:59:04,237 [Worker-32: Building] INFO  o.a.m.s.f.DefaultMavenResourcesFiltering - Copying 20 resources from src\main\resources to target\classes
2025-10-16 16:59:04,549 [Worker-32: Building] INFO  o.a.m.s.f.DefaultMavenResourcesFiltering - skip non existing resourceDirectory C:\Users\2440888\OneDrive - Cognizant\Desktop\Health-Insurance-Claim\health-insurance-claim\src\test\resources
2025-10-16 17:01:49,018 [Worker-36: Building] INFO  o.a.m.s.f.DefaultMavenResourcesFiltering - Copying 1 resource from src\main\resources to target\classes
2025-10-16 17:01:49,054 [Worker-36: Building] INFO  o.a.m.s.f.DefaultMavenResourcesFiltering - Copying 20 resources from src\main\resources to target\classes
2025-10-16 17:01:49,312 [Worker-36: Building] INFO  o.a.m.s.f.DefaultMavenResourcesFiltering - skip non existing resourceDirectory C:\Users\2440888\OneDrive - Cognizant\Desktop\Health-Insurance-Claim\health-insurance-claim\src\test\resources
2025-10-16 17:03:25,443 [Worker-32: Building] INFO  o.a.m.s.f.DefaultMavenResourcesFiltering - Copying 1 resource from src\main\resources to target\classes
2025-10-16 17:03:25,478 [Worker-32: Building] INFO  o.a.m.s.f.DefaultMavenResourcesFiltering - Copying 20 resources from src\main\resources to target\classes
2025-10-16 17:03:25,746 [Worker-32: Building] INFO  o.a.m.s.f.DefaultMavenResourcesFiltering - skip non existing resourceDirectory C:\Users\2440888\OneDrive - Cognizant\Desktop\Health-Insurance-Claim\health-insurance-claim\src\test\resources
2025-10-16 17:05:13,809 [Worker-32: Building] INFO  o.a.m.s.f.DefaultMavenResourcesFiltering - Copying 1 resource from src\main\resources to target\classes
2025-10-16 17:05:13,847 [Worker-32: Building] INFO  o.a.m.s.f.DefaultMavenResourcesFiltering - Copying 20 resources from src\main\resources to target\classes
2025-10-16 17:05:14,184 [Worker-32: Building] INFO  o.a.m.s.f.DefaultMavenResourcesFiltering - skip non existing resourceDirectory C:\Users\2440888\OneDrive - Cognizant\Desktop\Health-Insurance-Claim\health-insurance-claim\src\test\resources
2025-10-16 17:08:53,693 [Worker-37: Building] INFO  o.a.m.s.f.DefaultMavenResourcesFiltering - Copying 1 resource from src\main\resources to target\classes
2025-10-16 17:08:53,742 [Worker-37: Building] INFO  o.a.m.s.f.DefaultMavenResourcesFiltering - Copying 20 resources from src\main\resources to target\classes
2025-10-16 17:08:54,067 [Worker-37: Building] INFO  o.a.m.s.f.DefaultMavenResourcesFiltering - skip non existing resourceDirectory C:\Users\2440888\OneDrive - Cognizant\Desktop\Health-Insurance-Claim\health-insurance-claim\src\test\resources
2025-10-16 17:41:21,546 [Worker-42: Building] INFO  o.a.m.s.f.DefaultMavenResourcesFiltering - Copying 1 resource from src\main\resources to target\classes
2025-10-16 17:41:21,632 [Worker-42: Building] INFO  o.a.m.s.f.DefaultMavenResourcesFiltering - Copying 20 resources from src\main\resources to target\classes
2025-10-16 17:41:22,007 [Worker-42: Building] INFO  o.a.m.s.f.DefaultMavenResourcesFiltering - skip non existing resourceDirectory C:\Users\2440888\OneDrive - Cognizant\Desktop\Health-Insurance-Claim\health-insurance-claim\src\test\resources
2025-10-16 17:51:39,907 [Worker-52: Building] INFO  o.a.m.s.f.DefaultMavenResourcesFiltering - Copying 1 resource from src\main\resources to target\classes
2025-10-16 17:51:40,038 [Worker-52: Building] INFO  o.a.m.s.f.DefaultMavenResourcesFiltering - Copying 20 resources from src\main\resources to target\classes
2025-10-16 17:51:40,493 [Worker-52: Building] INFO  o.a.m.s.f.DefaultMavenResourcesFiltering - skip non existing resourceDirectory C:\Users\2440888\OneDrive - Cognizant\Desktop\Health-Insurance-Claim\health-insurance-claim\src\test\resources
2025-10-16 17:52:05,996 [Worker-48: Building] INFO  o.a.m.s.f.DefaultMavenResourcesFiltering - Copying 1 resource from src\main\resources to target\classes
2025-10-16 17:52:06,049 [Worker-48: Building] INFO  o.a.m.s.f.DefaultMavenResourcesFiltering - Copying 20 resources from src\main\resources to target\classes
2025-10-16 17:52:06,370 [Worker-48: Building] INFO  o.a.m.s.f.DefaultMavenResourcesFiltering - skip non existing resourceDirectory C:\Users\2440888\OneDrive - Cognizant\Desktop\Health-Insurance-Claim\health-insurance-claim\src\test\resources
2025-10-16 17:53:01,647 [Worker-53: Building] INFO  o.a.m.s.f.DefaultMavenResourcesFiltering - Copying 1 resource from src\main\resources to target\classes
2025-10-16 17:53:01,684 [Worker-53: Building] INFO  o.a.m.s.f.DefaultMavenResourcesFiltering - Copying 20 resources from src\main\resources to target\classes
2025-10-16 17:53:01,992 [Worker-53: Building] INFO  o.a.m.s.f.DefaultMavenResourcesFiltering - skip non existing resourceDirectory C:\Users\2440888\OneDrive - Cognizant\Desktop\Health-Insurance-Claim\health-insurance-claim\src\test\resources
2025-10-16 17:53:48,528 [Worker-48: Building] INFO  o.a.m.s.f.DefaultMavenResourcesFiltering - Copying 1 resource from src\main\resources to target\classes
2025-10-16 17:53:48,554 [Worker-48: Building] INFO  o.a.m.s.f.DefaultMavenResourcesFiltering - Copying 20 resources from src\main\resources to target\classes
2025-10-16 17:53:48,891 [Worker-48: Building] INFO  o.a.m.s.f.DefaultMavenResourcesFiltering - skip non existing resourceDirectory C:\Users\2440888\OneDrive - Cognizant\Desktop\Health-Insurance-Claim\health-insurance-claim\src\test\resources
2025-10-16 17:56:17,890 [Worker-42: Building] INFO  o.a.m.s.f.DefaultMavenResourcesFiltering - Copying 1 resource from src\main\resources to target\classes
2025-10-16 17:56:17,914 [Worker-42: Building] INFO  o.a.m.s.f.DefaultMavenResourcesFiltering - Copying 20 resources from src\main\resources to target\classes
2025-10-16 17:56:18,271 [Worker-42: Building] INFO  o.a.m.s.f.DefaultMavenResourcesFiltering - skip non existing resourceDirectory C:\Users\2440888\OneDrive - Cognizant\Desktop\Health-Insurance-Claim\health-insurance-claim\src\test\resources
2025-10-16 18:04:33,396 [Worker-56: Building] INFO  o.a.m.s.f.DefaultMavenResourcesFiltering - Copying 0 resource from src\main\resources to target\classes
2025-10-16 18:04:33,532 [Worker-56: Building] INFO  o.a.m.s.f.DefaultMavenResourcesFiltering - Copying 1 resource from src\main\resources to target\classes
2025-10-16 18:04:33,552 [Worker-56: Building] INFO  o.a.m.s.f.DefaultMavenResourcesFiltering - skip non existing resourceDirectory C:\Users\2440888\OneDrive - Cognizant\Desktop\Health-Insurance-Claim\health-insurance-claim\src\test\resources
2025-10-16 18:06:55,761 [Worker-57: Building] INFO  o.a.m.s.f.DefaultMavenResourcesFiltering - Copying 0 resource from src\main\resources to target\classes
2025-10-16 18:06:55,889 [Worker-57: Building] INFO  o.a.m.s.f.DefaultMavenResourcesFiltering - Copying 1 resource from src\main\resources to target\classes
2025-10-16 18:06:55,903 [Worker-57: Building] INFO  o.a.m.s.f.DefaultMavenResourcesFiltering - skip non existing resourceDirectory C:\Users\2440888\OneDrive - Cognizant\Desktop\Health-Insurance-Claim\health-insurance-claim\src\test\resources
2025-10-16 18:10:57,636 [Worker-46: Building] INFO  o.a.m.s.f.DefaultMavenResourcesFiltering - Copying 0 resource from src\main\resources to target\classes
2025-10-16 18:10:57,747 [Worker-46: Building] INFO  o.a.m.s.f.DefaultMavenResourcesFiltering - Copying 1 resource from src\main\resources to target\classes
2025-10-16 18:10:57,747 [Worker-46: Building] INFO  o.a.m.s.f.DefaultMavenResourcesFiltering - skip non existing resourceDirectory C:\Users\2440888\OneDrive - Cognizant\Desktop\Health-Insurance-Claim\health-insurance-claim\src\test\resources
2025-10-16 18:17:28,646 [Worker-60: Building] INFO  o.a.m.s.f.DefaultMavenResourcesFiltering - Copying 0 resource from src\main\resources to target\classes
2025-10-16 18:17:28,760 [Worker-60: Building] INFO  o.a.m.s.f.DefaultMavenResourcesFiltering - Copying 1 resource from src\main\resources to target\classes
2025-10-16 18:17:28,778 [Worker-60: Building] INFO  o.a.m.s.f.DefaultMavenResourcesFiltering - skip non existing resourceDirectory C:\Users\2440888\OneDrive - Cognizant\Desktop\Health-Insurance-Claim\health-insurance-claim\src\test\resources
2025-10-16 18:19:39,280 [Worker-46: Building] INFO  o.a.m.s.f.DefaultMavenResourcesFiltering - Copying 0 resource from src\main\resources to target\classes
2025-10-16 18:19:39,386 [Worker-46: Building] INFO  o.a.m.s.f.DefaultMavenResourcesFiltering - Copying 1 resource from src\main\resources to target\classes
2025-10-16 18:19:39,401 [Worker-46: Building] INFO  o.a.m.s.f.DefaultMavenResourcesFiltering - skip non existing resourceDirectory C:\Users\2440888\OneDrive - Cognizant\Desktop\Health-Insurance-Claim\health-insurance-claim\src\test\resources
2025-10-16 18:19:47,618 [Worker-57: Building] INFO  o.a.m.s.f.DefaultMavenResourcesFiltering - Copying 0 resource from src\main\resources to target\classes
2025-10-16 18:19:47,632 [Worker-57: Building] INFO  o.a.m.s.f.DefaultMavenResourcesFiltering - Copying 1 resource from src\main\resources to target\classes
2025-10-16 18:19:47,644 [Worker-57: Building] INFO  o.a.m.s.f.DefaultMavenResourcesFiltering - skip non existing resourceDirectory C:\Users\2440888\OneDrive - Cognizant\Desktop\Health-Insurance-Claim\health-insurance-claim\src\test\resources
2025-10-16 18:20:00,374 [Worker-61: Building] INFO  o.a.m.s.f.DefaultMavenResourcesFiltering - Copying 0 resource from src\main\resources to target\classes
2025-10-16 18:20:00,472 [Worker-61: Building] INFO  o.a.m.s.f.DefaultMavenResourcesFiltering - Copying 1 resource from src\main\resources to target\classes
2025-10-16 18:20:00,485 [Worker-61: Building] INFO  o.a.m.s.f.DefaultMavenResourcesFiltering - skip non existing resourceDirectory C:\Users\2440888\OneDrive - Cognizant\Desktop\Health-Insurance-Claim\health-insurance-claim\src\test\resources
2025-10-16 18:21:13,269 [Worker-59: Building] INFO  o.a.m.s.f.DefaultMavenResourcesFiltering - Copying 0 resource from src\main\resources to target\classes
2025-10-16 18:21:13,373 [Worker-59: Building] INFO  o.a.m.s.f.DefaultMavenResourcesFiltering - Copying 1 resource from src\main\resources to target\classes
2025-10-16 18:21:13,382 [Worker-59: Building] INFO  o.a.m.s.f.DefaultMavenResourcesFiltering - skip non existing resourceDirectory C:\Users\2440888\OneDrive - Cognizant\Desktop\Health-Insurance-Claim\health-insurance-claim\src\test\resources
2025-10-16 18:24:39,195 [Worker-46: Building] INFO  o.a.m.s.f.DefaultMavenResourcesFiltering - Copying 0 resource from src\main\resources to target\classes
2025-10-16 18:24:39,311 [Worker-46: Building] INFO  o.a.m.s.f.DefaultMavenResourcesFiltering - Copying 1 resource from src\main\resources to target\classes
2025-10-16 18:24:39,322 [Worker-46: Building] INFO  o.a.m.s.f.DefaultMavenResourcesFiltering - skip non existing resourceDirectory C:\Users\2440888\OneDrive - Cognizant\Desktop\Health-Insurance-Claim\health-insurance-claim\src\test\resources
2025-10-16 18:37:40,433 [Worker-63: Building] INFO  o.a.m.s.f.DefaultMavenResourcesFiltering - Copying 0 resource from src\main\resources to target\classes
2025-10-16 18:37:40,577 [Worker-63: Building] INFO  o.a.m.s.f.DefaultMavenResourcesFiltering - Copying 1 resource from src\main\resources to target\classes
2025-10-16 18:37:40,589 [Worker-63: Building] INFO  o.a.m.s.f.DefaultMavenResourcesFiltering - skip non existing resourceDirectory C:\Users\2440888\OneDrive - Cognizant\Desktop\Health-Insurance-Claim\health-insurance-claim\src\test\resources
2025-10-16 18:43:09,865 [Worker-60: Launching health-insurance-claim - HealthInsuranceApplication] INFO  o.a.m.s.f.DefaultMavenResourcesFiltering - Copying 1 resource from src\main\resources to target\classes
2025-10-16 18:43:09,933 [Worker-60: Launching health-insurance-claim - HealthInsuranceApplication] INFO  o.a.m.s.f.DefaultMavenResourcesFiltering - Copying 20 resources from src\main\resources to target\classes
2025-10-16 18:43:10,286 [Worker-60: Launching health-insurance-claim - HealthInsuranceApplication] INFO  o.a.m.s.f.DefaultMavenResourcesFiltering - skip non existing resourceDirectory C:\Users\2440888\OneDrive - Cognizant\Desktop\Health-Insurance-Claim\health-insurance-claim\src\test\resources
2025-10-16 20:34:34,329 [Worker-55: Building] INFO  o.a.m.s.f.DefaultMavenResourcesFiltering - Copying 1 resource from src\main\resources to target\classes
2025-10-16 20:34:34,395 [Worker-55: Building] INFO  o.a.m.s.f.DefaultMavenResourcesFiltering - Copying 20 resources from src\main\resources to target\classes
2025-10-16 20:34:34,626 [Worker-55: Building] INFO  o.a.m.s.f.DefaultMavenResourcesFiltering - skip non existing resourceDirectory C:\Users\2440888\OneDrive - Cognizant\Desktop\Health-Insurance-Claim\health-insurance-claim\src\test\resources
2025-10-16 20:43:02,979 [Worker-68: Building] INFO  o.a.m.s.f.DefaultMavenResourcesFiltering - Copying 1 resource from src\main\resources to target\classes
2025-10-16 20:43:03,031 [Worker-68: Building] INFO  o.a.m.s.f.DefaultMavenResourcesFiltering - Copying 20 resources from src\main\resources to target\classes
2025-10-16 20:43:03,295 [Worker-68: Building] INFO  o.a.m.s.f.DefaultMavenResourcesFiltering - skip non existing resourceDirectory C:\Users\2440888\OneDrive - Cognizant\Desktop\Health-Insurance-Claim\health-insurance-claim\src\test\resources
2025-10-16 20:43:20,537 [Worker-64: Building] INFO  o.a.m.s.f.DefaultMavenResourcesFiltering - Copying 1 resource from src\main\resources to target\classes
2025-10-16 20:43:20,586 [Worker-64: Building] INFO  o.a.m.s.f.DefaultMavenResourcesFiltering - Copying 20 resources from src\main\resources to target\classes
2025-10-16 20:43:20,896 [Worker-64: Building] INFO  o.a.m.s.f.DefaultMavenResourcesFiltering - skip non existing resourceDirectory C:\Users\2440888\OneDrive - Cognizant\Desktop\Health-Insurance-Claim\health-insurance-claim\src\test\resources
2025-10-16 20:45:07,694 [Worker-68: Building] INFO  o.a.m.s.f.DefaultMavenResourcesFiltering - Copying 1 resource from src\main\resources to target\classes
2025-10-16 20:45:07,740 [Worker-68: Building] INFO  o.a.m.s.f.DefaultMavenResourcesFiltering - Copying 20 resources from src\main\resources to target\classes
2025-10-16 20:45:08,039 [Worker-68: Building] INFO  o.a.m.s.f.DefaultMavenResourcesFiltering - skip non existing resourceDirectory C:\Users\2440888\OneDrive - Cognizant\Desktop\Health-Insurance-Claim\health-insurance-claim\src\test\resources
2025-10-16 20:53:50,287 [Worker-71: Building] INFO  o.a.m.s.f.DefaultMavenResourcesFiltering - Copying 1 resource from src\main\resources to target\classes
2025-10-16 20:53:50,303 [Worker-71: Building] INFO  o.a.m.s.f.DefaultMavenResourcesFiltering - Copying 20 resources from src\main\resources to target\classes
2025-10-16 20:53:50,557 [Worker-71: Building] INFO  o.a.m.s.f.DefaultMavenResourcesFiltering - skip non existing resourceDirectory C:\Users\2440888\OneDrive - Cognizant\Desktop\Health-Insurance-Claim\health-insurance-claim\src\test\resources
2025-10-16 20:54:30,733 [Worker-72: Building] INFO  o.a.m.s.f.DefaultMavenResourcesFiltering - Copying 1 resource from src\main\resources to target\classes
2025-10-16 20:54:30,766 [Worker-72: Building] INFO  o.a.m.s.f.DefaultMavenResourcesFiltering - Copying 20 resources from src\main\resources to target\classes
2025-10-16 20:54:31,017 [Worker-72: Building] INFO  o.a.m.s.f.DefaultMavenResourcesFiltering - skip non existing resourceDirectory C:\Users\2440888\OneDrive - Cognizant\Desktop\Health-Insurance-Claim\health-insurance-claim\src\test\resources
2025-10-16 20:58:09,677 [Worker-71: Building] INFO  o.a.m.s.f.DefaultMavenResourcesFiltering - Copying 1 resource from src\main\resources to target\classes
2025-10-16 20:58:09,722 [Worker-71: Building] INFO  o.a.m.s.f.DefaultMavenResourcesFiltering - Copying 20 resources from src\main\resources to target\classes
2025-10-16 20:58:10,040 [Worker-71: Building] INFO  o.a.m.s.f.DefaultMavenResourcesFiltering - skip non existing resourceDirectory C:\Users\2440888\OneDrive - Cognizant\Desktop\Health-Insurance-Claim\health-insurance-claim\src\test\resources
2025-10-16 21:04:33,927 [Worker-73: Building] INFO  o.a.m.s.f.DefaultMavenResourcesFiltering - Copying 1 resource from src\main\resources to target\classes
2025-10-16 21:04:33,977 [Worker-73: Building] INFO  o.a.m.s.f.DefaultMavenResourcesFiltering - Copying 20 resources from src\main\resources to target\classes
2025-10-16 21:04:34,279 [Worker-73: Building] INFO  o.a.m.s.f.DefaultMavenResourcesFiltering - skip non existing resourceDirectory C:\Users\2440888\OneDrive - Cognizant\Desktop\Health-Insurance-Claim\health-insurance-claim\src\test\resources
2025-10-16 21:09:16,793 [Worker-68: Building] INFO  o.a.m.s.f.DefaultMavenResourcesFiltering - Copying 1 resource from src\main\resources to target\classes
2025-10-16 21:09:16,814 [Worker-68: Building] INFO  o.a.m.s.f.DefaultMavenResourcesFiltering - Copying 20 resources from src\main\resources to target\classes
2025-10-16 21:09:17,092 [Worker-68: Building] INFO  o.a.m.s.f.DefaultMavenResourcesFiltering - skip non existing resourceDirectory C:\Users\2440888\OneDrive - Cognizant\Desktop\Health-Insurance-Claim\health-insurance-claim\src\test\resources
2025-10-16 21:09:34,255 [Worker-72: Building] INFO  o.a.m.s.f.DefaultMavenResourcesFiltering - Copying 1 resource from src\main\resources to target\classes
2025-10-16 21:09:34,284 [Worker-72: Building] INFO  o.a.m.s.f.DefaultMavenResourcesFiltering - Copying 20 resources from src\main\resources to target\classes
2025-10-16 21:09:34,639 [Worker-72: Building] INFO  o.a.m.s.f.DefaultMavenResourcesFiltering - skip non existing resourceDirectory C:\Users\2440888\OneDrive - Cognizant\Desktop\Health-Insurance-Claim\health-insurance-claim\src\test\resources
2025-10-16 21:15:22,325 [Worker-74: Building] INFO  o.a.m.s.f.DefaultMavenResourcesFiltering - Copying 0 resource from src\main\resources to target\classes
2025-10-16 21:15:22,481 [Worker-74: Building] INFO  o.a.m.s.f.DefaultMavenResourcesFiltering - Copying 1 resource from src\main\resources to target\classes
2025-10-16 21:15:22,500 [Worker-74: Building] INFO  o.a.m.s.f.DefaultMavenResourcesFiltering - skip non existing resourceDirectory C:\Users\2440888\OneDrive - Cognizant\Desktop\Health-Insurance-Claim\health-insurance-claim\src\test\resources
2025-10-16 21:18:25,980 [Worker-68: Building] INFO  o.a.m.s.f.DefaultMavenResourcesFiltering - Copying 0 resource from src\main\resources to target\classes
2025-10-16 21:18:26,092 [Worker-68: Building] INFO  o.a.m.s.f.DefaultMavenResourcesFiltering - Copying 1 resource from src\main\resources to target\classes
2025-10-16 21:18:26,115 [Worker-68: Building] INFO  o.a.m.s.f.DefaultMavenResourcesFiltering - skip non existing resourceDirectory C:\Users\2440888\OneDrive - Cognizant\Desktop\Health-Insurance-Claim\health-insurance-claim\src\test\resources
2025-10-16 21:18:41,561 [Worker-64: Building] INFO  o.a.m.s.f.DefaultMavenResourcesFiltering - Copying 0 resource from src\main\resources to target\classes
2025-10-16 21:18:41,787 [Worker-64: Building] INFO  o.a.m.s.f.DefaultMavenResourcesFiltering - Copying 1 resource from src\main\resources to target\classes
2025-10-16 21:18:41,812 [Worker-64: Building] INFO  o.a.m.s.f.DefaultMavenResourcesFiltering - skip non existing resourceDirectory C:\Users\2440888\OneDrive - Cognizant\Desktop\Health-Insurance-Claim\health-insurance-claim\src\test\resources
2025-10-16 21:18:53,886 [Worker-68: Building] INFO  o.a.m.s.f.DefaultMavenResourcesFiltering - Copying 0 resource from src\main\resources to target\classes
2025-10-16 21:18:54,100 [Worker-68: Building] INFO  o.a.m.s.f.DefaultMavenResourcesFiltering - Copying 1 resource from src\main\resources to target\classes
2025-10-16 21:18:54,131 [Worker-68: Building] INFO  o.a.m.s.f.DefaultMavenResourcesFiltering - skip non existing resourceDirectory C:\Users\2440888\OneDrive - Cognizant\Desktop\Health-Insurance-Claim\health-insurance-claim\src\test\resources
2025-10-16 21:19:23,330 [Worker-71: Building] INFO  o.a.m.s.f.DefaultMavenResourcesFiltering - Copying 0 resource from src\main\resources to target\classes
2025-10-16 21:19:23,434 [Worker-71: Building] INFO  o.a.m.s.f.DefaultMavenResourcesFiltering - Copying 1 resource from src\main\resources to target\classes
2025-10-16 21:19:23,443 [Worker-71: Building] INFO  o.a.m.s.f.DefaultMavenResourcesFiltering - skip non existing resourceDirectory C:\Users\2440888\OneDrive - Cognizant\Desktop\Health-Insurance-Claim\health-insurance-claim\src\test\resources
2025-10-16 21:20:09,285 [Worker-73: Building] INFO  o.a.m.s.f.DefaultMavenResourcesFiltering - Copying 0 resource from src\main\resources to target\classes
2025-10-16 21:20:09,511 [Worker-73: Building] INFO  o.a.m.s.f.DefaultMavenResourcesFiltering - Copying 1 resource from src\main\resources to target\classes
2025-10-16 21:20:09,537 [Worker-73: Building] INFO  o.a.m.s.f.DefaultMavenResourcesFiltering - skip non existing resourceDirectory C:\Users\2440888\OneDrive - Cognizant\Desktop\Health-Insurance-Claim\health-insurance-claim\src\test\resources
2025-10-16 21:20:20,168 [Worker-69: Building] INFO  o.a.m.s.f.DefaultMavenResourcesFiltering - Copying 0 resource from src\main\resources to target\classes
2025-10-16 21:20:20,302 [Worker-69: Building] INFO  o.a.m.s.f.DefaultMavenResourcesFiltering - Copying 1 resource from src\main\resources to target\classes
2025-10-16 21:20:20,323 [Worker-69: Building] INFO  o.a.m.s.f.DefaultMavenResourcesFiltering - skip non existing resourceDirectory C:\Users\2440888\OneDrive - Cognizant\Desktop\Health-Insurance-Claim\health-insurance-claim\src\test\resources
2025-10-16 21:22:52,127 [Worker-55: Building] INFO  o.a.m.s.f.DefaultMavenResourcesFiltering - Copying 0 resource from src\main\resources to target\classes
2025-10-16 21:22:52,248 [Worker-55: Building] INFO  o.a.m.s.f.DefaultMavenResourcesFiltering - Copying 1 resource from src\main\resources to target\classes
2025-10-16 21:22:52,262 [Worker-55: Building] INFO  o.a.m.s.f.DefaultMavenResourcesFiltering - skip non existing resourceDirectory C:\Users\2440888\OneDrive - Cognizant\Desktop\Health-Insurance-Claim\health-insurance-claim\src\test\resources
2025-10-16 21:23:19,317 [Worker-72: Building] INFO  o.a.m.s.f.DefaultMavenResourcesFiltering - Copying 0 resource from src\main\resources to target\classes
2025-10-16 21:23:19,455 [Worker-72: Building] INFO  o.a.m.s.f.DefaultMavenResourcesFiltering - Copying 1 resource from src\main\resources to target\classes
2025-10-16 21:23:19,468 [Worker-72: Building] INFO  o.a.m.s.f.DefaultMavenResourcesFiltering - skip non existing resourceDirectory C:\Users\2440888\OneDrive - Cognizant\Desktop\Health-Insurance-Claim\health-insurance-claim\src\test\resources
2025-10-16 21:23:47,379 [Worker-74: Building] INFO  o.a.m.s.f.DefaultMavenResourcesFiltering - Copying 0 resource from src\main\resources to target\classes
2025-10-16 21:23:47,575 [Worker-74: Building] INFO  o.a.m.s.f.DefaultMavenResourcesFiltering - Copying 1 resource from src\main\resources to target\classes
2025-10-16 21:23:47,596 [Worker-74: Building] INFO  o.a.m.s.f.DefaultMavenResourcesFiltering - skip non existing resourceDirectory C:\Users\2440888\OneDrive - Cognizant\Desktop\Health-Insurance-Claim\health-insurance-claim\src\test\resources
2025-10-16 21:24:00,712 [Worker-74: Building] INFO  o.a.m.s.f.DefaultMavenResourcesFiltering - Copying 0 resource from src\main\resources to target\classes
2025-10-16 21:24:00,861 [Worker-74: Building] INFO  o.a.m.s.f.DefaultMavenResourcesFiltering - Copying 1 resource from src\main\resources to target\classes
2025-10-16 21:24:00,861 [Worker-74: Building] INFO  o.a.m.s.f.DefaultMavenResourcesFiltering - skip non existing resourceDirectory C:\Users\2440888\OneDrive - Cognizant\Desktop\Health-Insurance-Claim\health-insurance-claim\src\test\resources
2025-10-16 21:24:48,578 [Worker-74: Building] INFO  o.a.m.s.f.DefaultMavenResourcesFiltering - Copying 0 resource from src\main\resources to target\classes
2025-10-16 21:24:48,712 [Worker-74: Building] INFO  o.a.m.s.f.DefaultMavenResourcesFiltering - Copying 1 resource from src\main\resources to target\classes
2025-10-16 21:24:48,724 [Worker-74: Building] INFO  o.a.m.s.f.DefaultMavenResourcesFiltering - skip non existing resourceDirectory C:\Users\2440888\OneDrive - Cognizant\Desktop\Health-Insurance-Claim\health-insurance-claim\src\test\resources
2025-10-16 21:34:02,166 [Worker-69: Building] INFO  o.a.m.s.f.DefaultMavenResourcesFiltering - Copying 0 resource from src\main\resources to target\classes
2025-10-16 21:34:02,415 [Worker-69: Building] INFO  o.a.m.s.f.DefaultMavenResourcesFiltering - Copying 1 resource from src\main\resources to target\classes
2025-10-16 21:34:02,427 [Worker-69: Building] INFO  o.a.m.s.f.DefaultMavenResourcesFiltering - skip non existing resourceDirectory C:\Users\2440888\OneDrive - Cognizant\Desktop\Health-Insurance-Claim\health-insurance-claim\src\test\resources
2025-10-16 21:35:06,970 [Worker-68: Building] INFO  o.a.m.s.f.DefaultMavenResourcesFiltering - Copying 1 resource from src\main\resources to target\classes
2025-10-16 21:35:07,031 [Worker-68: Building] INFO  o.a.m.s.f.DefaultMavenResourcesFiltering - Copying 24 resources from src\main\resources to target\classes
2025-10-16 21:35:07,452 [Worker-68: Building] INFO  o.a.m.s.f.DefaultMavenResourcesFiltering - skip non existing resourceDirectory C:\Users\2440888\OneDrive - Cognizant\Desktop\Health-Insurance-Claim\health-insurance-claim\src\test\resources
2025-10-16 21:35:57,226 [Worker-73: Building] INFO  o.a.m.s.f.DefaultMavenResourcesFiltering - Copying 1 resource from src\main\resources to target\classes
2025-10-16 21:35:57,246 [Worker-73: Building] INFO  o.a.m.s.f.DefaultMavenResourcesFiltering - Copying 24 resources from src\main\resources to target\classes
2025-10-16 21:35:57,649 [Worker-73: Building] INFO  o.a.m.s.f.DefaultMavenResourcesFiltering - skip non existing resourceDirectory C:\Users\2440888\OneDrive - Cognizant\Desktop\Health-Insurance-Claim\health-insurance-claim\src\test\resources
2025-10-16 21:36:45,068 [Worker-73: Building] INFO  o.a.m.s.f.DefaultMavenResourcesFiltering - Copying 1 resource from src\main\resources to target\classes
2025-10-16 21:36:45,113 [Worker-73: Building] INFO  o.a.m.s.f.DefaultMavenResourcesFiltering - Copying 24 resources from src\main\resources to target\classes
2025-10-16 21:36:45,412 [Worker-73: Building] INFO  o.a.m.s.f.DefaultMavenResourcesFiltering - skip non existing resourceDirectory C:\Users\2440888\OneDrive - Cognizant\Desktop\Health-Insurance-Claim\health-insurance-claim\src\test\resources
2025-10-16 21:37:25,129 [Worker-55: Building] INFO  o.a.m.s.f.DefaultMavenResourcesFiltering - Copying 1 resource from src\main\resources to target\classes
2025-10-16 21:37:25,156 [Worker-55: Building] INFO  o.a.m.s.f.DefaultMavenResourcesFiltering - Copying 24 resources from src\main\resources to target\classes
2025-10-16 21:37:25,465 [Worker-55: Building] INFO  o.a.m.s.f.DefaultMavenResourcesFiltering - skip non existing resourceDirectory C:\Users\2440888\OneDrive - Cognizant\Desktop\Health-Insurance-Claim\health-insurance-claim\src\test\resources
2025-10-16 21:37:39,031 [Worker-75: Building] INFO  o.a.m.s.f.DefaultMavenResourcesFiltering - Copying 1 resource from src\main\resources to target\classes
2025-10-16 21:37:39,053 [Worker-75: Building] INFO  o.a.m.s.f.DefaultMavenResourcesFiltering - Copying 24 resources from src\main\resources to target\classes
2025-10-16 21:37:39,398 [Worker-75: Building] INFO  o.a.m.s.f.DefaultMavenResourcesFiltering - skip non existing resourceDirectory C:\Users\2440888\OneDrive - Cognizant\Desktop\Health-Insurance-Claim\health-insurance-claim\src\test\resources
2025-10-16 21:38:50,072 [Worker-75: Building] INFO  o.a.m.s.f.DefaultMavenResourcesFiltering - Copying 0 resource from src\main\resources to target\classes
2025-10-16 21:38:50,261 [Worker-75: Building] INFO  o.a.m.s.f.DefaultMavenResourcesFiltering - Copying 1 resource from src\main\resources to target\classes
2025-10-16 21:38:50,287 [Worker-75: Building] INFO  o.a.m.s.f.DefaultMavenResourcesFiltering - skip non existing resourceDirectory C:\Users\2440888\OneDrive - Cognizant\Desktop\Health-Insurance-Claim\health-insurance-claim\src\test\resources
2025-10-16 21:40:19,533 [Worker-69: Building] INFO  o.a.m.s.f.DefaultMavenResourcesFiltering - Copying 0 resource from src\main\resources to target\classes
2025-10-16 21:40:19,683 [Worker-69: Building] INFO  o.a.m.s.f.DefaultMavenResourcesFiltering - Copying 1 resource from src\main\resources to target\classes
2025-10-16 21:40:19,701 [Worker-69: Building] INFO  o.a.m.s.f.DefaultMavenResourcesFiltering - skip non existing resourceDirectory C:\Users\2440888\OneDrive - Cognizant\Desktop\Health-Insurance-Claim\health-insurance-claim\src\test\resources
2025-10-16 21:42:59,582 [Worker-76: Building] INFO  o.a.m.s.f.DefaultMavenResourcesFiltering - Copying 0 resource from src\main\resources to target\classes
2025-10-16 21:42:59,741 [Worker-76: Building] INFO  o.a.m.s.f.DefaultMavenResourcesFiltering - Copying 1 resource from src\main\resources to target\classes
2025-10-16 21:42:59,760 [Worker-76: Building] INFO  o.a.m.s.f.DefaultMavenResourcesFiltering - skip non existing resourceDirectory C:\Users\2440888\OneDrive - Cognizant\Desktop\Health-Insurance-Claim\health-insurance-claim\src\test\resources
2025-10-16 21:43:59,386 [Worker-68: Building] INFO  o.a.m.s.f.DefaultMavenResourcesFiltering - Copying 0 resource from src\main\resources to target\classes
2025-10-16 21:43:59,553 [Worker-68: Building] INFO  o.a.m.s.f.DefaultMavenResourcesFiltering - Copying 1 resource from src\main\resources to target\classes
2025-10-16 21:43:59,562 [Worker-68: Building] INFO  o.a.m.s.f.DefaultMavenResourcesFiltering - skip non existing resourceDirectory C:\Users\2440888\OneDrive - Cognizant\Desktop\Health-Insurance-Claim\health-insurance-claim\src\test\resources
2025-10-16 21:45:46,241 [Worker-75: Building] INFO  o.a.m.s.f.DefaultMavenResourcesFiltering - Copying 0 resource from src\main\resources to target\classes
2025-10-16 21:45:46,433 [Worker-75: Building] INFO  o.a.m.s.f.DefaultMavenResourcesFiltering - Copying 1 resource from src\main\resources to target\classes
2025-10-16 21:45:46,449 [Worker-75: Building] INFO  o.a.m.s.f.DefaultMavenResourcesFiltering - skip non existing resourceDirectory C:\Users\2440888\OneDrive - Cognizant\Desktop\Health-Insurance-Claim\health-insurance-claim\src\test\resources
2025-10-16 21:45:49,048 [Worker-69: Building] INFO  o.a.m.s.f.DefaultMavenResourcesFiltering - Copying 0 resource from src\main\resources to target\classes
2025-10-16 21:45:49,055 [Worker-69: Building] INFO  o.a.m.s.f.DefaultMavenResourcesFiltering - Copying 1 resource from src\main\resources to target\classes
2025-10-16 21:45:49,061 [Worker-69: Building] INFO  o.a.m.s.f.DefaultMavenResourcesFiltering - skip non existing resourceDirectory C:\Users\2440888\OneDrive - Cognizant\Desktop\Health-Insurance-Claim\health-insurance-claim\src\test\resources
2025-10-16 21:47:42,909 [Worker-67: Building] INFO  o.a.m.s.f.DefaultMavenResourcesFiltering - Copying 0 resource from src\main\resources to target\classes
2025-10-16 21:47:43,070 [Worker-67: Building] INFO  o.a.m.s.f.DefaultMavenResourcesFiltering - Copying 1 resource from src\main\resources to target\classes
2025-10-16 21:47:43,087 [Worker-67: Building] INFO  o.a.m.s.f.DefaultMavenResourcesFiltering - skip non existing resourceDirectory C:\Users\2440888\OneDrive - Cognizant\Desktop\Health-Insurance-Claim\health-insurance-claim\src\test\resources
2025-10-16 21:48:18,869 [Worker-75: Building] INFO  o.a.m.s.f.DefaultMavenResourcesFiltering - Copying 0 resource from src\main\resources to target\classes
2025-10-16 21:48:19,057 [Worker-75: Building] INFO  o.a.m.s.f.DefaultMavenResourcesFiltering - Copying 1 resource from src\main\resources to target\classes
2025-10-16 21:48:19,077 [Worker-75: Building] INFO  o.a.m.s.f.DefaultMavenResourcesFiltering - skip non existing resourceDirectory C:\Users\2440888\OneDrive - Cognizant\Desktop\Health-Insurance-Claim\health-insurance-claim\src\test\resources
2025-10-16 21:48:46,685 [Worker-69: Building] INFO  o.a.m.s.f.DefaultMavenResourcesFiltering - Copying 0 resource from src\main\resources to target\classes
2025-10-16 21:48:46,928 [Worker-69: Building] INFO  o.a.m.s.f.DefaultMavenResourcesFiltering - Copying 1 resource from src\main\resources to target\classes
2025-10-16 21:48:46,946 [Worker-69: Building] INFO  o.a.m.s.f.DefaultMavenResourcesFiltering - skip non existing resourceDirectory C:\Users\2440888\OneDrive - Cognizant\Desktop\Health-Insurance-Claim\health-insurance-claim\src\test\resources
2025-10-16 21:49:39,358 [Worker-75: Building] INFO  o.a.m.s.f.DefaultMavenResourcesFiltering - Copying 0 resource from src\main\resources to target\classes
2025-10-16 21:49:39,503 [Worker-75: Building] INFO  o.a.m.s.f.DefaultMavenResourcesFiltering - Copying 1 resource from src\main\resources to target\classes
2025-10-16 21:49:39,516 [Worker-75: Building] INFO  o.a.m.s.f.DefaultMavenResourcesFiltering - skip non existing resourceDirectory C:\Users\2440888\OneDrive - Cognizant\Desktop\Health-Insurance-Claim\health-insurance-claim\src\test\resources
2025-10-16 22:11:38,260 [Worker-67: Building] INFO  o.a.m.s.f.DefaultMavenResourcesFiltering - Copying 1 resource from src\main\resources to target\classes
2025-10-16 22:11:38,306 [Worker-67: Building] INFO  o.a.m.s.f.DefaultMavenResourcesFiltering - Copying 25 resources from src\main\resources to target\classes
2025-10-16 22:11:38,664 [Worker-67: Building] INFO  o.a.m.s.f.DefaultMavenResourcesFiltering - skip non existing resourceDirectory C:\Users\2440888\OneDrive - Cognizant\Desktop\Health-Insurance-Claim\health-insurance-claim\src\test\resources
2025-10-16 22:15:45,238 [Worker-75: Building] INFO  o.a.m.s.f.DefaultMavenResourcesFiltering - Copying 1 resource from src\main\resources to target\classes
2025-10-16 22:15:45,285 [Worker-75: Building] INFO  o.a.m.s.f.DefaultMavenResourcesFiltering - Copying 25 resources from src\main\resources to target\classes
2025-10-16 22:15:45,635 [Worker-75: Building] INFO  o.a.m.s.f.DefaultMavenResourcesFiltering - skip non existing resourceDirectory C:\Users\2440888\OneDrive - Cognizant\Desktop\Health-Insurance-Claim\health-insurance-claim\src\test\resources
2025-10-16 22:16:33,786 [Worker-78: Building] INFO  o.a.m.s.f.DefaultMavenResourcesFiltering - Copying 1 resource from src\main\resources to target\classes
2025-10-16 22:16:33,807 [Worker-78: Building] INFO  o.a.m.s.f.DefaultMavenResourcesFiltering - Copying 25 resources from src\main\resources to target\classes
2025-10-16 22:16:34,150 [Worker-78: Building] INFO  o.a.m.s.f.DefaultMavenResourcesFiltering - skip non existing resourceDirectory C:\Users\2440888\OneDrive - Cognizant\Desktop\Health-Insurance-Claim\health-insurance-claim\src\test\resources
2025-10-16 22:17:00,141 [Worker-75: Building] INFO  o.a.m.s.f.DefaultMavenResourcesFiltering - Copying 1 resource from src\main\resources to target\classes
2025-10-16 22:17:00,167 [Worker-75: Building] INFO  o.a.m.s.f.DefaultMavenResourcesFiltering - Copying 25 resources from src\main\resources to target\classes
2025-10-16 22:17:00,521 [Worker-75: Building] INFO  o.a.m.s.f.DefaultMavenResourcesFiltering - skip non existing resourceDirectory C:\Users\2440888\OneDrive - Cognizant\Desktop\Health-Insurance-Claim\health-insurance-claim\src\test\resources
2025-10-16 22:18:55,309 [Worker-75: Building] INFO  o.a.m.s.f.DefaultMavenResourcesFiltering - Copying 1 resource from src\main\resources to target\classes
2025-10-16 22:18:55,330 [Worker-75: Building] INFO  o.a.m.s.f.DefaultMavenResourcesFiltering - Copying 25 resources from src\main\resources to target\classes
2025-10-16 22:18:55,655 [Worker-75: Building] INFO  o.a.m.s.f.DefaultMavenResourcesFiltering - skip non existing resourceDirectory C:\Users\2440888\OneDrive - Cognizant\Desktop\Health-Insurance-Claim\health-insurance-claim\src\test\resources
2025-10-16 22:20:38,126 [Worker-75: Building] INFO  o.a.m.s.f.DefaultMavenResourcesFiltering - Copying 1 resource from src\main\resources to target\classes
2025-10-16 22:20:38,208 [Worker-75: Building] INFO  o.a.m.s.f.DefaultMavenResourcesFiltering - Copying 25 resources from src\main\resources to target\classes
2025-10-16 22:20:38,572 [Worker-75: Building] INFO  o.a.m.s.f.DefaultMavenResourcesFiltering - skip non existing resourceDirectory C:\Users\2440888\OneDrive - Cognizant\Desktop\Health-Insurance-Claim\health-insurance-claim\src\test\resources
2025-10-16 22:23:06,238 [Worker-77: Building] INFO  o.a.m.s.f.DefaultMavenResourcesFiltering - Copying 1 resource from src\main\resources to target\classes
2025-10-16 22:23:06,271 [Worker-77: Building] INFO  o.a.m.s.f.DefaultMavenResourcesFiltering - Copying 25 resources from src\main\resources to target\classes
2025-10-16 22:23:06,567 [Worker-77: Building] INFO  o.a.m.s.f.DefaultMavenResourcesFiltering - skip non existing resourceDirectory C:\Users\2440888\OneDrive - Cognizant\Desktop\Health-Insurance-Claim\health-insurance-claim\src\test\resources
2025-10-16 22:23:28,226 [Worker-78: Building] INFO  o.a.m.s.f.DefaultMavenResourcesFiltering - Copying 1 resource from src\main\resources to target\classes
2025-10-16 22:23:28,248 [Worker-78: Building] INFO  o.a.m.s.f.DefaultMavenResourcesFiltering - Copying 25 resources from src\main\resources to target\classes
2025-10-16 22:23:28,553 [Worker-78: Building] INFO  o.a.m.s.f.DefaultMavenResourcesFiltering - skip non existing resourceDirectory C:\Users\2440888\OneDrive - Cognizant\Desktop\Health-Insurance-Claim\health-insurance-claim\src\test\resources
2025-10-16 22:28:00,683 [Worker-76: Building] INFO  o.a.m.s.f.DefaultMavenResourcesFiltering - Copying 1 resource from src\main\resources to target\classes
2025-10-16 22:28:00,705 [Worker-76: Building] INFO  o.a.m.s.f.DefaultMavenResourcesFiltering - Copying 25 resources from src\main\resources to target\classes
2025-10-16 22:28:01,039 [Worker-76: Building] INFO  o.a.m.s.f.DefaultMavenResourcesFiltering - skip non existing resourceDirectory C:\Users\2440888\OneDrive - Cognizant\Desktop\Health-Insurance-Claim\health-insurance-claim\src\test\resources
2025-10-16 22:30:52,421 [Worker-77: Building] INFO  o.a.m.s.f.DefaultMavenResourcesFiltering - Copying 0 resource from src\main\resources to target\classes
2025-10-16 22:30:52,608 [Worker-77: Building] INFO  o.a.m.s.f.DefaultMavenResourcesFiltering - Copying 1 resource from src\main\resources to target\classes
2025-10-16 22:30:52,624 [Worker-77: Building] INFO  o.a.m.s.f.DefaultMavenResourcesFiltering - skip non existing resourceDirectory C:\Users\2440888\OneDrive - Cognizant\Desktop\Health-Insurance-Claim\health-insurance-claim\src\test\resources
2025-10-16 22:31:43,421 [Worker-67: Building] INFO  o.a.m.s.f.DefaultMavenResourcesFiltering - Copying 0 resource from src\main\resources to target\classes
2025-10-16 22:31:43,601 [Worker-67: Building] INFO  o.a.m.s.f.DefaultMavenResourcesFiltering - Copying 1 resource from src\main\resources to target\classes
2025-10-16 22:31:43,617 [Worker-67: Building] INFO  o.a.m.s.f.DefaultMavenResourcesFiltering - skip non existing resourceDirectory C:\Users\2440888\OneDrive - Cognizant\Desktop\Health-Insurance-Claim\health-insurance-claim\src\test\resources
2025-10-16 22:32:26,181 [Worker-77: Building] INFO  o.a.m.s.f.DefaultMavenResourcesFiltering - Copying 0 resource from src\main\resources to target\classes
2025-10-16 22:32:26,446 [Worker-77: Building] INFO  o.a.m.s.f.DefaultMavenResourcesFiltering - Copying 1 resource from src\main\resources to target\classes
2025-10-16 22:32:26,462 [Worker-77: Building] INFO  o.a.m.s.f.DefaultMavenResourcesFiltering - skip non existing resourceDirectory C:\Users\2440888\OneDrive - Cognizant\Desktop\Health-Insurance-Claim\health-insurance-claim\src\test\resources
2025-10-16 22:33:10,053 [Worker-77: Building] INFO  o.a.m.s.f.DefaultMavenResourcesFiltering - Copying 0 resource from src\main\resources to target\classes
2025-10-16 22:33:10,232 [Worker-77: Building] INFO  o.a.m.s.f.DefaultMavenResourcesFiltering - Copying 1 resource from src\main\resources to target\classes
2025-10-16 22:33:10,244 [Worker-77: Building] INFO  o.a.m.s.f.DefaultMavenResourcesFiltering - skip non existing resourceDirectory C:\Users\2440888\OneDrive - Cognizant\Desktop\Health-Insurance-Claim\health-insurance-claim\src\test\resources
2025-10-16 22:33:12,678 [Worker-78: Building] INFO  o.a.m.s.f.DefaultMavenResourcesFiltering - Copying 0 resource from src\main\resources to target\classes
2025-10-16 22:33:12,687 [Worker-78: Building] INFO  o.a.m.s.f.DefaultMavenResourcesFiltering - Copying 1 resource from src\main\resources to target\classes
2025-10-16 22:33:12,695 [Worker-78: Building] INFO  o.a.m.s.f.DefaultMavenResourcesFiltering - skip non existing resourceDirectory C:\Users\2440888\OneDrive - Cognizant\Desktop\Health-Insurance-Claim\health-insurance-claim\src\test\resources
2025-10-16 22:34:18,461 [Worker-67: Building] INFO  o.a.m.s.f.DefaultMavenResourcesFiltering - Copying 0 resource from src\main\resources to target\classes
2025-10-16 22:34:18,651 [Worker-67: Building] INFO  o.a.m.s.f.DefaultMavenResourcesFiltering - Copying 1 resource from src\main\resources to target\classes
2025-10-16 22:34:18,668 [Worker-67: Building] INFO  o.a.m.s.f.DefaultMavenResourcesFiltering - skip non existing resourceDirectory C:\Users\2440888\OneDrive - Cognizant\Desktop\Health-Insurance-Claim\health-insurance-claim\src\test\resources
2025-10-16 22:38:52,700 [Worker-75: Building] INFO  o.a.m.s.f.DefaultMavenResourcesFiltering - Copying 1 resource from src\main\resources to target\classes
2025-10-16 22:38:52,721 [Worker-75: Building] INFO  o.a.m.s.f.DefaultMavenResourcesFiltering - Copying 25 resources from src\main\resources to target\classes
2025-10-16 22:38:53,079 [Worker-75: Building] INFO  o.a.m.s.f.DefaultMavenResourcesFiltering - skip non existing resourceDirectory C:\Users\2440888\OneDrive - Cognizant\Desktop\Health-Insurance-Claim\health-insurance-claim\src\test\resources
2025-10-16 22:39:21,282 [Worker-79: Building] INFO  o.a.m.s.f.DefaultMavenResourcesFiltering - Copying 1 resource from src\main\resources to target\classes
2025-10-16 22:39:21,339 [Worker-79: Building] INFO  o.a.m.s.f.DefaultMavenResourcesFiltering - Copying 25 resources from src\main\resources to target\classes
2025-10-16 22:39:21,686 [Worker-79: Building] INFO  o.a.m.s.f.DefaultMavenResourcesFiltering - skip non existing resourceDirectory C:\Users\2440888\OneDrive - Cognizant\Desktop\Health-Insurance-Claim\health-insurance-claim\src\test\resources
2025-10-16 22:42:04,047 [Worker-57: Building] INFO  o.a.m.s.f.DefaultMavenResourcesFiltering - Copying 1 resource from src\main\resources to target\classes
2025-10-16 22:42:04,082 [Worker-57: Building] INFO  o.a.m.s.f.DefaultMavenResourcesFiltering - Copying 25 resources from src\main\resources to target\classes
2025-10-16 22:42:04,415 [Worker-57: Building] INFO  o.a.m.s.f.DefaultMavenResourcesFiltering - skip non existing resourceDirectory C:\Users\2440888\OneDrive - Cognizant\Desktop\Health-Insurance-Claim\health-insurance-claim\src\test\resources
2025-10-16 22:42:12,248 [Worker-67: Building] INFO  o.a.m.s.f.DefaultMavenResourcesFiltering - Copying 1 resource from src\main\resources to target\classes
2025-10-16 22:42:12,260 [Worker-67: Building] INFO  o.a.m.s.f.DefaultMavenResourcesFiltering - Copying 25 resources from src\main\resources to target\classes
2025-10-16 22:42:12,272 [Worker-67: Building] INFO  o.a.m.s.f.DefaultMavenResourcesFiltering - skip non existing resourceDirectory C:\Users\2440888\OneDrive - Cognizant\Desktop\Health-Insurance-Claim\health-insurance-claim\src\test\resources
2025-10-16 22:45:11,218 [Worker-57: Building] INFO  o.a.m.s.f.DefaultMavenResourcesFiltering - Copying 1 resource from src\main\resources to target\classes
2025-10-16 22:45:11,244 [Worker-57: Building] INFO  o.a.m.s.f.DefaultMavenResourcesFiltering - Copying 25 resources from src\main\resources to target\classes
2025-10-16 22:45:11,623 [Worker-57: Building] INFO  o.a.m.s.f.DefaultMavenResourcesFiltering - skip non existing resourceDirectory C:\Users\2440888\OneDrive - Cognizant\Desktop\Health-Insurance-Claim\health-insurance-claim\src\test\resources
2025-10-16 22:45:30,713 [Worker-67: Building] INFO  o.a.m.s.f.DefaultMavenResourcesFiltering - Copying 1 resource from src\main\resources to target\classes
2025-10-16 22:45:30,737 [Worker-67: Building] INFO  o.a.m.s.f.DefaultMavenResourcesFiltering - Copying 25 resources from src\main\resources to target\classes
2025-10-16 22:45:31,066 [Worker-67: Building] INFO  o.a.m.s.f.DefaultMavenResourcesFiltering - skip non existing resourceDirectory C:\Users\2440888\OneDrive - Cognizant\Desktop\Health-Insurance-Claim\health-insurance-claim\src\test\resources
2025-10-16 22:47:43,365 [Worker-76: Building] INFO  o.a.m.s.f.DefaultMavenResourcesFiltering - Copying 1 resource from src\main\resources to target\classes
2025-10-16 22:47:43,397 [Worker-76: Building] INFO  o.a.m.s.f.DefaultMavenResourcesFiltering - Copying 25 resources from src\main\resources to target\classes
2025-10-16 22:47:43,783 [Worker-76: Building] INFO  o.a.m.s.f.DefaultMavenResourcesFiltering - skip non existing resourceDirectory C:\Users\2440888\OneDrive - Cognizant\Desktop\Health-Insurance-Claim\health-insurance-claim\src\test\resources
2025-10-16 22:47:57,836 [Worker-77: Building] INFO  o.a.m.s.f.DefaultMavenResourcesFiltering - Copying 1 resource from src\main\resources to target\classes
2025-10-16 22:47:57,858 [Worker-77: Building] INFO  o.a.m.s.f.DefaultMavenResourcesFiltering - Copying 25 resources from src\main\resources to target\classes
2025-10-16 22:47:58,224 [Worker-77: Building] INFO  o.a.m.s.f.DefaultMavenResourcesFiltering - skip non existing resourceDirectory C:\Users\2440888\OneDrive - Cognizant\Desktop\Health-Insurance-Claim\health-insurance-claim\src\test\resources
2025-10-16 22:48:12,469 [Worker-79: Building] INFO  o.a.m.s.f.DefaultMavenResourcesFiltering - Copying 1 resource from src\main\resources to target\classes
2025-10-16 22:48:12,499 [Worker-79: Building] INFO  o.a.m.s.f.DefaultMavenResourcesFiltering - Copying 25 resources from src\main\resources to target\classes
2025-10-16 22:48:12,795 [Worker-79: Building] INFO  o.a.m.s.f.DefaultMavenResourcesFiltering - skip non existing resourceDirectory C:\Users\2440888\OneDrive - Cognizant\Desktop\Health-Insurance-Claim\health-insurance-claim\src\test\resources
2025-10-16 22:57:37,955 [Worker-76: Building] INFO  o.a.m.s.f.DefaultMavenResourcesFiltering - Copying 1 resource from src\main\resources to target\classes
2025-10-16 22:57:37,977 [Worker-76: Building] INFO  o.a.m.s.f.DefaultMavenResourcesFiltering - Copying 25 resources from src\main\resources to target\classes
2025-10-16 22:57:38,285 [Worker-76: Building] INFO  o.a.m.s.f.DefaultMavenResourcesFiltering - skip non existing resourceDirectory C:\Users\2440888\OneDrive - Cognizant\Desktop\Health-Insurance-Claim\health-insurance-claim\src\test\resources
2025-10-16 22:57:43,672 [Worker-81: Building] INFO  o.a.m.s.f.DefaultMavenResourcesFiltering - Copying 1 resource from src\main\resources to target\classes
2025-10-16 22:57:43,684 [Worker-81: Building] INFO  o.a.m.s.f.DefaultMavenResourcesFiltering - Copying 25 resources from src\main\resources to target\classes
2025-10-16 22:57:43,699 [Worker-81: Building] INFO  o.a.m.s.f.DefaultMavenResourcesFiltering - skip non existing resourceDirectory C:\Users\2440888\OneDrive - Cognizant\Desktop\Health-Insurance-Claim\health-insurance-claim\src\test\resources
2025-10-16 23:01:55,924 [Worker-57: Building] INFO  o.a.m.s.f.DefaultMavenResourcesFiltering - Copying 1 resource from src\main\resources to target\classes
2025-10-16 23:01:55,958 [Worker-57: Building] INFO  o.a.m.s.f.DefaultMavenResourcesFiltering - Copying 25 resources from src\main\resources to target\classes
2025-10-16 23:01:56,439 [Worker-57: Building] INFO  o.a.m.s.f.DefaultMavenResourcesFiltering - skip non existing resourceDirectory C:\Users\2440888\OneDrive - Cognizant\Desktop\Health-Insurance-Claim\health-insurance-claim\src\test\resources
2025-10-16 23:03:05,853 [Worker-77: Building] INFO  o.a.m.s.f.DefaultMavenResourcesFiltering - Copying 1 resource from src\main\resources to target\classes
2025-10-16 23:03:05,896 [Worker-77: Building] INFO  o.a.m.s.f.DefaultMavenResourcesFiltering - Copying 25 resources from src\main\resources to target\classes
2025-10-16 23:03:06,227 [Worker-77: Building] INFO  o.a.m.s.f.DefaultMavenResourcesFiltering - skip non existing resourceDirectory C:\Users\2440888\OneDrive - Cognizant\Desktop\Health-Insurance-Claim\health-insurance-claim\src\test\resources
2025-10-16 23:03:18,275 [Worker-67: Building] INFO  o.a.m.s.f.DefaultMavenResourcesFiltering - Copying 1 resource from src\main\resources to target\classes
2025-10-16 23:03:18,310 [Worker-67: Building] INFO  o.a.m.s.f.DefaultMavenResourcesFiltering - Copying 25 resources from src\main\resources to target\classes
2025-10-16 23:03:18,661 [Worker-67: Building] INFO  o.a.m.s.f.DefaultMavenResourcesFiltering - skip non existing resourceDirectory C:\Users\2440888\OneDrive - Cognizant\Desktop\Health-Insurance-Claim\health-insurance-claim\src\test\resources
2025-10-17 08:10:41,474 [Worker-57: Building] INFO  o.a.m.s.f.DefaultMavenResourcesFiltering - Copying 1 resource from src\main\resources to target\classes
2025-10-17 08:10:41,534 [Worker-57: Building] INFO  o.a.m.s.f.DefaultMavenResourcesFiltering - Copying 25 resources from src\main\resources to target\classes
2025-10-17 08:10:41,958 [Worker-57: Building] INFO  o.a.m.s.f.DefaultMavenResourcesFiltering - skip non existing resourceDirectory C:\Users\2440888\OneDrive - Cognizant\Desktop\Health-Insurance-Claim\health-insurance-claim\src\test\resources
2025-10-17 08:16:29,477 [Worker-84: Building] INFO  o.a.m.s.f.DefaultMavenResourcesFiltering - Copying 1 resource from src\main\resources to target\classes
2025-10-17 08:16:29,522 [Worker-84: Building] INFO  o.a.m.s.f.DefaultMavenResourcesFiltering - Copying 25 resources from src\main\resources to target\classes
2025-10-17 08:16:29,895 [Worker-84: Building] INFO  o.a.m.s.f.DefaultMavenResourcesFiltering - skip non existing resourceDirectory C:\Users\2440888\OneDrive - Cognizant\Desktop\Health-Insurance-Claim\health-insurance-claim\src\test\resources
2025-10-17 08:18:52,901 [Worker-80: Building] INFO  o.a.m.s.f.DefaultMavenResourcesFiltering - Copying 1 resource from src\main\resources to target\classes
2025-10-17 08:18:52,949 [Worker-80: Building] INFO  o.a.m.s.f.DefaultMavenResourcesFiltering - Copying 25 resources from src\main\resources to target\classes
2025-10-17 08:18:53,394 [Worker-80: Building] INFO  o.a.m.s.f.DefaultMavenResourcesFiltering - skip non existing resourceDirectory C:\Users\2440888\OneDrive - Cognizant\Desktop\Health-Insurance-Claim\health-insurance-claim\src\test\resources
2025-10-17 08:24:18,263 [Worker-67: Building] INFO  o.a.m.s.f.DefaultMavenResourcesFiltering - Copying 0 resource from src\main\resources to target\classes
2025-10-17 08:24:18,529 [Worker-67: Building] INFO  o.a.m.s.f.DefaultMavenResourcesFiltering - Copying 1 resource from src\main\resources to target\classes
2025-10-17 08:24:18,561 [Worker-67: Building] INFO  o.a.m.s.f.DefaultMavenResourcesFiltering - skip non existing resourceDirectory C:\Users\2440888\OneDrive - Cognizant\Desktop\Health-Insurance-Claim\health-insurance-claim\src\test\resources
2025-10-17 08:27:06,979 [Worker-85: Building] INFO  o.a.m.s.f.DefaultMavenResourcesFiltering - Copying 0 resource from src\main\resources to target\classes
2025-10-17 08:27:07,202 [Worker-85: Building] INFO  o.a.m.s.f.DefaultMavenResourcesFiltering - Copying 1 resource from src\main\resources to target\classes
2025-10-17 08:27:07,222 [Worker-85: Building] INFO  o.a.m.s.f.DefaultMavenResourcesFiltering - skip non existing resourceDirectory C:\Users\2440888\OneDrive - Cognizant\Desktop\Health-Insurance-Claim\health-insurance-claim\src\test\resources
2025-10-17 08:52:38,614 [Worker-83: Building] INFO  o.a.m.s.f.DefaultMavenResourcesFiltering - Copying 1 resource from src\main\resources to target\classes
2025-10-17 08:52:38,647 [Worker-83: Building] INFO  o.a.m.s.f.DefaultMavenResourcesFiltering - Copying 25 resources from src\main\resources to target\classes
2025-10-17 08:52:38,941 [Worker-83: Building] INFO  o.a.m.s.f.DefaultMavenResourcesFiltering - skip non existing resourceDirectory C:\Users\2440888\OneDrive - Cognizant\Desktop\Health-Insurance-Claim\health-insurance-claim\src\test\resources
2025-10-17 08:54:39,030 [Worker-75: Building] INFO  o.a.m.s.f.DefaultMavenResourcesFiltering - Copying 0 resource from src\main\resources to target\classes
2025-10-17 08:54:39,172 [Worker-75: Building] INFO  o.a.m.s.f.DefaultMavenResourcesFiltering - Copying 1 resource from src\main\resources to target\classes
2025-10-17 08:54:39,186 [Worker-75: Building] INFO  o.a.m.s.f.DefaultMavenResourcesFiltering - skip non existing resourceDirectory C:\Users\2440888\OneDrive - Cognizant\Desktop\Health-Insurance-Claim\health-insurance-claim\src\test\resources
2025-10-17 08:57:07,938 [Worker-75: Building] INFO  o.a.m.s.f.DefaultMavenResourcesFiltering - Copying 0 resource from src\main\resources to target\classes
2025-10-17 08:57:08,074 [Worker-75: Building] INFO  o.a.m.s.f.DefaultMavenResourcesFiltering - Copying 1 resource from src\main\resources to target\classes
2025-10-17 08:57:08,087 [Worker-75: Building] INFO  o.a.m.s.f.DefaultMavenResourcesFiltering - skip non existing resourceDirectory C:\Users\2440888\OneDrive - Cognizant\Desktop\Health-Insurance-Claim\health-insurance-claim\src\test\resources
2025-10-17 08:57:16,175 [Worker-77: Building] INFO  o.a.m.s.f.DefaultMavenResourcesFiltering - Copying 0 resource from src\main\resources to target\classes
2025-10-17 08:57:16,183 [Worker-77: Building] INFO  o.a.m.s.f.DefaultMavenResourcesFiltering - Copying 1 resource from src\main\resources to target\classes
2025-10-17 08:57:16,188 [Worker-77: Building] INFO  o.a.m.s.f.DefaultMavenResourcesFiltering - skip non existing resourceDirectory C:\Users\2440888\OneDrive - Cognizant\Desktop\Health-Insurance-Claim\health-insurance-claim\src\test\resources
2025-10-17 08:57:26,838 [Worker-75: Building] INFO  o.a.m.s.f.DefaultMavenResourcesFiltering - Copying 0 resource from src\main\resources to target\classes
2025-10-17 08:57:26,968 [Worker-75: Building] INFO  o.a.m.s.f.DefaultMavenResourcesFiltering - Copying 1 resource from src\main\resources to target\classes
2025-10-17 08:57:26,978 [Worker-75: Building] INFO  o.a.m.s.f.DefaultMavenResourcesFiltering - skip non existing resourceDirectory C:\Users\2440888\OneDrive - Cognizant\Desktop\Health-Insurance-Claim\health-insurance-claim\src\test\resources
2025-10-17 08:59:54,839 [Worker-90: Building] INFO  o.a.m.s.f.DefaultMavenResourcesFiltering - Copying 0 resource from src\main\resources to target\classes
2025-10-17 08:59:54,990 [Worker-90: Building] INFO  o.a.m.s.f.DefaultMavenResourcesFiltering - Copying 1 resource from src\main\resources to target\classes
2025-10-17 08:59:55,000 [Worker-90: Building] INFO  o.a.m.s.f.DefaultMavenResourcesFiltering - skip non existing resourceDirectory C:\Users\2440888\OneDrive - Cognizant\Desktop\Health-Insurance-Claim\health-insurance-claim\src\test\resources
2025-10-17 09:01:53,912 [Worker-77: Building] INFO  o.a.m.s.f.DefaultMavenResourcesFiltering - Copying 0 resource from src\main\resources to target\classes
2025-10-17 09:01:54,044 [Worker-77: Building] INFO  o.a.m.s.f.DefaultMavenResourcesFiltering - Copying 1 resource from src\main\resources to target\classes
2025-10-17 09:01:54,056 [Worker-77: Building] INFO  o.a.m.s.f.DefaultMavenResourcesFiltering - skip non existing resourceDirectory C:\Users\2440888\OneDrive - Cognizant\Desktop\Health-Insurance-Claim\health-insurance-claim\src\test\resources
2025-10-17 09:03:46,703 [Worker-75: Building] INFO  o.a.m.s.f.DefaultMavenResourcesFiltering - Copying 0 resource from src\main\resources to target\classes
2025-10-17 09:03:46,851 [Worker-75: Building] INFO  o.a.m.s.f.DefaultMavenResourcesFiltering - Copying 1 resource from src\main\resources to target\classes
2025-10-17 09:03:46,863 [Worker-75: Building] INFO  o.a.m.s.f.DefaultMavenResourcesFiltering - skip non existing resourceDirectory C:\Users\2440888\OneDrive - Cognizant\Desktop\Health-Insurance-Claim\health-insurance-claim\src\test\resources
2025-10-17 09:10:13,008 [Worker-89: Building] INFO  o.a.m.s.f.DefaultMavenResourcesFiltering - Copying 1 resource from src\main\resources to target\classes
2025-10-17 09:10:13,082 [Worker-89: Building] INFO  o.a.m.s.f.DefaultMavenResourcesFiltering - Copying 25 resources from src\main\resources to target\classes
2025-10-17 09:10:13,530 [Worker-89: Building] INFO  o.a.m.s.f.DefaultMavenResourcesFiltering - skip non existing resourceDirectory C:\Users\2440888\OneDrive - Cognizant\Desktop\Health-Insurance-Claim\health-insurance-claim\src\test\resources
2025-10-17 09:22:44,581 [Worker-89: Building] INFO  o.a.m.s.f.DefaultMavenResourcesFiltering - Copying 1 resource from src\main\resources to target\classes
2025-10-17 09:22:44,859 [Worker-89: Building] INFO  o.a.m.s.f.DefaultMavenResourcesFiltering - Copying 0 resource from src\main\resources to target\classes
2025-10-17 09:22:44,862 [Worker-89: Building] INFO  o.a.m.s.f.DefaultMavenResourcesFiltering - skip non existing resourceDirectory C:\Users\2440888\OneDrive - Cognizant\Desktop\Health-Insurance-Claim\health-insurance-claim\src\test\resources
2025-10-17 09:39:40,488 [Worker-89: Building] INFO  o.a.m.s.f.DefaultMavenResourcesFiltering - Copying 0 resource from src\main\resources to target\classes
2025-10-17 09:39:40,664 [Worker-89: Building] INFO  o.a.m.s.f.DefaultMavenResourcesFiltering - Copying 1 resource from src\main\resources to target\classes
2025-10-17 09:39:40,686 [Worker-89: Building] INFO  o.a.m.s.f.DefaultMavenResourcesFiltering - skip non existing resourceDirectory C:\Users\2440888\OneDrive - Cognizant\Desktop\Health-Insurance-Claim\health-insurance-claim\src\test\resources
2025-10-17 09:39:52,769 [Worker-77: Building] INFO  o.a.m.s.f.DefaultMavenResourcesFiltering - Copying 0 resource from src\main\resources to target\classes
2025-10-17 09:39:52,970 [Worker-77: Building] INFO  o.a.m.s.f.DefaultMavenResourcesFiltering - Copying 1 resource from src\main\resources to target\classes
2025-10-17 09:39:52,994 [Worker-77: Building] INFO  o.a.m.s.f.DefaultMavenResourcesFiltering - skip non existing resourceDirectory C:\Users\2440888\OneDrive - Cognizant\Desktop\Health-Insurance-Claim\health-insurance-claim\src\test\resources
2025-10-17 09:40:57,310 [Worker-84: Building] INFO  o.a.m.s.f.DefaultMavenResourcesFiltering - Copying 0 resource from src\main\resources to target\classes
2025-10-17 09:40:57,519 [Worker-84: Building] INFO  o.a.m.s.f.DefaultMavenResourcesFiltering - Copying 1 resource from src\main\resources to target\classes
2025-10-17 09:40:57,536 [Worker-84: Building] INFO  o.a.m.s.f.DefaultMavenResourcesFiltering - skip non existing resourceDirectory C:\Users\2440888\OneDrive - Cognizant\Desktop\Health-Insurance-Claim\health-insurance-claim\src\test\resources
2025-10-17 09:50:00,019 [Worker-89: Building] INFO  o.a.m.s.f.DefaultMavenResourcesFiltering - Copying 0 resource from src\main\resources to target\classes
2025-10-17 09:50:00,226 [Worker-89: Building] INFO  o.a.m.s.f.DefaultMavenResourcesFiltering - Copying 1 resource from src\main\resources to target\classes
2025-10-17 09:50:00,253 [Worker-89: Building] INFO  o.a.m.s.f.DefaultMavenResourcesFiltering - skip non existing resourceDirectory C:\Users\2440888\OneDrive - Cognizant\Desktop\Health-Insurance-Claim\health-insurance-claim\src\test\resources
2025-10-17 09:55:17,597 [Worker-90: Building] INFO  o.a.m.s.f.DefaultMavenResourcesFiltering - Copying 0 resource from src\main\resources to target\classes
2025-10-17 09:55:17,847 [Worker-90: Building] INFO  o.a.m.s.f.DefaultMavenResourcesFiltering - Copying 1 resource from src\main\resources to target\classes
2025-10-17 09:55:17,876 [Worker-90: Building] INFO  o.a.m.s.f.DefaultMavenResourcesFiltering - skip non existing resourceDirectory C:\Users\2440888\OneDrive - Cognizant\Desktop\Health-Insurance-Claim\health-insurance-claim\src\test\resources
2025-10-17 09:55:24,330 [Worker-77: Building] INFO  o.a.m.s.f.DefaultMavenResourcesFiltering - Copying 0 resource from src\main\resources to target\classes
2025-10-17 09:55:24,382 [Worker-77: Building] INFO  o.a.m.s.f.DefaultMavenResourcesFiltering - Copying 1 resource from src\main\resources to target\classes
2025-10-17 09:55:24,407 [Worker-77: Building] INFO  o.a.m.s.f.DefaultMavenResourcesFiltering - skip non existing resourceDirectory C:\Users\2440888\OneDrive - Cognizant\Desktop\Health-Insurance-Claim\health-insurance-claim\src\test\resources
2025-10-17 09:57:41,764 [Worker-92: Building] INFO  o.a.m.s.f.DefaultMavenResourcesFiltering - Copying 0 resource from src\main\resources to target\classes
2025-10-17 09:57:41,970 [Worker-92: Building] INFO  o.a.m.s.f.DefaultMavenResourcesFiltering - Copying 1 resource from src\main\resources to target\classes
2025-10-17 09:57:41,983 [Worker-92: Building] INFO  o.a.m.s.f.DefaultMavenResourcesFiltering - skip non existing resourceDirectory C:\Users\2440888\OneDrive - Cognizant\Desktop\Health-Insurance-Claim\health-insurance-claim\src\test\resources
2025-10-17 09:58:28,331 [Worker-77: Building] INFO  o.a.m.s.f.DefaultMavenResourcesFiltering - Copying 0 resource from src\main\resources to target\classes
2025-10-17 09:58:28,509 [Worker-77: Building] INFO  o.a.m.s.f.DefaultMavenResourcesFiltering - Copying 1 resource from src\main\resources to target\classes
2025-10-17 09:58:28,524 [Worker-77: Building] INFO  o.a.m.s.f.DefaultMavenResourcesFiltering - skip non existing resourceDirectory C:\Users\2440888\OneDrive - Cognizant\Desktop\Health-Insurance-Claim\health-insurance-claim\src\test\resources
2025-10-17 09:58:50,994 [Worker-92: Building] INFO  o.a.m.s.f.DefaultMavenResourcesFiltering - Copying 0 resource from src\main\resources to target\classes
2025-10-17 09:58:51,170 [Worker-92: Building] INFO  o.a.m.s.f.DefaultMavenResourcesFiltering - Copying 1 resource from src\main\resources to target\classes
2025-10-17 09:58:51,182 [Worker-92: Building] INFO  o.a.m.s.f.DefaultMavenResourcesFiltering - skip non existing resourceDirectory C:\Users\2440888\OneDrive - Cognizant\Desktop\Health-Insurance-Claim\health-insurance-claim\src\test\resources
2025-10-17 09:59:03,744 [Worker-77: Building] INFO  o.a.m.s.f.DefaultMavenResourcesFiltering - Copying 0 resource from src\main\resources to target\classes
2025-10-17 09:59:03,921 [Worker-77: Building] INFO  o.a.m.s.f.DefaultMavenResourcesFiltering - Copying 1 resource from src\main\resources to target\classes
2025-10-17 09:59:03,934 [Worker-77: Building] INFO  o.a.m.s.f.DefaultMavenResourcesFiltering - skip non existing resourceDirectory C:\Users\2440888\OneDrive - Cognizant\Desktop\Health-Insurance-Claim\health-insurance-claim\src\test\resources
2025-10-17 10:07:05,470 [Worker-75: Building] INFO  o.a.m.s.f.DefaultMavenResourcesFiltering - Copying 0 resource from src\main\resources to target\classes
2025-10-17 10:07:05,638 [Worker-75: Building] INFO  o.a.m.s.f.DefaultMavenResourcesFiltering - Copying 1 resource from src\main\resources to target\classes
2025-10-17 10:07:05,652 [Worker-75: Building] INFO  o.a.m.s.f.DefaultMavenResourcesFiltering - skip non existing resourceDirectory C:\Users\2440888\OneDrive - Cognizant\Desktop\Health-Insurance-Claim\health-insurance-claim\src\test\resources
2025-10-17 10:10:32,563 [Worker-90: Building] INFO  o.a.m.s.f.DefaultMavenResourcesFiltering - Copying 0 resource from src\main\resources to target\classes
2025-10-17 10:10:32,703 [Worker-90: Building] INFO  o.a.m.s.f.DefaultMavenResourcesFiltering - Copying 1 resource from src\main\resources to target\classes
2025-10-17 10:10:32,715 [Worker-90: Building] INFO  o.a.m.s.f.DefaultMavenResourcesFiltering - skip non existing resourceDirectory C:\Users\2440888\OneDrive - Cognizant\Desktop\Health-Insurance-Claim\health-insurance-claim\src\test\resources
2025-10-17 10:34:27,918 [Worker-94: Building] INFO  o.a.m.s.f.DefaultMavenResourcesFiltering - Copying 0 resource from src\main\resources to target\classes
2025-10-17 10:34:28,120 [Worker-94: Building] INFO  o.a.m.s.f.DefaultMavenResourcesFiltering - Copying 1 resource from src\main\resources to target\classes
2025-10-17 10:34:28,131 [Worker-94: Building] INFO  o.a.m.s.f.DefaultMavenResourcesFiltering - skip non existing resourceDirectory C:\Users\2440888\OneDrive - Cognizant\Desktop\Health-Insurance-Claim\health-insurance-claim\src\test\resources
2025-10-17 10:34:56,351 [Worker-89: Building] INFO  o.a.m.s.f.DefaultMavenResourcesFiltering - Copying 0 resource from src\main\resources to target\classes
2025-10-17 10:34:56,499 [Worker-89: Building] INFO  o.a.m.s.f.DefaultMavenResourcesFiltering - Copying 1 resource from src\main\resources to target\classes
2025-10-17 10:34:56,513 [Worker-89: Building] INFO  o.a.m.s.f.DefaultMavenResourcesFiltering - skip non existing resourceDirectory C:\Users\2440888\OneDrive - Cognizant\Desktop\Health-Insurance-Claim\health-insurance-claim\src\test\resources
2025-10-17 10:43:32,062 [Worker-94: Building] INFO  o.a.m.s.f.DefaultMavenResourcesFiltering - Copying 0 resource from src\main\resources to target\classes
2025-10-17 10:43:32,222 [Worker-94: Building] INFO  o.a.m.s.f.DefaultMavenResourcesFiltering - Copying 1 resource from src\main\resources to target\classes
2025-10-17 10:43:32,234 [Worker-94: Building] INFO  o.a.m.s.f.DefaultMavenResourcesFiltering - skip non existing resourceDirectory C:\Users\2440888\OneDrive - Cognizant\Desktop\Health-Insurance-Claim\health-insurance-claim\src\test\resources
2025-10-17 10:44:14,153 [Worker-93: Building] INFO  o.a.m.s.f.DefaultMavenResourcesFiltering - Copying 0 resource from src\main\resources to target\classes
2025-10-17 10:44:14,318 [Worker-93: Building] INFO  o.a.m.s.f.DefaultMavenResourcesFiltering - Copying 1 resource from src\main\resources to target\classes
2025-10-17 10:44:14,328 [Worker-93: Building] INFO  o.a.m.s.f.DefaultMavenResourcesFiltering - skip non existing resourceDirectory C:\Users\2440888\OneDrive - Cognizant\Desktop\Health-Insurance-Claim\health-insurance-claim\src\test\resources
2025-10-17 10:44:29,432 [Worker-95: Building] INFO  o.a.m.s.f.DefaultMavenResourcesFiltering - Copying 0 resource from src\main\resources to target\classes
2025-10-17 10:44:29,562 [Worker-95: Building] INFO  o.a.m.s.f.DefaultMavenResourcesFiltering - Copying 1 resource from src\main\resources to target\classes
2025-10-17 10:44:29,571 [Worker-95: Building] INFO  o.a.m.s.f.DefaultMavenResourcesFiltering - skip non existing resourceDirectory C:\Users\2440888\OneDrive - Cognizant\Desktop\Health-Insurance-Claim\health-insurance-claim\src\test\resources
2025-10-17 11:14:25,510 [Worker-93: Building] INFO  o.a.m.s.f.DefaultMavenResourcesFiltering - Copying 0 resource from src\main\resources to target\classes
2025-10-17 11:14:25,651 [Worker-93: Building] INFO  o.a.m.s.f.DefaultMavenResourcesFiltering - Copying 1 resource from src\main\resources to target\classes
2025-10-17 11:14:25,666 [Worker-93: Building] INFO  o.a.m.s.f.DefaultMavenResourcesFiltering - skip non existing resourceDirectory C:\Users\2440888\OneDrive - Cognizant\Desktop\Health-Insurance-Claim\health-insurance-claim\src\test\resources
2025-10-17 11:14:35,849 [Worker-93: Building] INFO  o.a.m.s.f.DefaultMavenResourcesFiltering - Copying 0 resource from src\main\resources to target\classes
2025-10-17 11:14:35,989 [Worker-93: Building] INFO  o.a.m.s.f.DefaultMavenResourcesFiltering - Copying 1 resource from src\main\resources to target\classes
2025-10-17 11:14:35,999 [Worker-93: Building] INFO  o.a.m.s.f.DefaultMavenResourcesFiltering - skip non existing resourceDirectory C:\Users\2440888\OneDrive - Cognizant\Desktop\Health-Insurance-Claim\health-insurance-claim\src\test\resources
2025-10-17 11:14:42,950 [Worker-96: Building] INFO  o.a.m.s.f.DefaultMavenResourcesFiltering - Copying 0 resource from src\main\resources to target\classes
2025-10-17 11:14:42,962 [Worker-96: Building] INFO  o.a.m.s.f.DefaultMavenResourcesFiltering - Copying 1 resource from src\main\resources to target\classes
2025-10-17 11:14:42,974 [Worker-96: Building] INFO  o.a.m.s.f.DefaultMavenResourcesFiltering - skip non existing resourceDirectory C:\Users\2440888\OneDrive - Cognizant\Desktop\Health-Insurance-Claim\health-insurance-claim\src\test\resources
2025-10-17 11:14:50,123 [Worker-93: Building] INFO  o.a.m.s.f.DefaultMavenResourcesFiltering - Copying 0 resource from src\main\resources to target\classes
2025-10-17 11:14:50,251 [Worker-93: Building] INFO  o.a.m.s.f.DefaultMavenResourcesFiltering - Copying 1 resource from src\main\resources to target\classes
2025-10-17 11:14:50,264 [Worker-93: Building] INFO  o.a.m.s.f.DefaultMavenResourcesFiltering - skip non existing resourceDirectory C:\Users\2440888\OneDrive - Cognizant\Desktop\Health-Insurance-Claim\health-insurance-claim\src\test\resources
2025-10-17 11:14:57,918 [Worker-94: Building] INFO  o.a.m.s.f.DefaultMavenResourcesFiltering - Copying 0 resource from src\main\resources to target\classes
2025-10-17 11:14:57,936 [Worker-94: Building] INFO  o.a.m.s.f.DefaultMavenResourcesFiltering - Copying 1 resource from src\main\resources to target\classes
2025-10-17 11:14:57,945 [Worker-94: Building] INFO  o.a.m.s.f.DefaultMavenResourcesFiltering - skip non existing resourceDirectory C:\Users\2440888\OneDrive - Cognizant\Desktop\Health-Insurance-Claim\health-insurance-claim\src\test\resources
2025-10-17 11:16:35,593 [Worker-83: Building] INFO  o.a.m.s.f.DefaultMavenResourcesFiltering - Copying 0 resource from src\main\resources to target\classes
2025-10-17 11:16:35,726 [Worker-83: Building] INFO  o.a.m.s.f.DefaultMavenResourcesFiltering - Copying 1 resource from src\main\resources to target\classes
2025-10-17 11:16:35,738 [Worker-83: Building] INFO  o.a.m.s.f.DefaultMavenResourcesFiltering - skip non existing resourceDirectory C:\Users\2440888\OneDrive - Cognizant\Desktop\Health-Insurance-Claim\health-insurance-claim\src\test\resources
2025-10-17 11:16:55,199 [Worker-95: Building] INFO  o.a.m.s.f.DefaultMavenResourcesFiltering - Copying 0 resource from src\main\resources to target\classes
2025-10-17 11:16:55,352 [Worker-95: Building] INFO  o.a.m.s.f.DefaultMavenResourcesFiltering - Copying 1 resource from src\main\resources to target\classes
2025-10-17 11:16:55,364 [Worker-95: Building] INFO  o.a.m.s.f.DefaultMavenResourcesFiltering - skip non existing resourceDirectory C:\Users\2440888\OneDrive - Cognizant\Desktop\Health-Insurance-Claim\health-insurance-claim\src\test\resources
2025-10-17 11:17:06,588 [Worker-95: Building] INFO  o.a.m.s.f.DefaultMavenResourcesFiltering - Copying 0 resource from src\main\resources to target\classes
2025-10-17 11:17:06,729 [Worker-95: Building] INFO  o.a.m.s.f.DefaultMavenResourcesFiltering - Copying 1 resource from src\main\resources to target\classes
2025-10-17 11:17:06,738 [Worker-95: Building] INFO  o.a.m.s.f.DefaultMavenResourcesFiltering - skip non existing resourceDirectory C:\Users\2440888\OneDrive - Cognizant\Desktop\Health-Insurance-Claim\health-insurance-claim\src\test\resources
2025-10-17 11:17:19,127 [Worker-75: Building] INFO  o.a.m.s.f.DefaultMavenResourcesFiltering - Copying 0 resource from src\main\resources to target\classes
2025-10-17 11:17:19,295 [Worker-75: Building] INFO  o.a.m.s.f.DefaultMavenResourcesFiltering - Copying 1 resource from src\main\resources to target\classes
2025-10-17 11:17:19,316 [Worker-75: Building] INFO  o.a.m.s.f.DefaultMavenResourcesFiltering - skip non existing resourceDirectory C:\Users\2440888\OneDrive - Cognizant\Desktop\Health-Insurance-Claim\health-insurance-claim\src\test\resources
2025-10-17 11:17:29,001 [Worker-95: Building] INFO  o.a.m.s.f.DefaultMavenResourcesFiltering - Copying 0 resource from src\main\resources to target\classes
2025-10-17 11:17:29,013 [Worker-95: Building] INFO  o.a.m.s.f.DefaultMavenResourcesFiltering - Copying 1 resource from src\main\resources to target\classes
2025-10-17 11:17:29,023 [Worker-95: Building] INFO  o.a.m.s.f.DefaultMavenResourcesFiltering - skip non existing resourceDirectory C:\Users\2440888\OneDrive - Cognizant\Desktop\Health-Insurance-Claim\health-insurance-claim\src\test\resources
2025-10-17 11:17:33,741 [Worker-93: Building] INFO  o.a.m.s.f.DefaultMavenResourcesFiltering - Copying 0 resource from src\main\resources to target\classes
2025-10-17 11:17:33,881 [Worker-93: Building] INFO  o.a.m.s.f.DefaultMavenResourcesFiltering - Copying 1 resource from src\main\resources to target\classes
2025-10-17 11:17:33,892 [Worker-93: Building] INFO  o.a.m.s.f.DefaultMavenResourcesFiltering - skip non existing resourceDirectory C:\Users\2440888\OneDrive - Cognizant\Desktop\Health-Insurance-Claim\health-insurance-claim\src\test\resources
2025-10-17 11:20:59,002 [Worker-75: Building] INFO  o.a.m.s.f.DefaultMavenResourcesFiltering - Copying 0 resource from src\main\resources to target\classes
2025-10-17 11:20:59,139 [Worker-75: Building] INFO  o.a.m.s.f.DefaultMavenResourcesFiltering - Copying 1 resource from src\main\resources to target\classes
2025-10-17 11:20:59,151 [Worker-75: Building] INFO  o.a.m.s.f.DefaultMavenResourcesFiltering - skip non existing resourceDirectory C:\Users\2440888\OneDrive - Cognizant\Desktop\Health-Insurance-Claim\health-insurance-claim\src\test\resources
2025-10-17 11:21:19,101 [Worker-96: Building] INFO  o.a.m.s.f.DefaultMavenResourcesFiltering - Copying 0 resource from src\main\resources to target\classes
2025-10-17 11:21:19,240 [Worker-96: Building] INFO  o.a.m.s.f.DefaultMavenResourcesFiltering - Copying 1 resource from src\main\resources to target\classes
2025-10-17 11:21:19,253 [Worker-96: Building] INFO  o.a.m.s.f.DefaultMavenResourcesFiltering - skip non existing resourceDirectory C:\Users\2440888\OneDrive - Cognizant\Desktop\Health-Insurance-Claim\health-insurance-claim\src\test\resources
2025-10-17 11:21:25,803 [Worker-83: Building] INFO  o.a.m.s.f.DefaultMavenResourcesFiltering - Copying 0 resource from src\main\resources to target\classes
2025-10-17 11:21:25,816 [Worker-83: Building] INFO  o.a.m.s.f.DefaultMavenResourcesFiltering - Copying 1 resource from src\main\resources to target\classes
2025-10-17 11:21:25,822 [Worker-83: Building] INFO  o.a.m.s.f.DefaultMavenResourcesFiltering - skip non existing resourceDirectory C:\Users\2440888\OneDrive - Cognizant\Desktop\Health-Insurance-Claim\health-insurance-claim\src\test\resources
2025-10-17 11:24:39,232 [Worker-95: Building] INFO  o.a.m.s.f.DefaultMavenResourcesFiltering - Copying 0 resource from src\main\resources to target\classes
2025-10-17 11:24:39,359 [Worker-95: Building] INFO  o.a.m.s.f.DefaultMavenResourcesFiltering - Copying 1 resource from src\main\resources to target\classes
2025-10-17 11:24:39,370 [Worker-95: Building] INFO  o.a.m.s.f.DefaultMavenResourcesFiltering - skip non existing resourceDirectory C:\Users\2440888\OneDrive - Cognizant\Desktop\Health-Insurance-Claim\health-insurance-claim\src\test\resources
2025-10-17 11:24:55,615 [Worker-95: Building] INFO  o.a.m.s.f.DefaultMavenResourcesFiltering - Copying 0 resource from src\main\resources to target\classes
2025-10-17 11:24:55,751 [Worker-95: Building] INFO  o.a.m.s.f.DefaultMavenResourcesFiltering - Copying 1 resource from src\main\resources to target\classes
2025-10-17 11:24:55,760 [Worker-95: Building] INFO  o.a.m.s.f.DefaultMavenResourcesFiltering - skip non existing resourceDirectory C:\Users\2440888\OneDrive - Cognizant\Desktop\Health-Insurance-Claim\health-insurance-claim\src\test\resources
2025-10-17 11:25:11,276 [Worker-83: Building] INFO  o.a.m.s.f.DefaultMavenResourcesFiltering - Copying 0 resource from src\main\resources to target\classes
2025-10-17 11:25:11,405 [Worker-83: Building] INFO  o.a.m.s.f.DefaultMavenResourcesFiltering - Copying 1 resource from src\main\resources to target\classes
2025-10-17 11:25:11,412 [Worker-83: Building] INFO  o.a.m.s.f.DefaultMavenResourcesFiltering - skip non existing resourceDirectory C:\Users\2440888\OneDrive - Cognizant\Desktop\Health-Insurance-Claim\health-insurance-claim\src\test\resources
2025-10-17 11:25:21,224 [Worker-94: Building] INFO  o.a.m.s.f.DefaultMavenResourcesFiltering - Copying 0 resource from src\main\resources to target\classes
2025-10-17 11:25:21,236 [Worker-94: Building] INFO  o.a.m.s.f.DefaultMavenResourcesFiltering - Copying 1 resource from src\main\resources to target\classes
2025-10-17 11:25:21,246 [Worker-94: Building] INFO  o.a.m.s.f.DefaultMavenResourcesFiltering - skip non existing resourceDirectory C:\Users\2440888\OneDrive - Cognizant\Desktop\Health-Insurance-Claim\health-insurance-claim\src\test\resources
2025-10-17 11:25:29,323 [Worker-75: Building] INFO  o.a.m.s.f.DefaultMavenResourcesFiltering - Copying 0 resource from src\main\resources to target\classes
2025-10-17 11:25:29,442 [Worker-75: Building] INFO  o.a.m.s.f.DefaultMavenResourcesFiltering - Copying 1 resource from src\main\resources to target\classes
2025-10-17 11:25:29,451 [Worker-75: Building] INFO  o.a.m.s.f.DefaultMavenResourcesFiltering - skip non existing resourceDirectory C:\Users\2440888\OneDrive - Cognizant\Desktop\Health-Insurance-Claim\health-insurance-claim\src\test\resources
2025-10-17 11:30:01,841 [Worker-97: Building] INFO  o.a.m.s.f.DefaultMavenResourcesFiltering - Copying 0 resource from src\main\resources to target\classes
2025-10-17 11:30:01,972 [Worker-97: Building] INFO  o.a.m.s.f.DefaultMavenResourcesFiltering - Copying 1 resource from src\main\resources to target\classes
2025-10-17 11:30:01,983 [Worker-97: Building] INFO  o.a.m.s.f.DefaultMavenResourcesFiltering - skip non existing resourceDirectory C:\Users\2440888\OneDrive - Cognizant\Desktop\Health-Insurance-Claim\health-insurance-claim\src\test\resources
2025-10-17 11:30:16,983 [Worker-95: Building] INFO  o.a.m.s.f.DefaultMavenResourcesFiltering - Copying 0 resource from src\main\resources to target\classes
2025-10-17 11:30:17,160 [Worker-95: Building] INFO  o.a.m.s.f.DefaultMavenResourcesFiltering - Copying 1 resource from src\main\resources to target\classes
2025-10-17 11:30:17,172 [Worker-95: Building] INFO  o.a.m.s.f.DefaultMavenResourcesFiltering - skip non existing resourceDirectory C:\Users\2440888\OneDrive - Cognizant\Desktop\Health-Insurance-Claim\health-insurance-claim\src\test\resources
2025-10-17 11:36:31,247 [Worker-96: Building] INFO  o.a.m.s.f.DefaultMavenResourcesFiltering - Copying 0 resource from src\main\resources to target\classes
2025-10-17 11:36:31,389 [Worker-96: Building] INFO  o.a.m.s.f.DefaultMavenResourcesFiltering - Copying 1 resource from src\main\resources to target\classes
2025-10-17 11:36:31,400 [Worker-96: Building] INFO  o.a.m.s.f.DefaultMavenResourcesFiltering - skip non existing resourceDirectory C:\Users\2440888\OneDrive - Cognizant\Desktop\Health-Insurance-Claim\health-insurance-claim\src\test\resources
2025-10-17 11:37:20,849 [Worker-93: Building] INFO  o.a.m.s.f.DefaultMavenResourcesFiltering - Copying 0 resource from src\main\resources to target\classes
2025-10-17 11:37:20,993 [Worker-93: Building] INFO  o.a.m.s.f.DefaultMavenResourcesFiltering - Copying 1 resource from src\main\resources to target\classes
2025-10-17 11:37:21,004 [Worker-93: Building] INFO  o.a.m.s.f.DefaultMavenResourcesFiltering - skip non existing resourceDirectory C:\Users\2440888\OneDrive - Cognizant\Desktop\Health-Insurance-Claim\health-insurance-claim\src\test\resources
2025-10-17 11:37:45,989 [Worker-93: Building] INFO  o.a.m.s.f.DefaultMavenResourcesFiltering - Copying 0 resource from src\main\resources to target\classes
2025-10-17 11:37:46,139 [Worker-93: Building] INFO  o.a.m.s.f.DefaultMavenResourcesFiltering - Copying 1 resource from src\main\resources to target\classes
2025-10-17 11:37:46,150 [Worker-93: Building] INFO  o.a.m.s.f.DefaultMavenResourcesFiltering - skip non existing resourceDirectory C:\Users\2440888\OneDrive - Cognizant\Desktop\Health-Insurance-Claim\health-insurance-claim\src\test\resources
2025-10-17 11:38:06,271 [Worker-93: Building] INFO  o.a.m.s.f.DefaultMavenResourcesFiltering - Copying 0 resource from src\main\resources to target\classes
2025-10-17 11:38:06,422 [Worker-93: Building] INFO  o.a.m.s.f.DefaultMavenResourcesFiltering - Copying 1 resource from src\main\resources to target\classes
2025-10-17 11:38:06,438 [Worker-93: Building] INFO  o.a.m.s.f.DefaultMavenResourcesFiltering - skip non existing resourceDirectory C:\Users\2440888\OneDrive - Cognizant\Desktop\Health-Insurance-Claim\health-insurance-claim\src\test\resources
2025-10-17 11:38:23,907 [Worker-95: Building] INFO  o.a.m.s.f.DefaultMavenResourcesFiltering - Copying 0 resource from src\main\resources to target\classes
2025-10-17 11:38:24,044 [Worker-95: Building] INFO  o.a.m.s.f.DefaultMavenResourcesFiltering - Copying 1 resource from src\main\resources to target\classes
2025-10-17 11:38:24,056 [Worker-95: Building] INFO  o.a.m.s.f.DefaultMavenResourcesFiltering - skip non existing resourceDirectory C:\Users\2440888\OneDrive - Cognizant\Desktop\Health-Insurance-Claim\health-insurance-claim\src\test\resources
2025-10-17 11:38:36,750 [Worker-96: Building] INFO  o.a.m.s.f.DefaultMavenResourcesFiltering - Copying 0 resource from src\main\resources to target\classes
2025-10-17 11:38:36,894 [Worker-96: Building] INFO  o.a.m.s.f.DefaultMavenResourcesFiltering - Copying 1 resource from src\main\resources to target\classes
2025-10-17 11:38:36,904 [Worker-96: Building] INFO  o.a.m.s.f.DefaultMavenResourcesFiltering - skip non existing resourceDirectory C:\Users\2440888\OneDrive - Cognizant\Desktop\Health-Insurance-Claim\health-insurance-claim\src\test\resources
2025-10-17 11:39:04,187 [Worker-94: Building] INFO  o.a.m.s.f.DefaultMavenResourcesFiltering - Copying 0 resource from src\main\resources to target\classes
2025-10-17 11:39:04,328 [Worker-94: Building] INFO  o.a.m.s.f.DefaultMavenResourcesFiltering - Copying 1 resource from src\main\resources to target\classes
2025-10-17 11:39:04,349 [Worker-94: Building] INFO  o.a.m.s.f.DefaultMavenResourcesFiltering - skip non existing resourceDirectory C:\Users\2440888\OneDrive - Cognizant\Desktop\Health-Insurance-Claim\health-insurance-claim\src\test\resources
2025-10-17 11:39:10,715 [Worker-75: Building] INFO  o.a.m.s.f.DefaultMavenResourcesFiltering - Copying 0 resource from src\main\resources to target\classes
2025-10-17 11:39:10,732 [Worker-75: Building] INFO  o.a.m.s.f.DefaultMavenResourcesFiltering - Copying 1 resource from src\main\resources to target\classes
2025-10-17 11:39:10,741 [Worker-75: Building] INFO  o.a.m.s.f.DefaultMavenResourcesFiltering - skip non existing resourceDirectory C:\Users\2440888\OneDrive - Cognizant\Desktop\Health-Insurance-Claim\health-insurance-claim\src\test\resources
2025-10-17 11:39:16,453 [Worker-96: Building] INFO  o.a.m.s.f.DefaultMavenResourcesFiltering - Copying 0 resource from src\main\resources to target\classes
2025-10-17 11:39:16,593 [Worker-96: Building] INFO  o.a.m.s.f.DefaultMavenResourcesFiltering - Copying 1 resource from src\main\resources to target\classes
2025-10-17 11:39:16,605 [Worker-96: Building] INFO  o.a.m.s.f.DefaultMavenResourcesFiltering - skip non existing resourceDirectory C:\Users\2440888\OneDrive - Cognizant\Desktop\Health-Insurance-Claim\health-insurance-claim\src\test\resources
2025-10-17 11:39:21,228 [Worker-96: Building] INFO  o.a.m.s.f.DefaultMavenResourcesFiltering - Copying 0 resource from src\main\resources to target\classes
2025-10-17 11:39:21,257 [Worker-96: Building] INFO  o.a.m.s.f.DefaultMavenResourcesFiltering - Copying 1 resource from src\main\resources to target\classes
2025-10-17 11:39:21,271 [Worker-96: Building] INFO  o.a.m.s.f.DefaultMavenResourcesFiltering - skip non existing resourceDirectory C:\Users\2440888\OneDrive - Cognizant\Desktop\Health-Insurance-Claim\health-insurance-claim\src\test\resources
2025-10-17 11:41:30,091 [Worker-96: Building] INFO  o.a.m.s.f.DefaultMavenResourcesFiltering - Copying 0 resource from src\main\resources to target\classes
2025-10-17 11:41:30,232 [Worker-96: Building] INFO  o.a.m.s.f.DefaultMavenResourcesFiltering - Copying 1 resource from src\main\resources to target\classes
2025-10-17 11:41:30,243 [Worker-96: Building] INFO  o.a.m.s.f.DefaultMavenResourcesFiltering - skip non existing resourceDirectory C:\Users\2440888\OneDrive - Cognizant\Desktop\Health-Insurance-Claim\health-insurance-claim\src\test\resources
2025-10-17 11:44:45,960 [Worker-75: Building] INFO  o.a.m.s.f.DefaultMavenResourcesFiltering - Copying 0 resource from src\main\resources to target\classes
2025-10-17 11:44:46,112 [Worker-75: Building] INFO  o.a.m.s.f.DefaultMavenResourcesFiltering - Copying 1 resource from src\main\resources to target\classes
2025-10-17 11:44:46,126 [Worker-75: Building] INFO  o.a.m.s.f.DefaultMavenResourcesFiltering - skip non existing resourceDirectory C:\Users\2440888\OneDrive - Cognizant\Desktop\Health-Insurance-Claim\health-insurance-claim\src\test\resources
2025-10-17 11:48:35,788 [Worker-75: Building] INFO  o.a.m.s.f.DefaultMavenResourcesFiltering - Copying 0 resource from src\main\resources to target\classes
2025-10-17 11:48:35,933 [Worker-75: Building] INFO  o.a.m.s.f.DefaultMavenResourcesFiltering - Copying 1 resource from src\main\resources to target\classes
2025-10-17 11:48:35,944 [Worker-75: Building] INFO  o.a.m.s.f.DefaultMavenResourcesFiltering - skip non existing resourceDirectory C:\Users\2440888\OneDrive - Cognizant\Desktop\Health-Insurance-Claim\health-insurance-claim\src\test\resources
2025-10-17 12:08:34,029 [Worker-94: Building] INFO  o.a.m.s.f.DefaultMavenResourcesFiltering - Copying 1 resource from src\main\resources to target\classes
2025-10-17 12:08:34,086 [Worker-94: Building] INFO  o.a.m.s.f.DefaultMavenResourcesFiltering - Copying 25 resources from src\main\resources to target\classes
2025-10-17 12:08:34,420 [Worker-94: Building] INFO  o.a.m.s.f.DefaultMavenResourcesFiltering - skip non existing resourceDirectory C:\Users\2440888\OneDrive - Cognizant\Desktop\Health-Insurance-Claim\health-insurance-claim\src\test\resources
2025-10-17 12:09:10,785 [Worker-97: Building] INFO  o.a.m.s.f.DefaultMavenResourcesFiltering - Copying 1 resource from src\main\resources to target\classes
2025-10-17 12:09:10,807 [Worker-97: Building] INFO  o.a.m.s.f.DefaultMavenResourcesFiltering - Copying 25 resources from src\main\resources to target\classes
2025-10-17 12:09:11,090 [Worker-97: Building] INFO  o.a.m.s.f.DefaultMavenResourcesFiltering - skip non existing resourceDirectory C:\Users\2440888\OneDrive - Cognizant\Desktop\Health-Insurance-Claim\health-insurance-claim\src\test\resources
2025-10-17 12:16:00,000 [Worker-94: Building] INFO  o.a.m.s.f.DefaultMavenResourcesFiltering - Copying 1 resource from src\main\resources to target\classes
2025-10-17 12:16:00,049 [Worker-94: Building] INFO  o.a.m.s.f.DefaultMavenResourcesFiltering - Copying 25 resources from src\main\resources to target\classes
2025-10-17 12:16:00,377 [Worker-94: Building] INFO  o.a.m.s.f.DefaultMavenResourcesFiltering - skip non existing resourceDirectory C:\Users\2440888\OneDrive - Cognizant\Desktop\Health-Insurance-Claim\health-insurance-claim\src\test\resources
2025-10-17 12:16:55,899 [Worker-75: Building] INFO  o.a.m.s.f.DefaultMavenResourcesFiltering - Copying 1 resource from src\main\resources to target\classes
2025-10-17 12:16:55,931 [Worker-75: Building] INFO  o.a.m.s.f.DefaultMavenResourcesFiltering - Copying 25 resources from src\main\resources to target\classes
2025-10-17 12:16:56,217 [Worker-75: Building] INFO  o.a.m.s.f.DefaultMavenResourcesFiltering - skip non existing resourceDirectory C:\Users\2440888\OneDrive - Cognizant\Desktop\Health-Insurance-Claim\health-insurance-claim\src\test\resources
2025-10-17 12:17:25,661 [Worker-96: Building] INFO  o.a.m.s.f.DefaultMavenResourcesFiltering - Copying 1 resource from src\main\resources to target\classes
2025-10-17 12:17:25,694 [Worker-96: Building] INFO  o.a.m.s.f.DefaultMavenResourcesFiltering - Copying 25 resources from src\main\resources to target\classes
2025-10-17 12:17:25,989 [Worker-96: Building] INFO  o.a.m.s.f.DefaultMavenResourcesFiltering - skip non existing resourceDirectory C:\Users\2440888\OneDrive - Cognizant\Desktop\Health-Insurance-Claim\health-insurance-claim\src\test\resources
2025-10-17 12:17:44,015 [Worker-98: Building] INFO  o.a.m.s.f.DefaultMavenResourcesFiltering - Copying 1 resource from src\main\resources to target\classes
2025-10-17 12:17:44,039 [Worker-98: Building] INFO  o.a.m.s.f.DefaultMavenResourcesFiltering - Copying 25 resources from src\main\resources to target\classes
2025-10-17 12:17:44,355 [Worker-98: Building] INFO  o.a.m.s.f.DefaultMavenResourcesFiltering - skip non existing resourceDirectory C:\Users\2440888\OneDrive - Cognizant\Desktop\Health-Insurance-Claim\health-insurance-claim\src\test\resources
2025-10-17 12:23:33,730 [Worker-94: Building] INFO  o.a.m.s.f.DefaultMavenResourcesFiltering - Copying 1 resource from src\main\resources to target\classes
2025-10-17 12:23:33,752 [Worker-94: Building] INFO  o.a.m.s.f.DefaultMavenResourcesFiltering - Copying 25 resources from src\main\resources to target\classes
2025-10-17 12:23:34,042 [Worker-94: Building] INFO  o.a.m.s.f.DefaultMavenResourcesFiltering - skip non existing resourceDirectory C:\Users\2440888\OneDrive - Cognizant\Desktop\Health-Insurance-Claim\health-insurance-claim\src\test\resources
2025-10-17 12:24:15,952 [Worker-96: Building] INFO  o.a.m.s.f.DefaultMavenResourcesFiltering - Copying 1 resource from src\main\resources to target\classes
2025-10-17 12:24:15,976 [Worker-96: Building] INFO  o.a.m.s.f.DefaultMavenResourcesFiltering - Copying 25 resources from src\main\resources to target\classes
2025-10-17 12:24:16,285 [Worker-96: Building] INFO  o.a.m.s.f.DefaultMavenResourcesFiltering - skip non existing resourceDirectory C:\Users\2440888\OneDrive - Cognizant\Desktop\Health-Insurance-Claim\health-insurance-claim\src\test\resources
2025-10-17 12:26:01,727 [Worker-83: Building] INFO  o.a.m.s.f.DefaultMavenResourcesFiltering - Copying 1 resource from src\main\resources to target\classes
2025-10-17 12:26:01,748 [Worker-83: Building] INFO  o.a.m.s.f.DefaultMavenResourcesFiltering - Copying 25 resources from src\main\resources to target\classes
2025-10-17 12:26:02,016 [Worker-83: Building] INFO  o.a.m.s.f.DefaultMavenResourcesFiltering - skip non existing resourceDirectory C:\Users\2440888\OneDrive - Cognizant\Desktop\Health-Insurance-Claim\health-insurance-claim\src\test\resources
2025-10-17 12:27:29,548 [Worker-93: Building] INFO  o.a.m.s.f.DefaultMavenResourcesFiltering - Copying 1 resource from src\main\resources to target\classes
2025-10-17 12:27:29,575 [Worker-93: Building] INFO  o.a.m.s.f.DefaultMavenResourcesFiltering - Copying 25 resources from src\main\resources to target\classes
2025-10-17 12:27:29,883 [Worker-93: Building] INFO  o.a.m.s.f.DefaultMavenResourcesFiltering - skip non existing resourceDirectory C:\Users\2440888\OneDrive - Cognizant\Desktop\Health-Insurance-Claim\health-insurance-claim\src\test\resources
2025-10-17 12:29:39,117 [Worker-96: Building] INFO  o.a.m.s.f.DefaultMavenResourcesFiltering - Copying 0 resource from src\main\resources to target\classes
2025-10-17 12:29:39,254 [Worker-96: Building] INFO  o.a.m.s.f.DefaultMavenResourcesFiltering - Copying 1 resource from src\main\resources to target\classes
2025-10-17 12:29:39,266 [Worker-96: Building] INFO  o.a.m.s.f.DefaultMavenResourcesFiltering - skip non existing resourceDirectory C:\Users\2440888\OneDrive - Cognizant\Desktop\Health-Insurance-Claim\health-insurance-claim\src\test\resources
2025-10-17 12:32:11,114 [Worker-83: Building] INFO  o.a.m.s.f.DefaultMavenResourcesFiltering - Copying 0 resource from src\main\resources to target\classes
2025-10-17 12:32:11,256 [Worker-83: Building] INFO  o.a.m.s.f.DefaultMavenResourcesFiltering - Copying 1 resource from src\main\resources to target\classes
2025-10-17 12:32:11,269 [Worker-83: Building] INFO  o.a.m.s.f.DefaultMavenResourcesFiltering - skip non existing resourceDirectory C:\Users\2440888\OneDrive - Cognizant\Desktop\Health-Insurance-Claim\health-insurance-claim\src\test\resources
2025-10-17 12:42:07,917 [Worker-97: Building] INFO  o.a.m.s.f.DefaultMavenResourcesFiltering - Copying 0 resource from src\main\resources to target\classes
2025-10-17 12:42:08,056 [Worker-97: Building] INFO  o.a.m.s.f.DefaultMavenResourcesFiltering - Copying 1 resource from src\main\resources to target\classes
2025-10-17 12:42:08,066 [Worker-97: Building] INFO  o.a.m.s.f.DefaultMavenResourcesFiltering - skip non existing resourceDirectory C:\Users\2440888\OneDrive - Cognizant\Desktop\Health-Insurance-Claim\health-insurance-claim\src\test\resources
2025-10-17 12:48:54,954 [Worker-93: Building] INFO  o.a.m.s.f.DefaultMavenResourcesFiltering - Copying 0 resource from src\main\resources to target\classes
2025-10-17 12:48:55,117 [Worker-93: Building] INFO  o.a.m.s.f.DefaultMavenResourcesFiltering - Copying 1 resource from src\main\resources to target\classes
2025-10-17 12:48:55,133 [Worker-93: Building] INFO  o.a.m.s.f.DefaultMavenResourcesFiltering - skip non existing resourceDirectory C:\Users\2440888\OneDrive - Cognizant\Desktop\Health-Insurance-Claim\health-insurance-claim\src\test\resources
2025-10-17 12:49:17,705 [Worker-83: Building] INFO  o.a.m.s.f.DefaultMavenResourcesFiltering - Copying 0 resource from src\main\resources to target\classes
2025-10-17 12:49:17,842 [Worker-83: Building] INFO  o.a.m.s.f.DefaultMavenResourcesFiltering - Copying 1 resource from src\main\resources to target\classes
2025-10-17 12:49:17,850 [Worker-83: Building] INFO  o.a.m.s.f.DefaultMavenResourcesFiltering - skip non existing resourceDirectory C:\Users\2440888\OneDrive - Cognizant\Desktop\Health-Insurance-Claim\health-insurance-claim\src\test\resources
2025-10-17 12:49:45,798 [Worker-93: Building] INFO  o.a.m.s.f.DefaultMavenResourcesFiltering - Copying 0 resource from src\main\resources to target\classes
2025-10-17 12:49:45,927 [Worker-93: Building] INFO  o.a.m.s.f.DefaultMavenResourcesFiltering - Copying 1 resource from src\main\resources to target\classes
2025-10-17 12:49:45,941 [Worker-93: Building] INFO  o.a.m.s.f.DefaultMavenResourcesFiltering - skip non existing resourceDirectory C:\Users\2440888\OneDrive - Cognizant\Desktop\Health-Insurance-Claim\health-insurance-claim\src\test\resources
2025-10-17 12:50:18,932 [Worker-97: Building] INFO  o.a.m.s.f.DefaultMavenResourcesFiltering - Copying 0 resource from src\main\resources to target\classes
2025-10-17 12:50:19,070 [Worker-97: Building] INFO  o.a.m.s.f.DefaultMavenResourcesFiltering - Copying 1 resource from src\main\resources to target\classes
2025-10-17 12:50:19,081 [Worker-97: Building] INFO  o.a.m.s.f.DefaultMavenResourcesFiltering - skip non existing resourceDirectory C:\Users\2440888\OneDrive - Cognizant\Desktop\Health-Insurance-Claim\health-insurance-claim\src\test\resources
2025-10-17 12:50:45,488 [Worker-95: Building] INFO  o.a.m.s.f.DefaultMavenResourcesFiltering - Copying 0 resource from src\main\resources to target\classes
2025-10-17 12:50:45,639 [Worker-95: Building] INFO  o.a.m.s.f.DefaultMavenResourcesFiltering - Copying 1 resource from src\main\resources to target\classes
2025-10-17 12:50:45,650 [Worker-95: Building] INFO  o.a.m.s.f.DefaultMavenResourcesFiltering - skip non existing resourceDirectory C:\Users\2440888\OneDrive - Cognizant\Desktop\Health-Insurance-Claim\health-insurance-claim\src\test\resources
2025-10-17 12:50:57,241 [Worker-96: Building] INFO  o.a.m.s.f.DefaultMavenResourcesFiltering - Copying 0 resource from src\main\resources to target\classes
2025-10-17 12:50:57,400 [Worker-96: Building] INFO  o.a.m.s.f.DefaultMavenResourcesFiltering - Copying 1 resource from src\main\resources to target\classes
2025-10-17 12:50:57,412 [Worker-96: Building] INFO  o.a.m.s.f.DefaultMavenResourcesFiltering - skip non existing resourceDirectory C:\Users\2440888\OneDrive - Cognizant\Desktop\Health-Insurance-Claim\health-insurance-claim\src\test\resources
2025-10-17 14:03:46,082 [Worker-104: Building] INFO  o.a.m.s.f.DefaultMavenResourcesFiltering - Copying 1 resource from src\main\resources to target\classes
2025-10-17 14:03:46,237 [Worker-104: Building] INFO  o.a.m.s.f.DefaultMavenResourcesFiltering - Copying 25 resources from src\main\resources to target\classes
2025-10-17 14:03:46,547 [Worker-104: Building] INFO  o.a.m.s.f.DefaultMavenResourcesFiltering - skip non existing resourceDirectory C:\Users\2440888\OneDrive - Cognizant\Desktop\Health-Insurance-Claim\health-insurance-claim\src\test\resources
2025-10-17 14:05:33,692 [Worker-99: Building] INFO  o.a.m.s.f.DefaultMavenResourcesFiltering - Copying 1 resource from src\main\resources to target\classes
2025-10-17 14:05:33,745 [Worker-99: Building] INFO  o.a.m.s.f.DefaultMavenResourcesFiltering - Copying 25 resources from src\main\resources to target\classes
2025-10-17 14:05:34,032 [Worker-99: Building] INFO  o.a.m.s.f.DefaultMavenResourcesFiltering - skip non existing resourceDirectory C:\Users\2440888\OneDrive - Cognizant\Desktop\Health-Insurance-Claim\health-insurance-claim\src\test\resources
2025-10-17 14:33:54,027 [Worker-105: Building] INFO  o.a.m.s.f.DefaultMavenResourcesFiltering - Copying 1 resource from src\main\resources to target\classes
2025-10-17 14:33:54,080 [Worker-105: Building] INFO  o.a.m.s.f.DefaultMavenResourcesFiltering - Copying 25 resources from src\main\resources to target\classes
2025-10-17 14:33:54,436 [Worker-105: Building] INFO  o.a.m.s.f.DefaultMavenResourcesFiltering - skip non existing resourceDirectory C:\Users\2440888\OneDrive - Cognizant\Desktop\Health-Insurance-Claim\health-insurance-claim\src\test\resources
2025-10-17 14:36:05,118 [Worker-99: Building] INFO  o.a.m.s.f.DefaultMavenResourcesFiltering - Copying 1 resource from src\main\resources to target\classes
2025-10-17 14:36:05,177 [Worker-99: Building] INFO  o.a.m.s.f.DefaultMavenResourcesFiltering - Copying 25 resources from src\main\resources to target\classes
2025-10-17 14:36:05,489 [Worker-99: Building] INFO  o.a.m.s.f.DefaultMavenResourcesFiltering - skip non existing resourceDirectory C:\Users\2440888\OneDrive - Cognizant\Desktop\Health-Insurance-Claim\health-insurance-claim\src\test\resources
2025-10-17 14:44:06,928 [Worker-93: Building] INFO  o.a.m.s.f.DefaultMavenResourcesFiltering - Copying 1 resource from src\main\resources to target\classes
2025-10-17 14:44:06,958 [Worker-93: Building] INFO  o.a.m.s.f.DefaultMavenResourcesFiltering - Copying 25 resources from src\main\resources to target\classes
2025-10-17 14:44:07,210 [Worker-93: Building] INFO  o.a.m.s.f.DefaultMavenResourcesFiltering - skip non existing resourceDirectory C:\Users\2440888\OneDrive - Cognizant\Desktop\Health-Insurance-Claim\health-insurance-claim\src\test\resources
2025-10-17 14:44:15,238 [Worker-105: Building] INFO  o.a.m.s.f.DefaultMavenResourcesFiltering - Copying 1 resource from src\main\resources to target\classes
2025-10-17 14:44:15,251 [Worker-105: Building] INFO  o.a.m.s.f.DefaultMavenResourcesFiltering - Copying 25 resources from src\main\resources to target\classes
2025-10-17 14:44:15,261 [Worker-105: Building] INFO  o.a.m.s.f.DefaultMavenResourcesFiltering - skip non existing resourceDirectory C:\Users\2440888\OneDrive - Cognizant\Desktop\Health-Insurance-Claim\health-insurance-claim\src\test\resources
2025-10-17 14:44:35,033 [Worker-93: Building] INFO  o.a.m.s.f.DefaultMavenResourcesFiltering - Copying 1 resource from src\main\resources to target\classes
2025-10-17 14:44:35,054 [Worker-93: Building] INFO  o.a.m.s.f.DefaultMavenResourcesFiltering - Copying 25 resources from src\main\resources to target\classes
2025-10-17 14:44:35,322 [Worker-93: Building] INFO  o.a.m.s.f.DefaultMavenResourcesFiltering - skip non existing resourceDirectory C:\Users\2440888\OneDrive - Cognizant\Desktop\Health-Insurance-Claim\health-insurance-claim\src\test\resources
2025-10-17 14:44:53,223 [Worker-107: Building] INFO  o.a.m.s.f.DefaultMavenResourcesFiltering - Copying 1 resource from src\main\resources to target\classes
2025-10-17 14:44:53,247 [Worker-107: Building] INFO  o.a.m.s.f.DefaultMavenResourcesFiltering - Copying 25 resources from src\main\resources to target\classes
2025-10-17 14:44:53,524 [Worker-107: Building] INFO  o.a.m.s.f.DefaultMavenResourcesFiltering - skip non existing resourceDirectory C:\Users\2440888\OneDrive - Cognizant\Desktop\Health-Insurance-Claim\health-insurance-claim\src\test\resources
2025-10-17 14:45:16,483 [Worker-99: Building] INFO  o.a.m.s.f.DefaultMavenResourcesFiltering - Copying 1 resource from src\main\resources to target\classes
2025-10-17 14:45:16,506 [Worker-99: Building] INFO  o.a.m.s.f.DefaultMavenResourcesFiltering - Copying 25 resources from src\main\resources to target\classes
2025-10-17 14:45:16,787 [Worker-99: Building] INFO  o.a.m.s.f.DefaultMavenResourcesFiltering - skip non existing resourceDirectory C:\Users\2440888\OneDrive - Cognizant\Desktop\Health-Insurance-Claim\health-insurance-claim\src\test\resources
2025-10-17 14:45:33,972 [Worker-103: Building] INFO  o.a.m.s.f.DefaultMavenResourcesFiltering - Copying 1 resource from src\main\resources to target\classes
2025-10-17 14:45:33,990 [Worker-103: Building] INFO  o.a.m.s.f.DefaultMavenResourcesFiltering - Copying 25 resources from src\main\resources to target\classes
2025-10-17 14:45:34,313 [Worker-103: Building] INFO  o.a.m.s.f.DefaultMavenResourcesFiltering - skip non existing resourceDirectory C:\Users\2440888\OneDrive - Cognizant\Desktop\Health-Insurance-Claim\health-insurance-claim\src\test\resources
2025-10-17 14:45:44,660 [Worker-99: Building] INFO  o.a.m.s.f.DefaultMavenResourcesFiltering - Copying 1 resource from src\main\resources to target\classes
2025-10-17 14:45:44,675 [Worker-99: Building] INFO  o.a.m.s.f.DefaultMavenResourcesFiltering - Copying 25 resources from src\main\resources to target\classes
2025-10-17 14:45:44,860 [Worker-99: Building] INFO  o.a.m.s.f.DefaultMavenResourcesFiltering - skip non existing resourceDirectory C:\Users\2440888\OneDrive - Cognizant\Desktop\Health-Insurance-Claim\health-insurance-claim\src\test\resources
2025-10-17 14:45:55,720 [Worker-107: Building] INFO  o.a.m.s.f.DefaultMavenResourcesFiltering - Copying 1 resource from src\main\resources to target\classes
2025-10-17 14:45:55,741 [Worker-107: Building] INFO  o.a.m.s.f.DefaultMavenResourcesFiltering - Copying 25 resources from src\main\resources to target\classes
2025-10-17 14:45:56,020 [Worker-107: Building] INFO  o.a.m.s.f.DefaultMavenResourcesFiltering - skip non existing resourceDirectory C:\Users\2440888\OneDrive - Cognizant\Desktop\Health-Insurance-Claim\health-insurance-claim\src\test\resources
2025-10-17 14:47:17,844 [Worker-103: Building] INFO  o.a.m.s.f.DefaultMavenResourcesFiltering - Copying 1 resource from src\main\resources to target\classes
2025-10-17 14:47:17,862 [Worker-103: Building] INFO  o.a.m.s.f.DefaultMavenResourcesFiltering - Copying 25 resources from src\main\resources to target\classes
2025-10-17 14:47:18,053 [Worker-103: Building] INFO  o.a.m.s.f.DefaultMavenResourcesFiltering - skip non existing resourceDirectory C:\Users\2440888\OneDrive - Cognizant\Desktop\Health-Insurance-Claim\health-insurance-claim\src\test\resources
2025-10-17 14:47:47,586 [Worker-93: Building] INFO  o.a.m.s.f.DefaultMavenResourcesFiltering - Copying 1 resource from src\main\resources to target\classes
2025-10-17 14:47:47,606 [Worker-93: Building] INFO  o.a.m.s.f.DefaultMavenResourcesFiltering - Copying 25 resources from src\main\resources to target\classes
2025-10-17 14:47:47,877 [Worker-93: Building] INFO  o.a.m.s.f.DefaultMavenResourcesFiltering - skip non existing resourceDirectory C:\Users\2440888\OneDrive - Cognizant\Desktop\Health-Insurance-Claim\health-insurance-claim\src\test\resources
2025-10-17 14:48:23,772 [Worker-93: Building] INFO  o.a.m.s.f.DefaultMavenResourcesFiltering - Copying 0 resource from src\main\resources to target\classes
2025-10-17 14:48:23,906 [Worker-93: Building] INFO  o.a.m.s.f.DefaultMavenResourcesFiltering - Copying 1 resource from src\main\resources to target\classes
2025-10-17 14:48:23,917 [Worker-93: Building] INFO  o.a.m.s.f.DefaultMavenResourcesFiltering - skip non existing resourceDirectory C:\Users\2440888\OneDrive - Cognizant\Desktop\Health-Insurance-Claim\health-insurance-claim\src\test\resources
2025-10-17 14:49:41,828 [Worker-105: Building] INFO  o.a.m.s.f.DefaultMavenResourcesFiltering - Copying 0 resource from src\main\resources to target\classes
2025-10-17 14:49:42,001 [Worker-105: Building] INFO  o.a.m.s.f.DefaultMavenResourcesFiltering - Copying 1 resource from src\main\resources to target\classes
2025-10-17 14:49:42,010 [Worker-105: Building] INFO  o.a.m.s.f.DefaultMavenResourcesFiltering - skip non existing resourceDirectory C:\Users\2440888\OneDrive - Cognizant\Desktop\Health-Insurance-Claim\health-insurance-claim\src\test\resources
2025-10-17 14:50:12,525 [Worker-105: Building] INFO  o.a.m.s.f.DefaultMavenResourcesFiltering - Copying 0 resource from src\main\resources to target\classes
2025-10-17 14:50:12,666 [Worker-105: Building] INFO  o.a.m.s.f.DefaultMavenResourcesFiltering - Copying 1 resource from src\main\resources to target\classes
2025-10-17 14:50:12,676 [Worker-105: Building] INFO  o.a.m.s.f.DefaultMavenResourcesFiltering - skip non existing resourceDirectory C:\Users\2440888\OneDrive - Cognizant\Desktop\Health-Insurance-Claim\health-insurance-claim\src\test\resources
2025-10-17 14:50:21,206 [Worker-107: Building] INFO  o.a.m.s.f.DefaultMavenResourcesFiltering - Copying 0 resource from src\main\resources to target\classes
2025-10-17 14:50:21,214 [Worker-107: Building] INFO  o.a.m.s.f.DefaultMavenResourcesFiltering - Copying 1 resource from src\main\resources to target\classes
2025-10-17 14:50:21,219 [Worker-107: Building] INFO  o.a.m.s.f.DefaultMavenResourcesFiltering - skip non existing resourceDirectory C:\Users\2440888\OneDrive - Cognizant\Desktop\Health-Insurance-Claim\health-insurance-claim\src\test\resources
2025-10-17 14:50:38,063 [Worker-99: Building] INFO  o.a.m.s.f.DefaultMavenResourcesFiltering - Copying 0 resource from src\main\resources to target\classes
2025-10-17 14:50:38,200 [Worker-99: Building] INFO  o.a.m.s.f.DefaultMavenResourcesFiltering - Copying 1 resource from src\main\resources to target\classes
2025-10-17 14:50:38,211 [Worker-99: Building] INFO  o.a.m.s.f.DefaultMavenResourcesFiltering - skip non existing resourceDirectory C:\Users\2440888\OneDrive - Cognizant\Desktop\Health-Insurance-Claim\health-insurance-claim\src\test\resources
2025-10-17 14:51:21,338 [Worker-106: Building] INFO  o.a.m.s.f.DefaultMavenResourcesFiltering - Copying 0 resource from src\main\resources to target\classes
2025-10-17 14:51:21,497 [Worker-106: Building] INFO  o.a.m.s.f.DefaultMavenResourcesFiltering - Copying 1 resource from src\main\resources to target\classes
2025-10-17 14:51:21,506 [Worker-106: Building] INFO  o.a.m.s.f.DefaultMavenResourcesFiltering - skip non existing resourceDirectory C:\Users\2440888\OneDrive - Cognizant\Desktop\Health-Insurance-Claim\health-insurance-claim\src\test\resources
2025-10-17 14:51:26,087 [Worker-103: Building] INFO  o.a.m.s.f.DefaultMavenResourcesFiltering - Copying 0 resource from src\main\resources to target\classes
2025-10-17 14:51:26,099 [Worker-103: Building] INFO  o.a.m.s.f.DefaultMavenResourcesFiltering - Copying 1 resource from src\main\resources to target\classes
2025-10-17 14:51:26,104 [Worker-103: Building] INFO  o.a.m.s.f.DefaultMavenResourcesFiltering - skip non existing resourceDirectory C:\Users\2440888\OneDrive - Cognizant\Desktop\Health-Insurance-Claim\health-insurance-claim\src\test\resources
2025-10-17 14:51:44,553 [Worker-106: Building] INFO  o.a.m.s.f.DefaultMavenResourcesFiltering - Copying 0 resource from src\main\resources to target\classes
2025-10-17 14:51:44,719 [Worker-106: Building] INFO  o.a.m.s.f.DefaultMavenResourcesFiltering - Copying 1 resource from src\main\resources to target\classes
2025-10-17 14:51:44,726 [Worker-106: Building] INFO  o.a.m.s.f.DefaultMavenResourcesFiltering - skip non existing resourceDirectory C:\Users\2440888\OneDrive - Cognizant\Desktop\Health-Insurance-Claim\health-insurance-claim\src\test\resources
2025-10-17 14:57:56,114 [Worker-104: Building] INFO  o.a.m.s.f.DefaultMavenResourcesFiltering - Copying 0 resource from src\main\resources to target\classes
2025-10-17 14:57:56,259 [Worker-104: Building] INFO  o.a.m.s.f.DefaultMavenResourcesFiltering - Copying 1 resource from src\main\resources to target\classes
2025-10-17 14:57:56,270 [Worker-104: Building] INFO  o.a.m.s.f.DefaultMavenResourcesFiltering - skip non existing resourceDirectory C:\Users\2440888\OneDrive - Cognizant\Desktop\Health-Insurance-Claim\health-insurance-claim\src\test\resources
2025-10-17 14:58:14,240 [Worker-106: Building] INFO  o.a.m.s.f.DefaultMavenResourcesFiltering - Copying 0 resource from src\main\resources to target\classes
2025-10-17 14:58:14,375 [Worker-106: Building] INFO  o.a.m.s.f.DefaultMavenResourcesFiltering - Copying 1 resource from src\main\resources to target\classes
2025-10-17 14:58:14,384 [Worker-106: Building] INFO  o.a.m.s.f.DefaultMavenResourcesFiltering - skip non existing resourceDirectory C:\Users\2440888\OneDrive - Cognizant\Desktop\Health-Insurance-Claim\health-insurance-claim\src\test\resources
2025-10-17 15:00:27,145 [Worker-105: Building] INFO  o.a.m.s.f.DefaultMavenResourcesFiltering - Copying 0 resource from src\main\resources to target\classes
2025-10-17 15:00:27,333 [Worker-105: Building] INFO  o.a.m.s.f.DefaultMavenResourcesFiltering - Copying 1 resource from src\main\resources to target\classes
2025-10-17 15:00:27,344 [Worker-105: Building] INFO  o.a.m.s.f.DefaultMavenResourcesFiltering - skip non existing resourceDirectory C:\Users\2440888\OneDrive - Cognizant\Desktop\Health-Insurance-Claim\health-insurance-claim\src\test\resources
2025-10-17 15:00:44,202 [Worker-103: Building] INFO  o.a.m.s.f.DefaultMavenResourcesFiltering - Copying 0 resource from src\main\resources to target\classes
2025-10-17 15:00:44,359 [Worker-103: Building] INFO  o.a.m.s.f.DefaultMavenResourcesFiltering - Copying 1 resource from src\main\resources to target\classes
2025-10-17 15:00:44,374 [Worker-103: Building] INFO  o.a.m.s.f.DefaultMavenResourcesFiltering - skip non existing resourceDirectory C:\Users\2440888\OneDrive - Cognizant\Desktop\Health-Insurance-Claim\health-insurance-claim\src\test\resources
2025-10-17 15:01:06,109 [Worker-105: Building] INFO  o.a.m.s.f.DefaultMavenResourcesFiltering - Copying 0 resource from src\main\resources to target\classes
2025-10-17 15:01:06,258 [Worker-105: Building] INFO  o.a.m.s.f.DefaultMavenResourcesFiltering - Copying 1 resource from src\main\resources to target\classes
2025-10-17 15:01:06,264 [Worker-105: Building] INFO  o.a.m.s.f.DefaultMavenResourcesFiltering - skip non existing resourceDirectory C:\Users\2440888\OneDrive - Cognizant\Desktop\Health-Insurance-Claim\health-insurance-claim\src\test\resources
2025-10-17 15:01:15,303 [Worker-105: Building] INFO  o.a.m.s.f.DefaultMavenResourcesFiltering - Copying 0 resource from src\main\resources to target\classes
2025-10-17 15:01:15,310 [Worker-105: Building] INFO  o.a.m.s.f.DefaultMavenResourcesFiltering - Copying 1 resource from src\main\resources to target\classes
2025-10-17 15:01:15,315 [Worker-105: Building] INFO  o.a.m.s.f.DefaultMavenResourcesFiltering - skip non existing resourceDirectory C:\Users\2440888\OneDrive - Cognizant\Desktop\Health-Insurance-Claim\health-insurance-claim\src\test\resources
2025-10-17 15:03:07,906 [Worker-103: Building] INFO  o.a.m.s.f.DefaultMavenResourcesFiltering - Copying 1 resource from src\main\resources to target\classes
2025-10-17 15:03:07,924 [Worker-103: Building] INFO  o.a.m.s.f.DefaultMavenResourcesFiltering - Copying 26 resources from src\main\resources to target\classes
2025-10-17 15:03:08,196 [Worker-103: Building] INFO  o.a.m.s.f.DefaultMavenResourcesFiltering - skip non existing resourceDirectory C:\Users\2440888\OneDrive - Cognizant\Desktop\Health-Insurance-Claim\health-insurance-claim\src\test\resources
2025-10-17 15:09:21,066 [Worker-105: Building] INFO  o.e.m.c.i.l.LifecycleMappingFactory - Using org.eclipse.m2e.jdt.JarLifecycleMapping lifecycle mapping for MavenProject: health-insurance-claim-management-system:health-insurance-claim:0.0.1-SNAPSHOT @ C:\Users\2440888\OneDrive - Cognizant\Desktop\Health-Insurance-Claim\health-insurance-claim\pom.xml.
2025-10-17 15:09:28,554 [Worker-105: Building] INFO  o.a.m.s.f.DefaultMavenResourcesFiltering - Copying 0 resource from src\main\resources to target\classes
2025-10-17 15:09:28,664 [Worker-105: Building] INFO  o.a.m.s.f.DefaultMavenResourcesFiltering - Copying 0 resource from src\main\resources to target\classes
2025-10-17 15:09:28,671 [Worker-105: Building] INFO  o.a.m.s.f.DefaultMavenResourcesFiltering - skip non existing resourceDirectory C:\Users\2440888\OneDrive - Cognizant\Desktop\Health-Insurance-Claim\health-insurance-claim\src\test\resources
2025-10-17 15:09:31,969 [Worker-104: Building] INFO  o.a.m.s.f.DefaultMavenResourcesFiltering - Copying 1 resource from src\main\resources to target\classes
2025-10-17 15:09:31,990 [Worker-104: Building] INFO  o.a.m.s.f.DefaultMavenResourcesFiltering - Copying 26 resources from src\main\resources to target\classes
2025-10-17 15:09:32,140 [Worker-104: Building] INFO  o.a.m.s.f.DefaultMavenResourcesFiltering - skip non existing resourceDirectory C:\Users\2440888\OneDrive - Cognizant\Desktop\Health-Insurance-Claim\health-insurance-claim\src\test\resources
2025-10-17 15:10:36,664 [Worker-104: Building] INFO  o.a.m.s.f.DefaultMavenResourcesFiltering - Copying 1 resource from src\main\resources to target\classes
2025-10-17 15:10:36,682 [Worker-104: Building] INFO  o.a.m.s.f.DefaultMavenResourcesFiltering - Copying 26 resources from src\main\resources to target\classes
2025-10-17 15:10:36,947 [Worker-104: Building] INFO  o.a.m.s.f.DefaultMavenResourcesFiltering - skip non existing resourceDirectory C:\Users\2440888\OneDrive - Cognizant\Desktop\Health-Insurance-Claim\health-insurance-claim\src\test\resources
2025-10-17 15:10:43,643 [Worker-105: Building] INFO  o.a.m.s.f.DefaultMavenResourcesFiltering - Copying 1 resource from src\main\resources to target\classes
2025-10-17 15:10:43,653 [Worker-105: Building] INFO  o.a.m.s.f.DefaultMavenResourcesFiltering - Copying 26 resources from src\main\resources to target\classes
2025-10-17 15:10:43,668 [Worker-105: Building] INFO  o.a.m.s.f.DefaultMavenResourcesFiltering - skip non existing resourceDirectory C:\Users\2440888\OneDrive - Cognizant\Desktop\Health-Insurance-Claim\health-insurance-claim\src\test\resources
2025-10-17 15:11:10,342 [Worker-109: Building] INFO  o.a.m.s.f.DefaultMavenResourcesFiltering - Copying 1 resource from src\main\resources to target\classes
2025-10-17 15:11:10,364 [Worker-109: Building] INFO  o.a.m.s.f.DefaultMavenResourcesFiltering - Copying 26 resources from src\main\resources to target\classes
2025-10-17 15:11:10,685 [Worker-109: Building] INFO  o.a.m.s.f.DefaultMavenResourcesFiltering - skip non existing resourceDirectory C:\Users\2440888\OneDrive - Cognizant\Desktop\Health-Insurance-Claim\health-insurance-claim\src\test\resources
2025-10-17 15:11:15,111 [Worker-93: Building] INFO  o.a.m.s.f.DefaultMavenResourcesFiltering - Copying 1 resource from src\main\resources to target\classes
2025-10-17 15:11:15,124 [Worker-93: Building] INFO  o.a.m.s.f.DefaultMavenResourcesFiltering - Copying 26 resources from src\main\resources to target\classes
2025-10-17 15:11:15,136 [Worker-93: Building] INFO  o.a.m.s.f.DefaultMavenResourcesFiltering - skip non existing resourceDirectory C:\Users\2440888\OneDrive - Cognizant\Desktop\Health-Insurance-Claim\health-insurance-claim\src\test\resources
2025-10-17 15:13:50,634 [Worker-93: Building] INFO  o.a.m.s.f.DefaultMavenResourcesFiltering - Copying 1 resource from src\main\resources to target\classes
2025-10-17 15:13:50,660 [Worker-93: Building] INFO  o.a.m.s.f.DefaultMavenResourcesFiltering - Copying 26 resources from src\main\resources to target\classes
2025-10-17 15:13:50,934 [Worker-93: Building] INFO  o.a.m.s.f.DefaultMavenResourcesFiltering - skip non existing resourceDirectory C:\Users\2440888\OneDrive - Cognizant\Desktop\Health-Insurance-Claim\health-insurance-claim\src\test\resources
2025-10-17 15:14:45,892 [Worker-89: Building] INFO  o.a.m.s.f.DefaultMavenResourcesFiltering - Copying 0 resource from src\main\resources to target\classes
2025-10-17 15:14:46,034 [Worker-89: Building] INFO  o.a.m.s.f.DefaultMavenResourcesFiltering - Copying 1 resource from src\main\resources to target\classes
2025-10-17 15:14:46,044 [Worker-89: Building] INFO  o.a.m.s.f.DefaultMavenResourcesFiltering - skip non existing resourceDirectory C:\Users\2440888\OneDrive - Cognizant\Desktop\Health-Insurance-Claim\health-insurance-claim\src\test\resources
2025-10-17 15:15:21,557 [Worker-103: Building] INFO  o.a.m.s.f.DefaultMavenResourcesFiltering - Copying 0 resource from src\main\resources to target\classes
2025-10-17 15:15:21,727 [Worker-103: Building] INFO  o.a.m.s.f.DefaultMavenResourcesFiltering - Copying 1 resource from src\main\resources to target\classes
2025-10-17 15:15:21,741 [Worker-103: Building] INFO  o.a.m.s.f.DefaultMavenResourcesFiltering - skip non existing resourceDirectory C:\Users\2440888\OneDrive - Cognizant\Desktop\Health-Insurance-Claim\health-insurance-claim\src\test\resources
2025-10-17 15:15:40,571 [Worker-103: Building] INFO  o.a.m.s.f.DefaultMavenResourcesFiltering - Copying 0 resource from src\main\resources to target\classes
2025-10-17 15:15:40,771 [Worker-103: Building] INFO  o.a.m.s.f.DefaultMavenResourcesFiltering - Copying 1 resource from src\main\resources to target\classes
2025-10-17 15:15:40,790 [Worker-103: Building] INFO  o.a.m.s.f.DefaultMavenResourcesFiltering - skip non existing resourceDirectory C:\Users\2440888\OneDrive - Cognizant\Desktop\Health-Insurance-Claim\health-insurance-claim\src\test\resources
2025-10-17 15:18:27,339 [Worker-106: Building] INFO  o.a.m.s.f.DefaultMavenResourcesFiltering - Copying 0 resource from src\main\resources to target\classes
2025-10-17 15:18:27,481 [Worker-106: Building] INFO  o.a.m.s.f.DefaultMavenResourcesFiltering - Copying 1 resource from src\main\resources to target\classes
2025-10-17 15:18:27,490 [Worker-106: Building] INFO  o.a.m.s.f.DefaultMavenResourcesFiltering - skip non existing resourceDirectory C:\Users\2440888\OneDrive - Cognizant\Desktop\Health-Insurance-Claim\health-insurance-claim\src\test\resources
2025-10-17 15:19:33,804 [Worker-109: Building] INFO  o.a.m.s.f.DefaultMavenResourcesFiltering - Copying 0 resource from src\main\resources to target\classes
2025-10-17 15:19:33,969 [Worker-109: Building] INFO  o.a.m.s.f.DefaultMavenResourcesFiltering - Copying 1 resource from src\main\resources to target\classes
2025-10-17 15:19:33,982 [Worker-109: Building] INFO  o.a.m.s.f.DefaultMavenResourcesFiltering - skip non existing resourceDirectory C:\Users\2440888\OneDrive - Cognizant\Desktop\Health-Insurance-Claim\health-insurance-claim\src\test\resources
2025-10-17 15:21:47,788 [Worker-104: Building] INFO  o.a.m.s.f.DefaultMavenResourcesFiltering - Copying 0 resource from src\main\resources to target\classes
2025-10-17 15:21:47,970 [Worker-104: Building] INFO  o.a.m.s.f.DefaultMavenResourcesFiltering - Copying 1 resource from src\main\resources to target\classes
2025-10-17 15:21:47,995 [Worker-104: Building] INFO  o.a.m.s.f.DefaultMavenResourcesFiltering - skip non existing resourceDirectory C:\Users\2440888\OneDrive - Cognizant\Desktop\Health-Insurance-Claim\health-insurance-claim\src\test\resources
2025-10-17 15:21:50,136 [Worker-103: Building] INFO  o.a.m.s.f.DefaultMavenResourcesFiltering - Copying 0 resource from src\main\resources to target\classes
2025-10-17 15:21:50,143 [Worker-103: Building] INFO  o.a.m.s.f.DefaultMavenResourcesFiltering - Copying 1 resource from src\main\resources to target\classes
2025-10-17 15:21:50,146 [Worker-103: Building] INFO  o.a.m.s.f.DefaultMavenResourcesFiltering - skip non existing resourceDirectory C:\Users\2440888\OneDrive - Cognizant\Desktop\Health-Insurance-Claim\health-insurance-claim\src\test\resources
2025-10-17 15:29:13,024 [Worker-103: Building] INFO  o.a.m.s.f.DefaultMavenResourcesFiltering - Copying 1 resource from src\main\resources to target\classes
2025-10-17 15:29:13,063 [Worker-103: Building] INFO  o.a.m.s.f.DefaultMavenResourcesFiltering - Copying 27 resources from src\main\resources to target\classes
2025-10-17 15:29:13,412 [Worker-103: Building] INFO  o.a.m.s.f.DefaultMavenResourcesFiltering - skip non existing resourceDirectory C:\Users\2440888\OneDrive - Cognizant\Desktop\Health-Insurance-Claim\health-insurance-claim\src\test\resources
2025-10-17 15:30:14,665 [Worker-105: Building] INFO  o.a.m.s.f.DefaultMavenResourcesFiltering - Copying 0 resource from src\main\resources to target\classes
2025-10-17 15:30:14,837 [Worker-105: Building] INFO  o.a.m.s.f.DefaultMavenResourcesFiltering - Copying 1 resource from src\main\resources to target\classes
2025-10-17 15:30:14,850 [Worker-105: Building] INFO  o.a.m.s.f.DefaultMavenResourcesFiltering - skip non existing resourceDirectory C:\Users\2440888\OneDrive - Cognizant\Desktop\Health-Insurance-Claim\health-insurance-claim\src\test\resources
2025-10-17 15:31:35,074 [Worker-104: Building] INFO  o.a.m.s.f.DefaultMavenResourcesFiltering - Copying 1 resource from src\main\resources to target\classes
2025-10-17 15:31:35,098 [Worker-104: Building] INFO  o.a.m.s.f.DefaultMavenResourcesFiltering - Copying 27 resources from src\main\resources to target\classes
2025-10-17 15:31:35,440 [Worker-104: Building] INFO  o.a.m.s.f.DefaultMavenResourcesFiltering - skip non existing resourceDirectory C:\Users\2440888\OneDrive - Cognizant\Desktop\Health-Insurance-Claim\health-insurance-claim\src\test\resources
2025-10-17 15:33:08,475 [Worker-106: Building] INFO  o.a.m.s.f.DefaultMavenResourcesFiltering - Copying 1 resource from src\main\resources to target\classes
2025-10-17 15:33:08,498 [Worker-106: Building] INFO  o.a.m.s.f.DefaultMavenResourcesFiltering - Copying 27 resources from src\main\resources to target\classes
2025-10-17 15:33:08,797 [Worker-106: Building] INFO  o.a.m.s.f.DefaultMavenResourcesFiltering - skip non existing resourceDirectory C:\Users\2440888\OneDrive - Cognizant\Desktop\Health-Insurance-Claim\health-insurance-claim\src\test\resources
2025-10-17 15:37:11,771 [Worker-106: Building] INFO  o.a.m.s.f.DefaultMavenResourcesFiltering - Copying 1 resource from src\main\resources to target\classes
2025-10-17 15:37:11,792 [Worker-106: Building] INFO  o.a.m.s.f.DefaultMavenResourcesFiltering - Copying 27 resources from src\main\resources to target\classes
2025-10-17 15:37:12,130 [Worker-106: Building] INFO  o.a.m.s.f.DefaultMavenResourcesFiltering - skip non existing resourceDirectory C:\Users\2440888\OneDrive - Cognizant\Desktop\Health-Insurance-Claim\health-insurance-claim\src\test\resources
2025-10-17 15:38:46,621 [Worker-104: Building] INFO  o.a.m.s.f.DefaultMavenResourcesFiltering - Copying 0 resource from src\main\resources to target\classes
2025-10-17 15:38:46,776 [Worker-104: Building] INFO  o.a.m.s.f.DefaultMavenResourcesFiltering - Copying 0 resource from src\main\resources to target\classes
2025-10-17 15:38:46,785 [Worker-104: Building] INFO  o.a.m.s.f.DefaultMavenResourcesFiltering - skip non existing resourceDirectory C:\Users\2440888\OneDrive - Cognizant\Desktop\Health-Insurance-Claim\health-insurance-claim\src\test\resources
2025-10-17 15:38:50,356 [Worker-105: Building] INFO  o.a.m.s.f.DefaultMavenResourcesFiltering - Copying 0 resource from src\main\resources to target\classes
2025-10-17 15:38:50,375 [Worker-105: Building] INFO  o.a.m.s.f.DefaultMavenResourcesFiltering - Copying 0 resource from src\main\resources to target\classes
2025-10-17 15:38:50,383 [Worker-105: Building] INFO  o.a.m.s.f.DefaultMavenResourcesFiltering - skip non existing resourceDirectory C:\Users\2440888\OneDrive - Cognizant\Desktop\Health-Insurance-Claim\health-insurance-claim\src\test\resources
2025-10-17 15:39:05,881 [Worker-109: Building] INFO  o.a.m.s.f.DefaultMavenResourcesFiltering - Copying 0 resource from src\main\resources to target\classes
2025-10-17 15:39:06,021 [Worker-109: Building] INFO  o.a.m.s.f.DefaultMavenResourcesFiltering - Copying 1 resource from src\main\resources to target\classes
2025-10-17 15:39:06,030 [Worker-109: Building] INFO  o.a.m.s.f.DefaultMavenResourcesFiltering - skip non existing resourceDirectory C:\Users\2440888\OneDrive - Cognizant\Desktop\Health-Insurance-Claim\health-insurance-claim\src\test\resources
2025-10-17 15:39:55,213 [Worker-89: Building] INFO  o.a.m.s.f.DefaultMavenResourcesFiltering - Copying 0 resource from src\main\resources to target\classes
2025-10-17 15:39:55,346 [Worker-89: Building] INFO  o.a.m.s.f.DefaultMavenResourcesFiltering - Copying 0 resource from src\main\resources to target\classes
2025-10-17 15:39:55,354 [Worker-89: Building] INFO  o.a.m.s.f.DefaultMavenResourcesFiltering - skip non existing resourceDirectory C:\Users\2440888\OneDrive - Cognizant\Desktop\Health-Insurance-Claim\health-insurance-claim\src\test\resources
2025-10-17 15:41:26,608 [Worker-106: Building] INFO  o.a.m.s.f.DefaultMavenResourcesFiltering - Copying 0 resource from src\main\resources to target\classes
2025-10-17 15:41:26,739 [Worker-106: Building] INFO  o.a.m.s.f.DefaultMavenResourcesFiltering - Copying 1 resource from src\main\resources to target\classes
2025-10-17 15:41:26,752 [Worker-106: Building] INFO  o.a.m.s.f.DefaultMavenResourcesFiltering - skip non existing resourceDirectory C:\Users\2440888\OneDrive - Cognizant\Desktop\Health-Insurance-Claim\health-insurance-claim\src\test\resources
2025-10-17 15:41:52,872 [Worker-107: Building] INFO  o.a.m.s.f.DefaultMavenResourcesFiltering - Copying 0 resource from src\main\resources to target\classes
2025-10-17 15:41:52,998 [Worker-107: Building] INFO  o.a.m.s.f.DefaultMavenResourcesFiltering - Copying 1 resource from src\main\resources to target\classes
2025-10-17 15:41:53,007 [Worker-107: Building] INFO  o.a.m.s.f.DefaultMavenResourcesFiltering - skip non existing resourceDirectory C:\Users\2440888\OneDrive - Cognizant\Desktop\Health-Insurance-Claim\health-insurance-claim\src\test\resources
2025-10-17 15:42:53,791 [Worker-109: Building] INFO  o.a.m.s.f.DefaultMavenResourcesFiltering - Copying 0 resource from src\main\resources to target\classes
2025-10-17 15:42:53,921 [Worker-109: Building] INFO  o.a.m.s.f.DefaultMavenResourcesFiltering - Copying 1 resource from src\main\resources to target\classes
2025-10-17 15:42:53,931 [Worker-109: Building] INFO  o.a.m.s.f.DefaultMavenResourcesFiltering - skip non existing resourceDirectory C:\Users\2440888\OneDrive - Cognizant\Desktop\Health-Insurance-Claim\health-insurance-claim\src\test\resources
2025-10-17 15:43:58,592 [Worker-105: Building] INFO  o.a.m.s.f.DefaultMavenResourcesFiltering - Copying 0 resource from src\main\resources to target\classes
2025-10-17 15:43:58,727 [Worker-105: Building] INFO  o.a.m.s.f.DefaultMavenResourcesFiltering - Copying 1 resource from src\main\resources to target\classes
2025-10-17 15:43:58,736 [Worker-105: Building] INFO  o.a.m.s.f.DefaultMavenResourcesFiltering - skip non existing resourceDirectory C:\Users\2440888\OneDrive - Cognizant\Desktop\Health-Insurance-Claim\health-insurance-claim\src\test\resources
2025-10-17 15:53:12,116 [Worker-89: Building] INFO  o.a.m.s.f.DefaultMavenResourcesFiltering - Copying 1 resource from src\main\resources to target\classes
2025-10-17 15:53:12,150 [Worker-89: Building] INFO  o.a.m.s.f.DefaultMavenResourcesFiltering - Copying 24 resources from src\main\resources to target\classes
2025-10-17 15:53:12,412 [Worker-89: Building] INFO  o.a.m.s.f.DefaultMavenResourcesFiltering - skip non existing resourceDirectory C:\Users\2440888\OneDrive - Cognizant\Desktop\Health-Insurance-Claim\health-insurance-claim\src\test\resources
2025-10-17 15:53:37,154 [Worker-89: Building] INFO  o.a.m.s.f.DefaultMavenResourcesFiltering - Copying 1 resource from src\main\resources to target\classes
2025-10-17 15:53:37,186 [Worker-89: Building] INFO  o.a.m.s.f.DefaultMavenResourcesFiltering - Copying 24 resources from src\main\resources to target\classes
2025-10-17 15:53:37,462 [Worker-89: Building] INFO  o.a.m.s.f.DefaultMavenResourcesFiltering - skip non existing resourceDirectory C:\Users\2440888\OneDrive - Cognizant\Desktop\Health-Insurance-Claim\health-insurance-claim\src\test\resources
2025-10-17 15:53:51,819 [Worker-105: Building] INFO  o.a.m.s.f.DefaultMavenResourcesFiltering - Copying 1 resource from src\main\resources to target\classes
2025-10-17 15:53:51,840 [Worker-105: Building] INFO  o.a.m.s.f.DefaultMavenResourcesFiltering - Copying 24 resources from src\main\resources to target\classes
2025-10-17 15:53:52,107 [Worker-105: Building] INFO  o.a.m.s.f.DefaultMavenResourcesFiltering - skip non existing resourceDirectory C:\Users\2440888\OneDrive - Cognizant\Desktop\Health-Insurance-Claim\health-insurance-claim\src\test\resources
2025-10-17 15:54:27,525 [Worker-106: Building] INFO  o.a.m.s.f.DefaultMavenResourcesFiltering - Copying 1 resource from src\main\resources to target\classes
2025-10-17 15:54:27,558 [Worker-106: Building] INFO  o.a.m.s.f.DefaultMavenResourcesFiltering - Copying 24 resources from src\main\resources to target\classes
2025-10-17 15:54:27,867 [Worker-106: Building] INFO  o.a.m.s.f.DefaultMavenResourcesFiltering - skip non existing resourceDirectory C:\Users\2440888\OneDrive - Cognizant\Desktop\Health-Insurance-Claim\health-insurance-claim\src\test\resources
2025-10-17 16:01:39,738 [Worker-103: Building] INFO  o.a.m.s.f.DefaultMavenResourcesFiltering - Copying 1 resource from src\main\resources to target\classes
2025-10-17 16:01:39,760 [Worker-103: Building] INFO  o.a.m.s.f.DefaultMavenResourcesFiltering - Copying 24 resources from src\main\resources to target\classes
2025-10-17 16:01:40,028 [Worker-103: Building] INFO  o.a.m.s.f.DefaultMavenResourcesFiltering - skip non existing resourceDirectory C:\Users\2440888\OneDrive - Cognizant\Desktop\Health-Insurance-Claim\health-insurance-claim\src\test\resources
2025-10-17 16:02:11,433 [Worker-106: Building] INFO  o.a.m.s.f.DefaultMavenResourcesFiltering - Copying 1 resource from src\main\resources to target\classes
2025-10-17 16:02:11,458 [Worker-106: Building] INFO  o.a.m.s.f.DefaultMavenResourcesFiltering - Copying 24 resources from src\main\resources to target\classes
2025-10-17 16:02:11,735 [Worker-106: Building] INFO  o.a.m.s.f.DefaultMavenResourcesFiltering - skip non existing resourceDirectory C:\Users\2440888\OneDrive - Cognizant\Desktop\Health-Insurance-Claim\health-insurance-claim\src\test\resources
2025-10-17 16:02:14,745 [Worker-107: Building] INFO  o.a.m.s.f.DefaultMavenResourcesFiltering - Copying 1 resource from src\main\resources to target\classes
2025-10-17 16:02:14,756 [Worker-107: Building] INFO  o.a.m.s.f.DefaultMavenResourcesFiltering - Copying 24 resources from src\main\resources to target\classes
2025-10-17 16:02:14,768 [Worker-107: Building] INFO  o.a.m.s.f.DefaultMavenResourcesFiltering - skip non existing resourceDirectory C:\Users\2440888\OneDrive - Cognizant\Desktop\Health-Insurance-Claim\health-insurance-claim\src\test\resources
2025-10-17 16:02:41,294 [Worker-107: Building] INFO  o.a.m.s.f.DefaultMavenResourcesFiltering - Copying 1 resource from src\main\resources to target\classes
2025-10-17 16:02:41,318 [Worker-107: Building] INFO  o.a.m.s.f.DefaultMavenResourcesFiltering - Copying 24 resources from src\main\resources to target\classes
2025-10-17 16:02:41,600 [Worker-107: Building] INFO  o.a.m.s.f.DefaultMavenResourcesFiltering - skip non existing resourceDirectory C:\Users\2440888\OneDrive - Cognizant\Desktop\Health-Insurance-Claim\health-insurance-claim\src\test\resources
2025-10-17 16:02:50,276 [Worker-99: Building] INFO  o.a.m.s.f.DefaultMavenResourcesFiltering - Copying 1 resource from src\main\resources to target\classes
2025-10-17 16:02:50,285 [Worker-99: Building] INFO  o.a.m.s.f.DefaultMavenResourcesFiltering - Copying 24 resources from src\main\resources to target\classes
2025-10-17 16:02:50,295 [Worker-99: Building] INFO  o.a.m.s.f.DefaultMavenResourcesFiltering - skip non existing resourceDirectory C:\Users\2440888\OneDrive - Cognizant\Desktop\Health-Insurance-Claim\health-insurance-claim\src\test\resources
2025-10-17 16:03:15,408 [Worker-107: Building] INFO  o.a.m.s.f.DefaultMavenResourcesFiltering - Copying 1 resource from src\main\resources to target\classes
2025-10-17 16:03:15,427 [Worker-107: Building] INFO  o.a.m.s.f.DefaultMavenResourcesFiltering - Copying 24 resources from src\main\resources to target\classes
2025-10-17 16:03:15,692 [Worker-107: Building] INFO  o.a.m.s.f.DefaultMavenResourcesFiltering - skip non existing resourceDirectory C:\Users\2440888\OneDrive - Cognizant\Desktop\Health-Insurance-Claim\health-insurance-claim\src\test\resources
2025-10-17 16:03:24,862 [Worker-108: Building] INFO  o.a.m.s.f.DefaultMavenResourcesFiltering - Copying 1 resource from src\main\resources to target\classes
2025-10-17 16:03:24,872 [Worker-108: Building] INFO  o.a.m.s.f.DefaultMavenResourcesFiltering - Copying 24 resources from src\main\resources to target\classes
2025-10-17 16:03:24,881 [Worker-108: Building] INFO  o.a.m.s.f.DefaultMavenResourcesFiltering - skip non existing resourceDirectory C:\Users\2440888\OneDrive - Cognizant\Desktop\Health-Insurance-Claim\health-insurance-claim\src\test\resources
2025-10-17 16:07:30,215 [Worker-89: Building] INFO  o.a.m.s.f.DefaultMavenResourcesFiltering - Copying 0 resource from src\main\resources to target\classes
2025-10-17 16:07:30,364 [Worker-89: Building] INFO  o.a.m.s.f.DefaultMavenResourcesFiltering - Copying 1 resource from src\main\resources to target\classes
2025-10-17 16:07:30,381 [Worker-89: Building] INFO  o.a.m.s.f.DefaultMavenResourcesFiltering - skip non existing resourceDirectory C:\Users\2440888\OneDrive - Cognizant\Desktop\Health-Insurance-Claim\health-insurance-claim\src\test\resources
2025-10-17 16:08:27,797 [Worker-105: Building] INFO  o.a.m.s.f.DefaultMavenResourcesFiltering - Copying 0 resource from src\main\resources to target\classes
2025-10-17 16:08:27,933 [Worker-105: Building] INFO  o.a.m.s.f.DefaultMavenResourcesFiltering - Copying 1 resource from src\main\resources to target\classes
2025-10-17 16:08:27,941 [Worker-105: Building] INFO  o.a.m.s.f.DefaultMavenResourcesFiltering - skip non existing resourceDirectory C:\Users\2440888\OneDrive - Cognizant\Desktop\Health-Insurance-Claim\health-insurance-claim\src\test\resources
2025-10-17 16:09:49,529 [Worker-109: Building] INFO  o.a.m.s.f.DefaultMavenResourcesFiltering - Copying 0 resource from src\main\resources to target\classes
2025-10-17 16:09:49,661 [Worker-109: Building] INFO  o.a.m.s.f.DefaultMavenResourcesFiltering - Copying 1 resource from src\main\resources to target\classes
2025-10-17 16:09:49,668 [Worker-109: Building] INFO  o.a.m.s.f.DefaultMavenResourcesFiltering - skip non existing resourceDirectory C:\Users\2440888\OneDrive - Cognizant\Desktop\Health-Insurance-Claim\health-insurance-claim\src\test\resources
2025-10-17 16:10:52,713 [Worker-103: Building] INFO  o.a.m.s.f.DefaultMavenResourcesFiltering - Copying 0 resource from src\main\resources to target\classes
2025-10-17 16:10:52,848 [Worker-103: Building] INFO  o.a.m.s.f.DefaultMavenResourcesFiltering - Copying 1 resource from src\main\resources to target\classes
2025-10-17 16:10:52,858 [Worker-103: Building] INFO  o.a.m.s.f.DefaultMavenResourcesFiltering - skip non existing resourceDirectory C:\Users\2440888\OneDrive - Cognizant\Desktop\Health-Insurance-Claim\health-insurance-claim\src\test\resources
2025-10-17 16:13:12,578 [Worker-105: Building] INFO  o.a.m.s.f.DefaultMavenResourcesFiltering - Copying 1 resource from src\main\resources to target\classes
2025-10-17 16:13:12,605 [Worker-105: Building] INFO  o.a.m.s.f.DefaultMavenResourcesFiltering - Copying 26 resources from src\main\resources to target\classes
2025-10-17 16:13:12,913 [Worker-105: Building] INFO  o.a.m.s.f.DefaultMavenResourcesFiltering - skip non existing resourceDirectory C:\Users\2440888\OneDrive - Cognizant\Desktop\Health-Insurance-Claim\health-insurance-claim\src\test\resources
2025-10-17 16:13:35,334 [Worker-107: Building] INFO  o.a.m.s.f.DefaultMavenResourcesFiltering - Copying 1 resource from src\main\resources to target\classes
2025-10-17 16:13:35,355 [Worker-107: Building] INFO  o.a.m.s.f.DefaultMavenResourcesFiltering - Copying 26 resources from src\main\resources to target\classes
2025-10-17 16:13:35,653 [Worker-107: Building] INFO  o.a.m.s.f.DefaultMavenResourcesFiltering - skip non existing resourceDirectory C:\Users\2440888\OneDrive - Cognizant\Desktop\Health-Insurance-Claim\health-insurance-claim\src\test\resources
2025-10-17 16:14:56,250 [Worker-108: Building] INFO  o.a.m.s.f.DefaultMavenResourcesFiltering - Copying 1 resource from src\main\resources to target\classes
2025-10-17 16:14:56,272 [Worker-108: Building] INFO  o.a.m.s.f.DefaultMavenResourcesFiltering - Copying 26 resources from src\main\resources to target\classes
2025-10-17 16:14:56,567 [Worker-108: Building] INFO  o.a.m.s.f.DefaultMavenResourcesFiltering - skip non existing resourceDirectory C:\Users\2440888\OneDrive - Cognizant\Desktop\Health-Insurance-Claim\health-insurance-claim\src\test\resources
2025-10-17 16:15:06,788 [Worker-89: Building] INFO  o.a.m.s.f.DefaultMavenResourcesFiltering - Copying 1 resource from src\main\resources to target\classes
2025-10-17 16:15:06,810 [Worker-89: Building] INFO  o.a.m.s.f.DefaultMavenResourcesFiltering - Copying 26 resources from src\main\resources to target\classes
2025-10-17 16:15:07,102 [Worker-89: Building] INFO  o.a.m.s.f.DefaultMavenResourcesFiltering - skip non existing resourceDirectory C:\Users\2440888\OneDrive - Cognizant\Desktop\Health-Insurance-Claim\health-insurance-claim\src\test\resources
2025-10-17 16:15:12,173 [Worker-106: Building] INFO  o.a.m.s.f.DefaultMavenResourcesFiltering - Copying 1 resource from src\main\resources to target\classes
2025-10-17 16:15:12,187 [Worker-106: Building] INFO  o.a.m.s.f.DefaultMavenResourcesFiltering - Copying 26 resources from src\main\resources to target\classes
2025-10-17 16:15:12,200 [Worker-106: Building] INFO  o.a.m.s.f.DefaultMavenResourcesFiltering - skip non existing resourceDirectory C:\Users\2440888\OneDrive - Cognizant\Desktop\Health-Insurance-Claim\health-insurance-claim\src\test\resources
2025-10-17 16:15:50,550 [Worker-110: Building] INFO  o.a.m.s.f.DefaultMavenResourcesFiltering - Copying 1 resource from src\main\resources to target\classes
2025-10-17 16:15:50,570 [Worker-110: Building] INFO  o.a.m.s.f.DefaultMavenResourcesFiltering - Copying 26 resources from src\main\resources to target\classes
2025-10-17 16:15:50,852 [Worker-110: Building] INFO  o.a.m.s.f.DefaultMavenResourcesFiltering - skip non existing resourceDirectory C:\Users\2440888\OneDrive - Cognizant\Desktop\Health-Insurance-Claim\health-insurance-claim\src\test\resources
2025-10-17 16:16:00,048 [Worker-104: Building] INFO  o.a.m.s.f.DefaultMavenResourcesFiltering - Copying 1 resource from src\main\resources to target\classes
2025-10-17 16:16:00,063 [Worker-104: Building] INFO  o.a.m.s.f.DefaultMavenResourcesFiltering - Copying 26 resources from src\main\resources to target\classes
2025-10-17 16:16:00,082 [Worker-104: Building] INFO  o.a.m.s.f.DefaultMavenResourcesFiltering - skip non existing resourceDirectory C:\Users\2440888\OneDrive - Cognizant\Desktop\Health-Insurance-Claim\health-insurance-claim\src\test\resources
2025-10-17 16:19:22,015 [Worker-89: Building] INFO  o.a.m.s.f.DefaultMavenResourcesFiltering - Copying 1 resource from src\main\resources to target\classes
2025-10-17 16:19:22,037 [Worker-89: Building] INFO  o.a.m.s.f.DefaultMavenResourcesFiltering - Copying 26 resources from src\main\resources to target\classes
2025-10-17 16:19:22,369 [Worker-89: Building] INFO  o.a.m.s.f.DefaultMavenResourcesFiltering - skip non existing resourceDirectory C:\Users\2440888\OneDrive - Cognizant\Desktop\Health-Insurance-Claim\health-insurance-claim\src\test\resources
2025-10-17 16:19:36,493 [Worker-103: Building] INFO  o.a.m.s.f.DefaultMavenResourcesFiltering - Copying 1 resource from src\main\resources to target\classes
2025-10-17 16:19:36,519 [Worker-103: Building] INFO  o.a.m.s.f.DefaultMavenResourcesFiltering - Copying 26 resources from src\main\resources to target\classes
2025-10-17 16:19:36,826 [Worker-103: Building] INFO  o.a.m.s.f.DefaultMavenResourcesFiltering - skip non existing resourceDirectory C:\Users\2440888\OneDrive - Cognizant\Desktop\Health-Insurance-Claim\health-insurance-claim\src\test\resources
2025-10-17 16:21:28,937 [Worker-108: Building] INFO  o.a.m.s.f.DefaultMavenResourcesFiltering - Copying 1 resource from src\main\resources to target\classes
2025-10-17 16:21:28,958 [Worker-108: Building] INFO  o.a.m.s.f.DefaultMavenResourcesFiltering - Copying 26 resources from src\main\resources to target\classes
2025-10-17 16:21:29,253 [Worker-108: Building] INFO  o.a.m.s.f.DefaultMavenResourcesFiltering - skip non existing resourceDirectory C:\Users\2440888\OneDrive - Cognizant\Desktop\Health-Insurance-Claim\health-insurance-claim\src\test\resources
2025-10-17 16:24:15,960 [Worker-103: Building] INFO  o.a.m.s.f.DefaultMavenResourcesFiltering - Copying 0 resource from src\main\resources to target\classes
2025-10-17 16:24:16,107 [Worker-103: Building] INFO  o.a.m.s.f.DefaultMavenResourcesFiltering - Copying 1 resource from src\main\resources to target\classes
2025-10-17 16:24:16,114 [Worker-103: Building] INFO  o.a.m.s.f.DefaultMavenResourcesFiltering - skip non existing resourceDirectory C:\Users\2440888\OneDrive - Cognizant\Desktop\Health-Insurance-Claim\health-insurance-claim\src\test\resources
2025-10-17 16:24:28,123 [Worker-103: Building] INFO  o.a.m.s.f.DefaultMavenResourcesFiltering - Copying 0 resource from src\main\resources to target\classes
2025-10-17 16:24:28,273 [Worker-103: Building] INFO  o.a.m.s.f.DefaultMavenResourcesFiltering - Copying 1 resource from src\main\resources to target\classes
2025-10-17 16:24:28,281 [Worker-103: Building] INFO  o.a.m.s.f.DefaultMavenResourcesFiltering - skip non existing resourceDirectory C:\Users\2440888\OneDrive - Cognizant\Desktop\Health-Insurance-Claim\health-insurance-claim\src\test\resources
2025-10-17 16:26:39,420 [Worker-110: Building] INFO  o.a.m.s.f.DefaultMavenResourcesFiltering - Copying 0 resource from src\main\resources to target\classes
2025-10-17 16:26:39,570 [Worker-110: Building] INFO  o.a.m.s.f.DefaultMavenResourcesFiltering - Copying 1 resource from src\main\resources to target\classes
2025-10-17 16:26:39,582 [Worker-110: Building] INFO  o.a.m.s.f.DefaultMavenResourcesFiltering - skip non existing resourceDirectory C:\Users\2440888\OneDrive - Cognizant\Desktop\Health-Insurance-Claim\health-insurance-claim\src\test\resources
2025-10-17 16:28:17,460 [Worker-109: Building] INFO  o.a.m.s.f.DefaultMavenResourcesFiltering - Copying 1 resource from src\main\resources to target\classes
2025-10-17 16:28:17,485 [Worker-109: Building] INFO  o.a.m.s.f.DefaultMavenResourcesFiltering - Copying 27 resources from src\main\resources to target\classes
2025-10-17 16:28:17,772 [Worker-109: Building] INFO  o.a.m.s.f.DefaultMavenResourcesFiltering - skip non existing resourceDirectory C:\Users\2440888\OneDrive - Cognizant\Desktop\Health-Insurance-Claim\health-insurance-claim\src\test\resources
2025-10-17 16:28:33,758 [Worker-99: Building] INFO  o.a.m.s.f.DefaultMavenResourcesFiltering - Copying 0 resource from src\main\resources to target\classes
2025-10-17 16:28:33,906 [Worker-99: Building] INFO  o.a.m.s.f.DefaultMavenResourcesFiltering - Copying 1 resource from src\main\resources to target\classes
2025-10-17 16:28:33,916 [Worker-99: Building] INFO  o.a.m.s.f.DefaultMavenResourcesFiltering - skip non existing resourceDirectory C:\Users\2440888\OneDrive - Cognizant\Desktop\Health-Insurance-Claim\health-insurance-claim\src\test\resources
2025-10-17 16:29:02,471 [Worker-89: Building] INFO  o.a.m.s.f.DefaultMavenResourcesFiltering - Copying 0 resource from src\main\resources to target\classes
2025-10-17 16:29:02,610 [Worker-89: Building] INFO  o.a.m.s.f.DefaultMavenResourcesFiltering - Copying 1 resource from src\main\resources to target\classes
2025-10-17 16:29:02,620 [Worker-89: Building] INFO  o.a.m.s.f.DefaultMavenResourcesFiltering - skip non existing resourceDirectory C:\Users\2440888\OneDrive - Cognizant\Desktop\Health-Insurance-Claim\health-insurance-claim\src\test\resources
2025-10-17 16:32:47,801 [Worker-107: Building] INFO  o.a.m.s.f.DefaultMavenResourcesFiltering - Copying 1 resource from src\main\resources to target\classes
2025-10-17 16:32:47,825 [Worker-107: Building] INFO  o.a.m.s.f.DefaultMavenResourcesFiltering - Copying 27 resources from src\main\resources to target\classes
2025-10-17 16:32:48,176 [Worker-107: Building] INFO  o.a.m.s.f.DefaultMavenResourcesFiltering - skip non existing resourceDirectory C:\Users\2440888\OneDrive - Cognizant\Desktop\Health-Insurance-Claim\health-insurance-claim\src\test\resources
2025-10-17 16:33:05,587 [Worker-109: Building] INFO  o.a.m.s.f.DefaultMavenResourcesFiltering - Copying 1 resource from src\main\resources to target\classes
2025-10-17 16:33:05,608 [Worker-109: Building] INFO  o.a.m.s.f.DefaultMavenResourcesFiltering - Copying 27 resources from src\main\resources to target\classes
2025-10-17 16:33:05,923 [Worker-109: Building] INFO  o.a.m.s.f.DefaultMavenResourcesFiltering - skip non existing resourceDirectory C:\Users\2440888\OneDrive - Cognizant\Desktop\Health-Insurance-Claim\health-insurance-claim\src\test\resources
2025-10-17 16:33:28,934 [Worker-104: Building] INFO  o.a.m.s.f.DefaultMavenResourcesFiltering - Copying 1 resource from src\main\resources to target\classes
2025-10-17 16:33:28,956 [Worker-104: Building] INFO  o.a.m.s.f.DefaultMavenResourcesFiltering - Copying 27 resources from src\main\resources to target\classes
2025-10-17 16:33:29,244 [Worker-104: Building] INFO  o.a.m.s.f.DefaultMavenResourcesFiltering - skip non existing resourceDirectory C:\Users\2440888\OneDrive - Cognizant\Desktop\Health-Insurance-Claim\health-insurance-claim\src\test\resources
2025-10-17 16:37:44,952 [Worker-103: Building] INFO  o.a.m.s.f.DefaultMavenResourcesFiltering - Copying 1 resource from src\main\resources to target\classes
2025-10-17 16:37:44,976 [Worker-103: Building] INFO  o.a.m.s.f.DefaultMavenResourcesFiltering - Copying 27 resources from src\main\resources to target\classes
2025-10-17 16:37:45,344 [Worker-103: Building] INFO  o.a.m.s.f.DefaultMavenResourcesFiltering - skip non existing resourceDirectory C:\Users\2440888\OneDrive - Cognizant\Desktop\Health-Insurance-Claim\health-insurance-claim\src\test\resources
2025-10-17 16:38:31,635 [Worker-108: Building] INFO  o.a.m.s.f.DefaultMavenResourcesFiltering - Copying 1 resource from src\main\resources to target\classes
2025-10-17 16:38:31,667 [Worker-108: Building] INFO  o.a.m.s.f.DefaultMavenResourcesFiltering - Copying 27 resources from src\main\resources to target\classes
2025-10-17 16:38:31,997 [Worker-108: Building] INFO  o.a.m.s.f.DefaultMavenResourcesFiltering - skip non existing resourceDirectory C:\Users\2440888\OneDrive - Cognizant\Desktop\Health-Insurance-Claim\health-insurance-claim\src\test\resources
2025-10-17 16:39:58,693 [Worker-99: Building] INFO  o.a.m.s.f.DefaultMavenResourcesFiltering - Copying 1 resource from src\main\resources to target\classes
2025-10-17 16:39:58,712 [Worker-99: Building] INFO  o.a.m.s.f.DefaultMavenResourcesFiltering - Copying 27 resources from src\main\resources to target\classes
2025-10-17 16:39:58,904 [Worker-99: Building] INFO  o.a.m.s.f.DefaultMavenResourcesFiltering - skip non existing resourceDirectory C:\Users\2440888\OneDrive - Cognizant\Desktop\Health-Insurance-Claim\health-insurance-claim\src\test\resources
2025-10-17 16:40:15,752 [Worker-110: Building] INFO  o.a.m.s.f.DefaultMavenResourcesFiltering - Copying 1 resource from src\main\resources to target\classes
2025-10-17 16:40:15,775 [Worker-110: Building] INFO  o.a.m.s.f.DefaultMavenResourcesFiltering - Copying 27 resources from src\main\resources to target\classes
2025-10-17 16:40:16,132 [Worker-110: Building] INFO  o.a.m.s.f.DefaultMavenResourcesFiltering - skip non existing resourceDirectory C:\Users\2440888\OneDrive - Cognizant\Desktop\Health-Insurance-Claim\health-insurance-claim\src\test\resources
2025-10-17 16:40:41,473 [Worker-106: Building] INFO  o.a.m.s.f.DefaultMavenResourcesFiltering - Copying 1 resource from src\main\resources to target\classes
2025-10-17 16:40:41,493 [Worker-106: Building] INFO  o.a.m.s.f.DefaultMavenResourcesFiltering - Copying 27 resources from src\main\resources to target\classes
2025-10-17 16:40:41,801 [Worker-106: Building] INFO  o.a.m.s.f.DefaultMavenResourcesFiltering - skip non existing resourceDirectory C:\Users\2440888\OneDrive - Cognizant\Desktop\Health-Insurance-Claim\health-insurance-claim\src\test\resources
2025-10-17 16:40:47,245 [Worker-106: Building] INFO  o.a.m.s.f.DefaultMavenResourcesFiltering - Copying 1 resource from src\main\resources to target\classes
2025-10-17 16:40:47,255 [Worker-106: Building] INFO  o.a.m.s.f.DefaultMavenResourcesFiltering - Copying 27 resources from src\main\resources to target\classes
2025-10-17 16:40:47,267 [Worker-106: Building] INFO  o.a.m.s.f.DefaultMavenResourcesFiltering - skip non existing resourceDirectory C:\Users\2440888\OneDrive - Cognizant\Desktop\Health-Insurance-Claim\health-insurance-claim\src\test\resources
2025-10-17 16:41:59,502 [Worker-110: Building] INFO  o.a.m.s.f.DefaultMavenResourcesFiltering - Copying 0 resource from src\main\resources to target\classes
2025-10-17 16:41:59,678 [Worker-110: Building] INFO  o.a.m.s.f.DefaultMavenResourcesFiltering - Copying 1 resource from src\main\resources to target\classes
2025-10-17 16:41:59,689 [Worker-110: Building] INFO  o.a.m.s.f.DefaultMavenResourcesFiltering - skip non existing resourceDirectory C:\Users\2440888\OneDrive - Cognizant\Desktop\Health-Insurance-Claim\health-insurance-claim\src\test\resources
2025-10-17 16:46:20,184 [Worker-104: Building] INFO  o.a.m.s.f.DefaultMavenResourcesFiltering - Copying 1 resource from src\main\resources to target\classes
2025-10-17 16:46:20,210 [Worker-104: Building] INFO  o.a.m.s.f.DefaultMavenResourcesFiltering - Copying 27 resources from src\main\resources to target\classes
2025-10-17 16:46:20,529 [Worker-104: Building] INFO  o.a.m.s.f.DefaultMavenResourcesFiltering - skip non existing resourceDirectory C:\Users\2440888\OneDrive - Cognizant\Desktop\Health-Insurance-Claim\health-insurance-claim\src\test\resources
2025-10-17 16:47:12,384 [Worker-103: Building] INFO  o.a.m.s.f.DefaultMavenResourcesFiltering - Copying 1 resource from src\main\resources to target\classes
2025-10-17 16:47:12,403 [Worker-103: Building] INFO  o.a.m.s.f.DefaultMavenResourcesFiltering - Copying 27 resources from src\main\resources to target\classes
2025-10-17 16:47:12,716 [Worker-103: Building] INFO  o.a.m.s.f.DefaultMavenResourcesFiltering - skip non existing resourceDirectory C:\Users\2440888\OneDrive - Cognizant\Desktop\Health-Insurance-Claim\health-insurance-claim\src\test\resources
2025-10-17 16:47:29,633 [Worker-105: Building] INFO  o.a.m.s.f.DefaultMavenResourcesFiltering - Copying 1 resource from src\main\resources to target\classes
2025-10-17 16:47:29,662 [Worker-105: Building] INFO  o.a.m.s.f.DefaultMavenResourcesFiltering - Copying 27 resources from src\main\resources to target\classes
2025-10-17 16:47:29,973 [Worker-105: Building] INFO  o.a.m.s.f.DefaultMavenResourcesFiltering - skip non existing resourceDirectory C:\Users\2440888\OneDrive - Cognizant\Desktop\Health-Insurance-Claim\health-insurance-claim\src\test\resources
2025-10-17 16:47:34,149 [Worker-104: Building] INFO  o.a.m.s.f.DefaultMavenResourcesFiltering - Copying 1 resource from src\main\resources to target\classes
2025-10-17 16:47:34,160 [Worker-104: Building] INFO  o.a.m.s.f.DefaultMavenResourcesFiltering - Copying 27 resources from src\main\resources to target\classes
2025-10-17 16:47:34,172 [Worker-104: Building] INFO  o.a.m.s.f.DefaultMavenResourcesFiltering - skip non existing resourceDirectory C:\Users\2440888\OneDrive - Cognizant\Desktop\Health-Insurance-Claim\health-insurance-claim\src\test\resources
2025-10-17 16:47:43,103 [Worker-105: Building] INFO  o.a.m.s.f.DefaultMavenResourcesFiltering - Copying 1 resource from src\main\resources to target\classes
2025-10-17 16:47:43,121 [Worker-105: Building] INFO  o.a.m.s.f.DefaultMavenResourcesFiltering - Copying 27 resources from src\main\resources to target\classes
2025-10-17 16:47:43,430 [Worker-105: Building] INFO  o.a.m.s.f.DefaultMavenResourcesFiltering - skip non existing resourceDirectory C:\Users\2440888\OneDrive - Cognizant\Desktop\Health-Insurance-Claim\health-insurance-claim\src\test\resources
2025-10-17 16:48:30,517 [Worker-99: Building] INFO  o.a.m.s.f.DefaultMavenResourcesFiltering - Copying 0 resource from src\main\resources to target\classes
2025-10-17 16:48:30,679 [Worker-99: Building] INFO  o.a.m.s.f.DefaultMavenResourcesFiltering - Copying 1 resource from src\main\resources to target\classes
2025-10-17 16:48:30,691 [Worker-99: Building] INFO  o.a.m.s.f.DefaultMavenResourcesFiltering - skip non existing resourceDirectory C:\Users\2440888\OneDrive - Cognizant\Desktop\Health-Insurance-Claim\health-insurance-claim\src\test\resources
2025-10-17 16:53:10,350 [Worker-105: Building] INFO  o.a.m.s.f.DefaultMavenResourcesFiltering - Copying 0 resource from src\main\resources to target\classes
2025-10-17 16:53:10,509 [Worker-105: Building] INFO  o.a.m.s.f.DefaultMavenResourcesFiltering - Copying 1 resource from src\main\resources to target\classes
2025-10-17 16:53:10,520 [Worker-105: Building] INFO  o.a.m.s.f.DefaultMavenResourcesFiltering - skip non existing resourceDirectory C:\Users\2440888\OneDrive - Cognizant\Desktop\Health-Insurance-Claim\health-insurance-claim\src\test\resources
2025-10-17 16:54:16,916 [Worker-93: Building] INFO  o.a.m.s.f.DefaultMavenResourcesFiltering - Copying 0 resource from src\main\resources to target\classes
2025-10-17 16:54:17,069 [Worker-93: Building] INFO  o.a.m.s.f.DefaultMavenResourcesFiltering - Copying 1 resource from src\main\resources to target\classes
2025-10-17 16:54:17,079 [Worker-93: Building] INFO  o.a.m.s.f.DefaultMavenResourcesFiltering - skip non existing resourceDirectory C:\Users\2440888\OneDrive - Cognizant\Desktop\Health-Insurance-Claim\health-insurance-claim\src\test\resources
2025-10-17 17:07:47,243 [Worker-108: Building] INFO  o.a.m.s.f.DefaultMavenResourcesFiltering - Copying 0 resource from src\main\resources to target\classes
2025-10-17 17:07:47,403 [Worker-108: Building] INFO  o.a.m.s.f.DefaultMavenResourcesFiltering - Copying 1 resource from src\main\resources to target\classes
2025-10-17 17:07:47,417 [Worker-108: Building] INFO  o.a.m.s.f.DefaultMavenResourcesFiltering - skip non existing resourceDirectory C:\Users\2440888\OneDrive - Cognizant\Desktop\Health-Insurance-Claim\health-insurance-claim\src\test\resources
2025-10-17 17:07:53,713 [Worker-111: Building] INFO  o.a.m.s.f.DefaultMavenResourcesFiltering - Copying 0 resource from src\main\resources to target\classes
2025-10-17 17:07:53,733 [Worker-111: Building] INFO  o.a.m.s.f.DefaultMavenResourcesFiltering - Copying 1 resource from src\main\resources to target\classes
2025-10-17 17:07:53,744 [Worker-111: Building] INFO  o.a.m.s.f.DefaultMavenResourcesFiltering - skip non existing resourceDirectory C:\Users\2440888\OneDrive - Cognizant\Desktop\Health-Insurance-Claim\health-insurance-claim\src\test\resources
2025-10-17 17:08:02,566 [Worker-111: Building] INFO  o.a.m.s.f.DefaultMavenResourcesFiltering - Copying 0 resource from src\main\resources to target\classes
2025-10-17 17:08:02,664 [Worker-111: Building] INFO  o.a.m.s.f.DefaultMavenResourcesFiltering - Copying 1 resource from src\main\resources to target\classes
2025-10-17 17:08:02,672 [Worker-111: Building] INFO  o.a.m.s.f.DefaultMavenResourcesFiltering - skip non existing resourceDirectory C:\Users\2440888\OneDrive - Cognizant\Desktop\Health-Insurance-Claim\health-insurance-claim\src\test\resources
2025-10-17 17:08:43,928 [Worker-108: Building] INFO  o.a.m.s.f.DefaultMavenResourcesFiltering - Copying 0 resource from src\main\resources to target\classes
2025-10-17 17:08:44,061 [Worker-108: Building] INFO  o.a.m.s.f.DefaultMavenResourcesFiltering - Copying 1 resource from src\main\resources to target\classes
2025-10-17 17:08:44,070 [Worker-108: Building] INFO  o.a.m.s.f.DefaultMavenResourcesFiltering - skip non existing resourceDirectory C:\Users\2440888\OneDrive - Cognizant\Desktop\Health-Insurance-Claim\health-insurance-claim\src\test\resources
2025-10-17 17:08:51,568 [Worker-104: Building] INFO  o.a.m.s.f.DefaultMavenResourcesFiltering - Copying 0 resource from src\main\resources to target\classes
2025-10-17 17:08:51,593 [Worker-104: Building] INFO  o.a.m.s.f.DefaultMavenResourcesFiltering - Copying 1 resource from src\main\resources to target\classes
2025-10-17 17:08:51,602 [Worker-104: Building] INFO  o.a.m.s.f.DefaultMavenResourcesFiltering - skip non existing resourceDirectory C:\Users\2440888\OneDrive - Cognizant\Desktop\Health-Insurance-Claim\health-insurance-claim\src\test\resources
2025-10-17 17:08:59,816 [Worker-103: Building] INFO  o.a.m.s.f.DefaultMavenResourcesFiltering - Copying 0 resource from src\main\resources to target\classes
2025-10-17 17:08:59,970 [Worker-103: Building] INFO  o.a.m.s.f.DefaultMavenResourcesFiltering - Copying 1 resource from src\main\resources to target\classes
2025-10-17 17:08:59,980 [Worker-103: Building] INFO  o.a.m.s.f.DefaultMavenResourcesFiltering - skip non existing resourceDirectory C:\Users\2440888\OneDrive - Cognizant\Desktop\Health-Insurance-Claim\health-insurance-claim\src\test\resources
2025-10-17 17:12:49,363 [Worker-108: Building] INFO  o.a.m.s.f.DefaultMavenResourcesFiltering - Copying 0 resource from src\main\resources to target\classes
2025-10-17 17:12:49,532 [Worker-108: Building] INFO  o.a.m.s.f.DefaultMavenResourcesFiltering - Copying 1 resource from src\main\resources to target\classes
2025-10-17 17:12:49,541 [Worker-108: Building] INFO  o.a.m.s.f.DefaultMavenResourcesFiltering - skip non existing resourceDirectory C:\Users\2440888\OneDrive - Cognizant\Desktop\Health-Insurance-Claim\health-insurance-claim\src\test\resources
2025-10-17 17:13:54,498 [Worker-104: Building] INFO  o.a.m.s.f.DefaultMavenResourcesFiltering - Copying 0 resource from src\main\resources to target\classes
2025-10-17 17:13:54,668 [Worker-104: Building] INFO  o.a.m.s.f.DefaultMavenResourcesFiltering - Copying 1 resource from src\main\resources to target\classes
2025-10-17 17:13:54,688 [Worker-104: Building] INFO  o.a.m.s.f.DefaultMavenResourcesFiltering - skip non existing resourceDirectory C:\Users\2440888\OneDrive - Cognizant\Desktop\Health-Insurance-Claim\health-insurance-claim\src\test\resources
2025-10-17 17:14:23,196 [Worker-104: Building] INFO  o.a.m.s.f.DefaultMavenResourcesFiltering - Copying 0 resource from src\main\resources to target\classes
2025-10-17 17:14:23,353 [Worker-104: Building] INFO  o.a.m.s.f.DefaultMavenResourcesFiltering - Copying 1 resource from src\main\resources to target\classes
2025-10-17 17:14:23,365 [Worker-104: Building] INFO  o.a.m.s.f.DefaultMavenResourcesFiltering - skip non existing resourceDirectory C:\Users\2440888\OneDrive - Cognizant\Desktop\Health-Insurance-Claim\health-insurance-claim\src\test\resources
2025-10-17 17:17:44,615 [Worker-104: Building] INFO  o.a.m.s.f.DefaultMavenResourcesFiltering - Copying 0 resource from src\main\resources to target\classes
2025-10-17 17:17:44,800 [Worker-104: Building] INFO  o.a.m.s.f.DefaultMavenResourcesFiltering - Copying 1 resource from src\main\resources to target\classes
2025-10-17 17:17:44,809 [Worker-104: Building] INFO  o.a.m.s.f.DefaultMavenResourcesFiltering - skip non existing resourceDirectory C:\Users\2440888\OneDrive - Cognizant\Desktop\Health-Insurance-Claim\health-insurance-claim\src\test\resources
2025-10-17 17:20:56,412 [Worker-112: Building] INFO  o.a.m.s.f.DefaultMavenResourcesFiltering - Copying 0 resource from src\main\resources to target\classes
2025-10-17 17:20:56,565 [Worker-112: Building] INFO  o.a.m.s.f.DefaultMavenResourcesFiltering - Copying 1 resource from src\main\resources to target\classes
2025-10-17 17:20:56,579 [Worker-112: Building] INFO  o.a.m.s.f.DefaultMavenResourcesFiltering - skip non existing resourceDirectory C:\Users\2440888\OneDrive - Cognizant\Desktop\Health-Insurance-Claim\health-insurance-claim\src\test\resources
2025-10-17 17:24:31,637 [Worker-104: Building] INFO  o.a.m.s.f.DefaultMavenResourcesFiltering - Copying 0 resource from src\main\resources to target\classes
2025-10-17 17:24:31,787 [Worker-104: Building] INFO  o.a.m.s.f.DefaultMavenResourcesFiltering - Copying 1 resource from src\main\resources to target\classes
2025-10-17 17:24:31,797 [Worker-104: Building] INFO  o.a.m.s.f.DefaultMavenResourcesFiltering - skip non existing resourceDirectory C:\Users\2440888\OneDrive - Cognizant\Desktop\Health-Insurance-Claim\health-insurance-claim\src\test\resources
2025-10-17 17:27:14,224 [Worker-104: Building] INFO  o.a.m.s.f.DefaultMavenResourcesFiltering - Copying 0 resource from src\main\resources to target\classes
2025-10-17 17:27:14,377 [Worker-104: Building] INFO  o.a.m.s.f.DefaultMavenResourcesFiltering - Copying 1 resource from src\main\resources to target\classes
2025-10-17 17:27:14,399 [Worker-104: Building] INFO  o.a.m.s.f.DefaultMavenResourcesFiltering - skip non existing resourceDirectory C:\Users\2440888\OneDrive - Cognizant\Desktop\Health-Insurance-Claim\health-insurance-claim\src\test\resources
2025-10-17 17:30:33,060 [Worker-103: Building] INFO  o.e.m.c.i.l.LifecycleMappingFactory - Using org.eclipse.m2e.jdt.JarLifecycleMapping lifecycle mapping for MavenProject: health-insurance-claim-management-system:health-insurance-claim:0.0.1-SNAPSHOT @ C:\Users\2440888\OneDrive - Cognizant\Desktop\Health-Insurance-Claim\health-insurance-claim\pom.xml.
2025-10-17 17:30:41,012 [Worker-103: Building] INFO  o.a.m.s.f.DefaultMavenResourcesFiltering - Copying 0 resource from src\main\resources to target\classes
2025-10-17 17:30:41,146 [Worker-103: Building] INFO  o.a.m.s.f.DefaultMavenResourcesFiltering - Copying 0 resource from src\main\resources to target\classes
2025-10-17 17:30:41,151 [Worker-103: Building] INFO  o.a.m.s.f.DefaultMavenResourcesFiltering - skip non existing resourceDirectory C:\Users\2440888\OneDrive - Cognizant\Desktop\Health-Insurance-Claim\health-insurance-claim\src\test\resources
2025-10-17 17:30:44,263 [Worker-134: Building] INFO  o.a.m.s.f.DefaultMavenResourcesFiltering - Copying 1 resource from src\main\resources to target\classes
2025-10-17 17:30:44,274 [Worker-134: Building] INFO  o.a.m.s.f.DefaultMavenResourcesFiltering - Copying 27 resources from src\main\resources to target\classes
2025-10-17 17:30:44,455 [Worker-134: Building] INFO  o.a.m.s.f.DefaultMavenResourcesFiltering - skip non existing resourceDirectory C:\Users\2440888\OneDrive - Cognizant\Desktop\Health-Insurance-Claim\health-insurance-claim\src\test\resources
2025-10-17 17:32:16,900 [Worker-120: Building] INFO  o.a.m.s.f.DefaultMavenResourcesFiltering - Copying 1 resource from src\main\resources to target\classes
2025-10-17 17:32:16,920 [Worker-120: Building] INFO  o.a.m.s.f.DefaultMavenResourcesFiltering - Copying 27 resources from src\main\resources to target\classes
2025-10-17 17:32:17,189 [Worker-120: Building] INFO  o.a.m.s.f.DefaultMavenResourcesFiltering - skip non existing resourceDirectory C:\Users\2440888\OneDrive - Cognizant\Desktop\Health-Insurance-Claim\health-insurance-claim\src\test\resources
2025-10-17 17:35:59,475 [Worker-131: Building] INFO  o.a.m.s.f.DefaultMavenResourcesFiltering - Copying 1 resource from src\main\resources to target\classes
2025-10-17 17:35:59,501 [Worker-131: Building] INFO  o.a.m.s.f.DefaultMavenResourcesFiltering - Copying 27 resources from src\main\resources to target\classes
2025-10-17 17:35:59,804 [Worker-131: Building] INFO  o.a.m.s.f.DefaultMavenResourcesFiltering - skip non existing resourceDirectory C:\Users\2440888\OneDrive - Cognizant\Desktop\Health-Insurance-Claim\health-insurance-claim\src\test\resources
2025-10-17 17:38:07,867 [Worker-115: Building] INFO  o.a.m.s.f.DefaultMavenResourcesFiltering - Copying 1 resource from src\main\resources to target\classes
2025-10-17 17:38:07,898 [Worker-115: Building] INFO  o.a.m.s.f.DefaultMavenResourcesFiltering - Copying 27 resources from src\main\resources to target\classes
2025-10-17 17:38:08,243 [Worker-115: Building] INFO  o.a.m.s.f.DefaultMavenResourcesFiltering - skip non existing resourceDirectory C:\Users\2440888\OneDrive - Cognizant\Desktop\Health-Insurance-Claim\health-insurance-claim\src\test\resources
2025-10-20 10:47:26,196 [Worker-3: Loading available Gradle versions] INFO  o.e.b.c.i.u.g.PublishedGradleVersions - Gradle version information cache is out-of-date. Trying to update.
2025-10-20 10:58:28,390 [Worker-22: Building] INFO  o.a.m.s.f.DefaultMavenResourcesFiltering - Copying 1 resource from src\main\resources to target\classes
2025-10-20 10:58:28,457 [Worker-22: Building] INFO  o.a.m.s.f.DefaultMavenResourcesFiltering - Copying 27 resources from src\main\resources to target\classes
2025-10-20 10:58:28,794 [Worker-22: Building] INFO  o.a.m.s.f.DefaultMavenResourcesFiltering - skip non existing resourceDirectory C:\Users\2440888\OneDrive - Cognizant\Desktop\Health-Insurance-Claim\health-insurance-claim\src\test\resources
2025-10-20 11:00:17,785 [Worker-21: Building] INFO  o.a.m.s.f.DefaultMavenResourcesFiltering - Copying 1 resource from src\main\resources to target\classes
2025-10-20 11:00:17,811 [Worker-21: Building] INFO  o.a.m.s.f.DefaultMavenResourcesFiltering - Copying 27 resources from src\main\resources to target\classes
2025-10-20 11:00:18,183 [Worker-21: Building] INFO  o.a.m.s.f.DefaultMavenResourcesFiltering - skip non existing resourceDirectory C:\Users\2440888\OneDrive - Cognizant\Desktop\Health-Insurance-Claim\health-insurance-claim\src\test\resources
2025-10-20 11:03:44,403 [Worker-24: Building] INFO  o.a.m.s.f.DefaultMavenResourcesFiltering - Copying 1 resource from src\main\resources to target\classes
2025-10-20 11:03:44,457 [Worker-24: Building] INFO  o.a.m.s.f.DefaultMavenResourcesFiltering - Copying 27 resources from src\main\resources to target\classes
2025-10-20 11:03:44,831 [Worker-24: Building] INFO  o.a.m.s.f.DefaultMavenResourcesFiltering - skip non existing resourceDirectory C:\Users\2440888\OneDrive - Cognizant\Desktop\Health-Insurance-Claim\health-insurance-claim\src\test\resources
2025-10-20 11:05:11,924 [Worker-21: Building] INFO  o.a.m.s.f.DefaultMavenResourcesFiltering - Copying 1 resource from src\main\resources to target\classes
2025-10-20 11:05:11,967 [Worker-21: Building] INFO  o.a.m.s.f.DefaultMavenResourcesFiltering - Copying 27 resources from src\main\resources to target\classes
2025-10-20 11:05:12,339 [Worker-21: Building] INFO  o.a.m.s.f.DefaultMavenResourcesFiltering - skip non existing resourceDirectory C:\Users\2440888\OneDrive - Cognizant\Desktop\Health-Insurance-Claim\health-insurance-claim\src\test\resources
2025-10-20 11:05:37,071 [Worker-22: Building] INFO  o.a.m.s.f.DefaultMavenResourcesFiltering - Copying 1 resource from src\main\resources to target\classes
2025-10-20 11:05:37,105 [Worker-22: Building] INFO  o.a.m.s.f.DefaultMavenResourcesFiltering - Copying 27 resources from src\main\resources to target\classes
2025-10-20 11:05:37,494 [Worker-22: Building] INFO  o.a.m.s.f.DefaultMavenResourcesFiltering - skip non existing resourceDirectory C:\Users\2440888\OneDrive - Cognizant\Desktop\Health-Insurance-Claim\health-insurance-claim\src\test\resources
2025-10-20 11:06:02,862 [Worker-20: Building] INFO  o.a.m.s.f.DefaultMavenResourcesFiltering - Copying 1 resource from src\main\resources to target\classes
2025-10-20 11:06:02,899 [Worker-20: Building] INFO  o.a.m.s.f.DefaultMavenResourcesFiltering - Copying 27 resources from src\main\resources to target\classes
2025-10-20 11:06:03,289 [Worker-20: Building] INFO  o.a.m.s.f.DefaultMavenResourcesFiltering - skip non existing resourceDirectory C:\Users\2440888\OneDrive - Cognizant\Desktop\Health-Insurance-Claim\health-insurance-claim\src\test\resources
2025-10-20 11:06:27,948 [Worker-24: Building] INFO  o.a.m.s.f.DefaultMavenResourcesFiltering - Copying 1 resource from src\main\resources to target\classes
2025-10-20 11:06:27,975 [Worker-24: Building] INFO  o.a.m.s.f.DefaultMavenResourcesFiltering - Copying 27 resources from src\main\resources to target\classes
2025-10-20 11:06:28,336 [Worker-24: Building] INFO  o.a.m.s.f.DefaultMavenResourcesFiltering - skip non existing resourceDirectory C:\Users\2440888\OneDrive - Cognizant\Desktop\Health-Insurance-Claim\health-insurance-claim\src\test\resources
2025-10-20 11:56:46,909 [Worker-36: Building] INFO  o.a.m.s.f.DefaultMavenResourcesFiltering - Copying 1 resource from src\main\resources to target\classes
2025-10-20 11:56:46,952 [Worker-36: Building] INFO  o.a.m.s.f.DefaultMavenResourcesFiltering - Copying 27 resources from src\main\resources to target\classes
2025-10-20 11:56:47,362 [Worker-36: Building] INFO  o.a.m.s.f.DefaultMavenResourcesFiltering - skip non existing resourceDirectory C:\Users\2440888\OneDrive - Cognizant\Desktop\Health-Insurance-Claim\health-insurance-claim\src\test\resources
2025-10-20 12:03:49,726 [Worker-38: Building] INFO  o.a.m.s.f.DefaultMavenResourcesFiltering - Copying 0 resource from src\main\resources to target\classes
2025-10-20 12:03:49,945 [Worker-38: Building] INFO  o.a.m.s.f.DefaultMavenResourcesFiltering - Copying 0 resource from src\main\resources to target\classes
2025-10-20 12:03:49,951 [Worker-38: Building] INFO  o.a.m.s.f.DefaultMavenResourcesFiltering - skip non existing resourceDirectory C:\Users\2440888\OneDrive - Cognizant\Desktop\Health-Insurance-Claim\health-insurance-claim\src\test\resources
2025-10-20 12:04:17,405 [Worker-41: Building] INFO  o.a.m.s.f.DefaultMavenResourcesFiltering - Copying 0 resource from src\main\resources to target\classes
2025-10-20 12:04:17,578 [Worker-41: Building] INFO  o.a.m.s.f.DefaultMavenResourcesFiltering - Copying 0 resource from src\main\resources to target\classes
2025-10-20 12:04:17,581 [Worker-41: Building] INFO  o.a.m.s.f.DefaultMavenResourcesFiltering - skip non existing resourceDirectory C:\Users\2440888\OneDrive - Cognizant\Desktop\Health-Insurance-Claim\health-insurance-claim\src\test\resources
2025-10-20 12:04:32,390 [Worker-41: Building] INFO  o.a.m.s.f.DefaultMavenResourcesFiltering - Copying 0 resource from src\main\resources to target\classes
2025-10-20 12:04:32,574 [Worker-41: Building] INFO  o.a.m.s.f.DefaultMavenResourcesFiltering - Copying 0 resource from src\main\resources to target\classes
2025-10-20 12:04:32,579 [Worker-41: Building] INFO  o.a.m.s.f.DefaultMavenResourcesFiltering - skip non existing resourceDirectory C:\Users\2440888\OneDrive - Cognizant\Desktop\Health-Insurance-Claim\health-insurance-claim\src\test\resources
2025-10-20 12:04:38,894 [main] INFO  o.e.m.jdt.internal.UnitTestSupport - Updating ClaimServiceTest from maven configuration
2025-10-20 12:04:46,889 [Worker-39: Launching ClaimServiceTest] INFO  o.e.m.c.i.e.AbstractTransferListenerAdapter - Downloading https://repo.maven.apache.org/maven2/org/junit/platform/junit-platform-launcher/1.10.5/junit-platform-launcher-1.10.5.jar
2025-10-20 12:04:47,108 [Worker-39: Launching ClaimServiceTest] INFO  o.e.m.c.i.e.AbstractTransferListenerAdapter - Downloaded https://repo.maven.apache.org/maven2/org/junit/platform/junit-platform-launcher/1.10.5/junit-platform-launcher-1.10.5.jar
2025-10-20 12:06:58,262 [Worker-38: Building] INFO  o.a.m.s.f.DefaultMavenResourcesFiltering - Copying 0 resource from src\main\resources to target\classes
2025-10-20 12:06:58,464 [Worker-38: Building] INFO  o.a.m.s.f.DefaultMavenResourcesFiltering - Copying 0 resource from src\main\resources to target\classes
2025-10-20 12:06:58,468 [Worker-38: Building] INFO  o.a.m.s.f.DefaultMavenResourcesFiltering - skip non existing resourceDirectory C:\Users\2440888\OneDrive - Cognizant\Desktop\Health-Insurance-Claim\health-insurance-claim\src\test\resources
2025-10-20 12:07:29,957 [Worker-38: Building] INFO  o.a.m.s.f.DefaultMavenResourcesFiltering - Copying 0 resource from src\main\resources to target\classes
2025-10-20 12:07:30,133 [Worker-38: Building] INFO  o.a.m.s.f.DefaultMavenResourcesFiltering - Copying 0 resource from src\main\resources to target\classes
2025-10-20 12:07:30,138 [Worker-38: Building] INFO  o.a.m.s.f.DefaultMavenResourcesFiltering - skip non existing resourceDirectory C:\Users\2440888\OneDrive - Cognizant\Desktop\Health-Insurance-Claim\health-insurance-claim\src\test\resources
2025-10-20 12:19:21,104 [Worker-47: Building] INFO  o.a.m.s.f.DefaultMavenResourcesFiltering - Copying 0 resource from src\main\resources to target\classes
2025-10-20 12:19:21,316 [Worker-47: Building] INFO  o.a.m.s.f.DefaultMavenResourcesFiltering - Copying 0 resource from src\main\resources to target\classes
2025-10-20 12:19:21,318 [Worker-47: Building] INFO  o.a.m.s.f.DefaultMavenResourcesFiltering - skip non existing resourceDirectory C:\Users\2440888\OneDrive - Cognizant\Desktop\Health-Insurance-Claim\health-insurance-claim\src\test\resources
2025-10-20 12:19:40,952 [Worker-47: Building] INFO  o.a.m.s.f.DefaultMavenResourcesFiltering - Copying 0 resource from src\main\resources to target\classes
2025-10-20 12:19:41,113 [Worker-47: Building] INFO  o.a.m.s.f.DefaultMavenResourcesFiltering - Copying 0 resource from src\main\resources to target\classes
2025-10-20 12:19:41,114 [Worker-47: Building] INFO  o.a.m.s.f.DefaultMavenResourcesFiltering - skip non existing resourceDirectory C:\Users\2440888\OneDrive - Cognizant\Desktop\Health-Insurance-Claim\health-insurance-claim\src\test\resources
2025-10-20 12:22:40,937 [Worker-47: Building] INFO  o.a.m.s.f.DefaultMavenResourcesFiltering - Copying 0 resource from src\main\resources to target\classes
2025-10-20 12:22:41,126 [Worker-47: Building] INFO  o.a.m.s.f.DefaultMavenResourcesFiltering - Copying 0 resource from src\main\resources to target\classes
2025-10-20 12:22:41,133 [Worker-47: Building] INFO  o.a.m.s.f.DefaultMavenResourcesFiltering - skip non existing resourceDirectory C:\Users\2440888\OneDrive - Cognizant\Desktop\Health-Insurance-Claim\health-insurance-claim\src\test\resources
2025-10-20 12:22:46,245 [main] INFO  o.e.m.jdt.internal.UnitTestSupport - Updating ClaimIntegrationTest from maven configuration
2025-10-20 12:23:28,384 [main] INFO  o.e.m.jdt.internal.UnitTestSupport - Updating ClaimIntegrationTest.testSubmitAndRetrieveClaim from maven configuration
2025-10-20 12:24:39,564 [Worker-52: Building] INFO  o.a.m.s.f.DefaultMavenResourcesFiltering - Copying 1 resource from src\main\resources to target\classes
2025-10-20 12:24:39,588 [Worker-52: Building] INFO  o.a.m.s.f.DefaultMavenResourcesFiltering - Copying 27 resources from src\main\resources to target\classes
2025-10-20 12:24:40,012 [Worker-52: Building] INFO  o.a.m.s.f.DefaultMavenResourcesFiltering - skip non existing resourceDirectory C:\Users\2440888\OneDrive - Cognizant\Desktop\Health-Insurance-Claim\health-insurance-claim\src\test\resources
2025-10-20 12:40:59,710 [Worker-60: Building] INFO  o.a.m.s.f.DefaultMavenResourcesFiltering - Copying 1 resource from src\main\resources to target\classes
2025-10-20 12:40:59,777 [Worker-60: Building] INFO  o.a.m.s.f.DefaultMavenResourcesFiltering - Copying 27 resources from src\main\resources to target\classes
2025-10-20 12:41:00,231 [Worker-60: Building] INFO  o.a.m.s.f.DefaultMavenResourcesFiltering - skip non existing resourceDirectory C:\Users\2440888\OneDrive - Cognizant\Desktop\Health-Insurance-Claim\health-insurance-claim\src\test\resources
2025-10-20 12:41:23,818 [Worker-57: Building] INFO  o.a.m.s.f.DefaultMavenResourcesFiltering - Copying 1 resource from src\main\resources to target\classes
2025-10-20 12:41:23,844 [Worker-57: Building] INFO  o.a.m.s.f.DefaultMavenResourcesFiltering - Copying 27 resources from src\main\resources to target\classes
2025-10-20 12:41:24,264 [Worker-57: Building] INFO  o.a.m.s.f.DefaultMavenResourcesFiltering - skip non existing resourceDirectory C:\Users\2440888\OneDrive - Cognizant\Desktop\Health-Insurance-Claim\health-insurance-claim\src\test\resources
2025-10-20 12:41:38,794 [Worker-61: Building] INFO  o.a.m.s.f.DefaultMavenResourcesFiltering - Copying 1 resource from src\main\resources to target\classes
2025-10-20 12:41:38,824 [Worker-61: Building] INFO  o.a.m.s.f.DefaultMavenResourcesFiltering - Copying 27 resources from src\main\resources to target\classes
2025-10-20 12:41:39,199 [Worker-61: Building] INFO  o.a.m.s.f.DefaultMavenResourcesFiltering - skip non existing resourceDirectory C:\Users\2440888\OneDrive - Cognizant\Desktop\Health-Insurance-Claim\health-insurance-claim\src\test\resources
2025-10-20 12:41:47,076 [Worker-60: Building] INFO  o.a.m.s.f.DefaultMavenResourcesFiltering - Copying 1 resource from src\main\resources to target\classes
2025-10-20 12:41:47,085 [Worker-60: Building] INFO  o.a.m.s.f.DefaultMavenResourcesFiltering - Copying 27 resources from src\main\resources to target\classes
2025-10-20 12:41:47,098 [Worker-60: Building] INFO  o.a.m.s.f.DefaultMavenResourcesFiltering - skip non existing resourceDirectory C:\Users\2440888\OneDrive - Cognizant\Desktop\Health-Insurance-Claim\health-insurance-claim\src\test\resources
2025-10-20 12:42:05,739 [Worker-59: Building] INFO  o.a.m.s.f.DefaultMavenResourcesFiltering - Copying 0 resource from src\main\resources to target\classes
2025-10-20 12:42:05,889 [Worker-59: Building] INFO  o.a.m.s.f.DefaultMavenResourcesFiltering - Copying 0 resource from src\main\resources to target\classes
2025-10-20 12:42:05,892 [Worker-59: Building] INFO  o.a.m.s.f.DefaultMavenResourcesFiltering - skip non existing resourceDirectory C:\Users\2440888\OneDrive - Cognizant\Desktop\Health-Insurance-Claim\health-insurance-claim\src\test\resources
2025-10-20 12:52:48,327 [Worker-69: Building] INFO  o.a.m.s.f.DefaultMavenResourcesFiltering - Copying 1 resource from src\main\resources to target\classes
2025-10-20 12:52:48,374 [Worker-69: Building] INFO  o.a.m.s.f.DefaultMavenResourcesFiltering - Copying 27 resources from src\main\resources to target\classes
2025-10-20 12:52:48,703 [Worker-69: Building] INFO  o.a.m.s.f.DefaultMavenResourcesFiltering - skip non existing resourceDirectory C:\Users\2440888\OneDrive - Cognizant\Desktop\Health-Insurance-Claim\health-insurance-claim\src\test\resources
2025-10-20 12:53:39,586 [Worker-63: Building] INFO  o.a.m.s.f.DefaultMavenResourcesFiltering - Copying 1 resource from src\main\resources to target\classes
2025-10-20 12:53:39,606 [Worker-63: Building] INFO  o.a.m.s.f.DefaultMavenResourcesFiltering - Copying 27 resources from src\main\resources to target\classes
2025-10-20 12:53:39,947 [Worker-63: Building] INFO  o.a.m.s.f.DefaultMavenResourcesFiltering - skip non existing resourceDirectory C:\Users\2440888\OneDrive - Cognizant\Desktop\Health-Insurance-Claim\health-insurance-claim\src\test\resources
2025-10-20 12:53:53,516 [Worker-69: Building] INFO  o.a.m.s.f.DefaultMavenResourcesFiltering - Copying 1 resource from src\main\resources to target\classes
2025-10-20 12:53:53,537 [Worker-69: Building] INFO  o.a.m.s.f.DefaultMavenResourcesFiltering - Copying 27 resources from src\main\resources to target\classes
2025-10-20 12:53:53,913 [Worker-69: Building] INFO  o.a.m.s.f.DefaultMavenResourcesFiltering - skip non existing resourceDirectory C:\Users\2440888\OneDrive - Cognizant\Desktop\Health-Insurance-Claim\health-insurance-claim\src\test\resources
2025-10-20 12:56:57,103 [Worker-70: Building] INFO  o.a.m.s.f.DefaultMavenResourcesFiltering - Copying 1 resource from src\main\resources to target\classes
2025-10-20 12:56:57,131 [Worker-70: Building] INFO  o.a.m.s.f.DefaultMavenResourcesFiltering - Copying 27 resources from src\main\resources to target\classes
2025-10-20 12:56:57,477 [Worker-70: Building] INFO  o.a.m.s.f.DefaultMavenResourcesFiltering - skip non existing resourceDirectory C:\Users\2440888\OneDrive - Cognizant\Desktop\Health-Insurance-Claim\health-insurance-claim\src\test\resources
2025-10-20 12:57:04,514 [Worker-72: Building] INFO  o.a.m.s.f.DefaultMavenResourcesFiltering - Copying 0 resource from src\main\resources to target\classes
2025-10-20 12:57:04,539 [Worker-72: Building] INFO  o.a.m.s.f.DefaultMavenResourcesFiltering - Copying 0 resource from src\main\resources to target\classes
2025-10-20 12:57:04,545 [Worker-72: Building] INFO  o.a.m.s.f.DefaultMavenResourcesFiltering - skip non existing resourceDirectory C:\Users\2440888\OneDrive - Cognizant\Desktop\Health-Insurance-Claim\health-insurance-claim\src\test\resources
2025-10-20 12:57:20,330 [Worker-72: Building] INFO  o.a.m.s.f.DefaultMavenResourcesFiltering - Copying 1 resource from src\main\resources to target\classes
2025-10-20 12:57:20,384 [Worker-72: Building] INFO  o.a.m.s.f.DefaultMavenResourcesFiltering - Copying 27 resources from src\main\resources to target\classes
2025-10-20 12:57:20,864 [Worker-72: Building] INFO  o.a.m.s.f.DefaultMavenResourcesFiltering - skip non existing resourceDirectory C:\Users\2440888\OneDrive - Cognizant\Desktop\Health-Insurance-Claim\health-insurance-claim\src\test\resources
2025-10-20 12:57:28,488 [Worker-63: Building] INFO  o.a.m.s.f.DefaultMavenResourcesFiltering - Copying 0 resource from src\main\resources to target\classes
2025-10-20 12:57:28,498 [Worker-63: Building] INFO  o.a.m.s.f.DefaultMavenResourcesFiltering - Copying 0 resource from src\main\resources to target\classes
2025-10-20 12:57:28,501 [Worker-63: Building] INFO  o.a.m.s.f.DefaultMavenResourcesFiltering - skip non existing resourceDirectory C:\Users\2440888\OneDrive - Cognizant\Desktop\Health-Insurance-Claim\health-insurance-claim\src\test\resources
2025-10-20 13:50:58,594 [Worker-75: Building] INFO  o.a.m.s.f.DefaultMavenResourcesFiltering - Copying 1 resource from src\main\resources to target\classes
2025-10-20 13:50:58,645 [Worker-75: Building] INFO  o.a.m.s.f.DefaultMavenResourcesFiltering - Copying 27 resources from src\main\resources to target\classes
2025-10-20 13:50:59,088 [Worker-75: Building] INFO  o.a.m.s.f.DefaultMavenResourcesFiltering - skip non existing resourceDirectory C:\Users\2440888\OneDrive - Cognizant\Desktop\Health-Insurance-Claim\health-insurance-claim\src\test\resources
2025-10-20 13:51:01,173 [Worker-72: Building] INFO  o.a.m.s.f.DefaultMavenResourcesFiltering - Copying 1 resource from src\main\resources to target\classes
2025-10-20 13:51:01,209 [Worker-72: Building] INFO  o.a.m.s.f.DefaultMavenResourcesFiltering - Copying 27 resources from src\main\resources to target\classes
2025-10-20 13:51:01,271 [Worker-72: Building] INFO  o.a.m.s.f.DefaultMavenResourcesFiltering - skip non existing resourceDirectory C:\Users\2440888\OneDrive - Cognizant\Desktop\Health-Insurance-Claim\health-insurance-claim\src\test\resources
2025-10-20 13:51:23,199 [Worker-75: Building] INFO  o.a.m.s.f.DefaultMavenResourcesFiltering - Copying 1 resource from src\main\resources to target\classes
2025-10-20 13:51:23,245 [Worker-75: Building] INFO  o.a.m.s.f.DefaultMavenResourcesFiltering - Copying 27 resources from src\main\resources to target\classes
2025-10-20 13:51:23,666 [Worker-75: Building] INFO  o.a.m.s.f.DefaultMavenResourcesFiltering - skip non existing resourceDirectory C:\Users\2440888\OneDrive - Cognizant\Desktop\Health-Insurance-Claim\health-insurance-claim\src\test\resources
2025-10-20 13:51:37,717 [Worker-75: Building] INFO  o.a.m.s.f.DefaultMavenResourcesFiltering - Copying 1 resource from src\main\resources to target\classes
2025-10-20 13:51:37,760 [Worker-75: Building] INFO  o.a.m.s.f.DefaultMavenResourcesFiltering - Copying 27 resources from src\main\resources to target\classes
2025-10-20 13:51:38,218 [Worker-75: Building] INFO  o.a.m.s.f.DefaultMavenResourcesFiltering - skip non existing resourceDirectory C:\Users\2440888\OneDrive - Cognizant\Desktop\Health-Insurance-Claim\health-insurance-claim\src\test\resources
2025-10-20 13:52:29,145 [Worker-74: Building] INFO  o.a.m.s.f.DefaultMavenResourcesFiltering - Copying 1 resource from src\main\resources to target\classes
2025-10-20 13:52:29,193 [Worker-74: Building] INFO  o.a.m.s.f.DefaultMavenResourcesFiltering - Copying 27 resources from src\main\resources to target\classes
2025-10-20 13:52:29,667 [Worker-74: Building] INFO  o.a.m.s.f.DefaultMavenResourcesFiltering - skip non existing resourceDirectory C:\Users\2440888\OneDrive - Cognizant\Desktop\Health-Insurance-Claim\health-insurance-claim\src\test\resources
2025-10-20 13:52:31,994 [Worker-78: Building] INFO  o.a.m.s.f.DefaultMavenResourcesFiltering - Copying 1 resource from src\main\resources to target\classes
2025-10-20 13:52:32,040 [Worker-78: Building] INFO  o.a.m.s.f.DefaultMavenResourcesFiltering - Copying 27 resources from src\main\resources to target\classes
2025-10-20 13:52:32,126 [Worker-78: Building] INFO  o.a.m.s.f.DefaultMavenResourcesFiltering - skip non existing resourceDirectory C:\Users\2440888\OneDrive - Cognizant\Desktop\Health-Insurance-Claim\health-insurance-claim\src\test\resources
2025-10-20 13:56:30,391 [Worker-78: Building] INFO  o.e.m.c.i.l.LifecycleMappingFactory - Using org.eclipse.m2e.jdt.JarLifecycleMapping lifecycle mapping for MavenProject: health-insurance-claim-management-system:health-insurance-claim:0.0.1-SNAPSHOT @ C:\Users\2440888\OneDrive - Cognizant\Desktop\Health-Insurance-Claim\health-insurance-claim\pom.xml.
2025-10-20 13:56:43,224 [Worker-78: Building] INFO  o.a.m.s.f.DefaultMavenResourcesFiltering - Copying 0 resource from src\main\resources to target\classes
2025-10-20 13:56:43,433 [Worker-78: Building] INFO  o.a.m.s.f.DefaultMavenResourcesFiltering - Copying 0 resource from src\main\resources to target\classes
2025-10-20 13:56:43,443 [Worker-78: Building] INFO  o.a.m.s.f.DefaultMavenResourcesFiltering - skip non existing resourceDirectory C:\Users\2440888\OneDrive - Cognizant\Desktop\Health-Insurance-Claim\health-insurance-claim\src\test\resources
2025-10-20 13:56:49,491 [Worker-80: Building] INFO  o.a.m.s.f.DefaultMavenResourcesFiltering - Copying 1 resource from src\main\resources to target\classes
2025-10-20 13:56:49,548 [Worker-80: Building] INFO  o.a.m.s.f.DefaultMavenResourcesFiltering - Copying 27 resources from src\main\resources to target\classes
2025-10-20 13:56:49,867 [Worker-80: Building] INFO  o.a.m.s.f.DefaultMavenResourcesFiltering - skip non existing resourceDirectory C:\Users\2440888\OneDrive - Cognizant\Desktop\Health-Insurance-Claim\health-insurance-claim\src\test\resources
2025-10-20 13:57:17,840 [Worker-72: Building] INFO  o.e.m.c.i.l.LifecycleMappingFactory - Using org.eclipse.m2e.jdt.JarLifecycleMapping lifecycle mapping for MavenProject: health-insurance-claim-management-system:health-insurance-claim:0.0.1-SNAPSHOT @ C:\Users\2440888\OneDrive - Cognizant\Desktop\Health-Insurance-Claim\health-insurance-claim\pom.xml.
2025-10-20 13:57:27,725 [Worker-72: Building] INFO  o.a.m.s.f.DefaultMavenResourcesFiltering - Copying 0 resource from src\main\resources to target\classes
2025-10-20 13:57:28,063 [Worker-72: Building] INFO  o.a.m.s.f.DefaultMavenResourcesFiltering - Copying 0 resource from src\main\resources to target\classes
2025-10-20 13:57:28,071 [Worker-72: Building] INFO  o.a.m.s.f.DefaultMavenResourcesFiltering - skip non existing resourceDirectory C:\Users\2440888\OneDrive - Cognizant\Desktop\Health-Insurance-Claim\health-insurance-claim\src\test\resources
2025-10-20 13:57:32,773 [Worker-87: Building] INFO  o.a.m.s.f.DefaultMavenResourcesFiltering - Copying 1 resource from src\main\resources to target\classes
2025-10-20 13:57:32,806 [Worker-87: Building] INFO  o.a.m.s.f.DefaultMavenResourcesFiltering - Copying 27 resources from src\main\resources to target\classes
2025-10-20 13:57:32,963 [Worker-87: Building] INFO  o.a.m.s.f.DefaultMavenResourcesFiltering - skip non existing resourceDirectory C:\Users\2440888\OneDrive - Cognizant\Desktop\Health-Insurance-Claim\health-insurance-claim\src\test\resources
2025-10-20 14:04:49,795 [Worker-83: Building] INFO  o.a.m.s.f.DefaultMavenResourcesFiltering - Copying 1 resource from src\main\resources to target\classes
2025-10-20 14:04:50,035 [Worker-83: Building] INFO  o.a.m.s.f.DefaultMavenResourcesFiltering - Copying 0 resource from src\main\resources to target\classes
2025-10-20 14:04:50,041 [Worker-83: Building] INFO  o.a.m.s.f.DefaultMavenResourcesFiltering - skip non existing resourceDirectory C:\Users\2440888\OneDrive - Cognizant\Desktop\Health-Insurance-Claim\health-insurance-claim\src\test\resources
2025-10-20 14:09:30,139 [Worker-101: Building] INFO  o.a.m.s.f.DefaultMavenResourcesFiltering - Copying 1 resource from src\main\resources to target\classes
2025-10-20 14:09:30,512 [Worker-101: Building] INFO  o.a.m.s.f.DefaultMavenResourcesFiltering - Copying 0 resource from src\main\resources to target\classes
2025-10-20 14:09:30,519 [Worker-101: Building] INFO  o.a.m.s.f.DefaultMavenResourcesFiltering - skip non existing resourceDirectory C:\Users\2440888\OneDrive - Cognizant\Desktop\Health-Insurance-Claim\health-insurance-claim\src\test\resources
2025-10-20 14:12:35,791 [Worker-101: Building] INFO  o.a.m.s.f.DefaultMavenResourcesFiltering - Copying 1 resource from src\main\resources to target\classes
2025-10-20 14:12:36,030 [Worker-101: Building] INFO  o.a.m.s.f.DefaultMavenResourcesFiltering - Copying 0 resource from src\main\resources to target\classes
2025-10-20 14:12:36,035 [Worker-101: Building] INFO  o.a.m.s.f.DefaultMavenResourcesFiltering - skip non existing resourceDirectory C:\Users\2440888\OneDrive - Cognizant\Desktop\Health-Insurance-Claim\health-insurance-claim\src\test\resources
2025-10-20 14:15:59,202 [Worker-74: Building] INFO  o.a.m.s.f.DefaultMavenResourcesFiltering - Copying 1 resource from src\main\resources to target\classes
2025-10-20 14:15:59,463 [Worker-74: Building] INFO  o.a.m.s.f.DefaultMavenResourcesFiltering - Copying 0 resource from src\main\resources to target\classes
2025-10-20 14:15:59,469 [Worker-74: Building] INFO  o.a.m.s.f.DefaultMavenResourcesFiltering - skip non existing resourceDirectory C:\Users\2440888\OneDrive - Cognizant\Desktop\Health-Insurance-Claim\health-insurance-claim\src\test\resources
2025-10-20 14:16:52,281 [Worker-79: Building] INFO  o.a.m.s.f.DefaultMavenResourcesFiltering - Copying 1 resource from src\main\resources to target\classes
2025-10-20 14:16:52,304 [Worker-79: Building] INFO  o.a.m.s.f.DefaultMavenResourcesFiltering - Copying 27 resources from src\main\resources to target\classes
2025-10-20 14:16:52,715 [Worker-79: Building] INFO  o.a.m.s.f.DefaultMavenResourcesFiltering - skip non existing resourceDirectory C:\Users\2440888\OneDrive - Cognizant\Desktop\Health-Insurance-Claim\health-insurance-claim\src\test\resources
2025-10-20 14:17:12,099 [Worker-82: Building] INFO  o.a.m.s.f.DefaultMavenResourcesFiltering - Copying 1 resource from src\main\resources to target\classes
2025-10-20 14:17:12,158 [Worker-82: Building] INFO  o.a.m.s.f.DefaultMavenResourcesFiltering - Copying 27 resources from src\main\resources to target\classes
2025-10-20 14:17:12,683 [Worker-82: Building] INFO  o.a.m.s.f.DefaultMavenResourcesFiltering - skip non existing resourceDirectory C:\Users\2440888\OneDrive - Cognizant\Desktop\Health-Insurance-Claim\health-insurance-claim\src\test\resources
2025-10-20 14:18:42,620 [Worker-85: Building] INFO  o.a.m.s.f.DefaultMavenResourcesFiltering - Copying 1 resource from src\main\resources to target\classes
2025-10-20 14:18:42,861 [Worker-85: Building] INFO  o.a.m.s.f.DefaultMavenResourcesFiltering - Copying 0 resource from src\main\resources to target\classes
2025-10-20 14:18:42,864 [Worker-85: Building] INFO  o.a.m.s.f.DefaultMavenResourcesFiltering - skip non existing resourceDirectory C:\Users\2440888\OneDrive - Cognizant\Desktop\Health-Insurance-Claim\health-insurance-claim\src\test\resources
2025-10-20 14:18:50,004 [Worker-79: Building] INFO  o.a.m.s.f.DefaultMavenResourcesFiltering - Copying 1 resource from src\main\resources to target\classes
2025-10-20 14:18:50,016 [Worker-79: Building] INFO  o.a.m.s.f.DefaultMavenResourcesFiltering - Copying 27 resources from src\main\resources to target\classes
2025-10-20 14:18:50,230 [Worker-79: Building] INFO  o.a.m.s.f.DefaultMavenResourcesFiltering - skip non existing resourceDirectory C:\Users\2440888\OneDrive - Cognizant\Desktop\Health-Insurance-Claim\health-insurance-claim\src\test\resources
2025-10-20 14:40:40,950 [Worker-101: Building] INFO  o.a.m.s.f.DefaultMavenResourcesFiltering - Copying 1 resource from src\main\resources to target\classes
2025-10-20 14:40:40,999 [Worker-101: Building] INFO  o.a.m.s.f.DefaultMavenResourcesFiltering - Copying 27 resources from src\main\resources to target\classes
2025-10-20 14:40:41,463 [Worker-101: Building] INFO  o.a.m.s.f.DefaultMavenResourcesFiltering - skip non existing resourceDirectory C:\Users\2440888\OneDrive - Cognizant\Desktop\Health-Insurance-Claim\health-insurance-claim\src\test\resources
2025-10-20 14:41:24,611 [Worker-83: Building] INFO  o.a.m.s.f.DefaultMavenResourcesFiltering - Copying 1 resource from src\main\resources to target\classes
2025-10-20 14:41:24,659 [Worker-83: Building] INFO  o.a.m.s.f.DefaultMavenResourcesFiltering - Copying 27 resources from src\main\resources to target\classes
2025-10-20 14:41:25,035 [Worker-83: Building] INFO  o.a.m.s.f.DefaultMavenResourcesFiltering - skip non existing resourceDirectory C:\Users\2440888\OneDrive - Cognizant\Desktop\Health-Insurance-Claim\health-insurance-claim\src\test\resources
2025-10-20 15:03:19,291 [Worker-101: Building] INFO  o.a.m.s.f.DefaultMavenResourcesFiltering - Copying 1 resource from src\main\resources to target\classes
2025-10-20 15:03:19,323 [Worker-101: Building] INFO  o.a.m.s.f.DefaultMavenResourcesFiltering - Copying 27 resources from src\main\resources to target\classes
2025-10-20 15:03:19,697 [Worker-101: Building] INFO  o.a.m.s.f.DefaultMavenResourcesFiltering - skip non existing resourceDirectory C:\Users\2440888\OneDrive - Cognizant\Desktop\Health-Insurance-Claim\health-insurance-claim\src\test\resources
2025-10-20 15:03:27,701 [Worker-83: Building] INFO  o.a.m.s.f.DefaultMavenResourcesFiltering - Copying 1 resource from src\main\resources to target\classes
2025-10-20 15:03:27,715 [Worker-83: Building] INFO  o.a.m.s.f.DefaultMavenResourcesFiltering - Copying 27 resources from src\main\resources to target\classes
2025-10-20 15:03:27,727 [Worker-83: Building] INFO  o.a.m.s.f.DefaultMavenResourcesFiltering - skip non existing resourceDirectory C:\Users\2440888\OneDrive - Cognizant\Desktop\Health-Insurance-Claim\health-insurance-claim\src\test\resources
2025-10-20 15:03:32,009 [Worker-83: Building] INFO  o.a.m.s.f.DefaultMavenResourcesFiltering - Copying 1 resource from src\main\resources to target\classes
2025-10-20 15:03:32,036 [Worker-83: Building] INFO  o.a.m.s.f.DefaultMavenResourcesFiltering - Copying 27 resources from src\main\resources to target\classes
2025-10-20 15:03:32,407 [Worker-83: Building] INFO  o.a.m.s.f.DefaultMavenResourcesFiltering - skip non existing resourceDirectory C:\Users\2440888\OneDrive - Cognizant\Desktop\Health-Insurance-Claim\health-insurance-claim\src\test\resources
2025-10-21 07:48:18,160 [Worker-109: Building] INFO  o.a.m.s.f.DefaultMavenResourcesFiltering - Copying 1 resource from src\main\resources to target\classes
2025-10-21 07:48:18,243 [Worker-109: Building] INFO  o.a.m.s.f.DefaultMavenResourcesFiltering - Copying 27 resources from src\main\resources to target\classes
2025-10-21 07:48:18,631 [Worker-109: Building] INFO  o.a.m.s.f.DefaultMavenResourcesFiltering - skip non existing resourceDirectory C:\Users\2440888\OneDrive - Cognizant\Desktop\Health-Insurance-Claim\health-insurance-claim\src\test\resources
2025-10-21 07:49:47,273 [Worker-110: Building] INFO  o.a.m.s.f.DefaultMavenResourcesFiltering - Copying 1 resource from src\main\resources to target\classes
2025-10-21 07:49:47,295 [Worker-110: Building] INFO  o.a.m.s.f.DefaultMavenResourcesFiltering - Copying 27 resources from src\main\resources to target\classes
2025-10-21 07:49:47,636 [Worker-110: Building] INFO  o.a.m.s.f.DefaultMavenResourcesFiltering - skip non existing resourceDirectory C:\Users\2440888\OneDrive - Cognizant\Desktop\Health-Insurance-Claim\health-insurance-claim\src\test\resources
2025-10-21 07:54:42,325 [Worker-103: Building] INFO  o.a.m.s.f.DefaultMavenResourcesFiltering - Copying 1 resource from src\main\resources to target\classes
2025-10-21 07:54:42,366 [Worker-103: Building] INFO  o.a.m.s.f.DefaultMavenResourcesFiltering - Copying 27 resources from src\main\resources to target\classes
2025-10-21 07:54:42,686 [Worker-103: Building] INFO  o.a.m.s.f.DefaultMavenResourcesFiltering - skip non existing resourceDirectory C:\Users\2440888\OneDrive - Cognizant\Desktop\Health-Insurance-Claim\health-insurance-claim\src\test\resources
2025-10-21 07:55:03,046 [Worker-105: Building] INFO  o.a.m.s.f.DefaultMavenResourcesFiltering - Copying 1 resource from src\main\resources to target\classes
2025-10-21 07:55:03,089 [Worker-105: Building] INFO  o.a.m.s.f.DefaultMavenResourcesFiltering - Copying 27 resources from src\main\resources to target\classes
2025-10-21 07:55:03,534 [Worker-105: Building] INFO  o.a.m.s.f.DefaultMavenResourcesFiltering - skip non existing resourceDirectory C:\Users\2440888\OneDrive - Cognizant\Desktop\Health-Insurance-Claim\health-insurance-claim\src\test\resources
2025-10-21 07:58:01,856 [Worker-108: Building] INFO  o.a.m.s.f.DefaultMavenResourcesFiltering - Copying 1 resource from src\main\resources to target\classes
2025-10-21 07:58:01,887 [Worker-108: Building] INFO  o.a.m.s.f.DefaultMavenResourcesFiltering - Copying 27 resources from src\main\resources to target\classes
2025-10-21 07:58:02,193 [Worker-108: Building] INFO  o.a.m.s.f.DefaultMavenResourcesFiltering - skip non existing resourceDirectory C:\Users\2440888\OneDrive - Cognizant\Desktop\Health-Insurance-Claim\health-insurance-claim\src\test\resources
2025-10-21 08:03:12,380 [Worker-103: Building] INFO  o.a.m.s.f.DefaultMavenResourcesFiltering - Copying 1 resource from src\main\resources to target\classes
2025-10-21 08:03:12,418 [Worker-103: Building] INFO  o.a.m.s.f.DefaultMavenResourcesFiltering - Copying 27 resources from src\main\resources to target\classes
2025-10-21 08:03:12,779 [Worker-103: Building] INFO  o.a.m.s.f.DefaultMavenResourcesFiltering - skip non existing resourceDirectory C:\Users\2440888\OneDrive - Cognizant\Desktop\Health-Insurance-Claim\health-insurance-claim\src\test\resources
2025-10-21 08:42:54,597 [Worker-105: Building] INFO  o.a.m.s.f.DefaultMavenResourcesFiltering - Copying 1 resource from src\main\resources to target\classes
2025-10-21 08:42:54,646 [Worker-105: Building] INFO  o.a.m.s.f.DefaultMavenResourcesFiltering - Copying 27 resources from src\main\resources to target\classes
2025-10-21 08:42:55,118 [Worker-105: Building] INFO  o.a.m.s.f.DefaultMavenResourcesFiltering - skip non existing resourceDirectory C:\Users\2440888\OneDrive - Cognizant\Desktop\Health-Insurance-Claim\health-insurance-claim\src\test\resources
2025-10-21 08:43:13,614 [Worker-103: Building] INFO  o.a.m.s.f.DefaultMavenResourcesFiltering - Copying 1 resource from src\main\resources to target\classes
2025-10-21 08:43:13,646 [Worker-103: Building] INFO  o.a.m.s.f.DefaultMavenResourcesFiltering - Copying 27 resources from src\main\resources to target\classes
2025-10-21 08:43:14,012 [Worker-103: Building] INFO  o.a.m.s.f.DefaultMavenResourcesFiltering - skip non existing resourceDirectory C:\Users\2440888\OneDrive - Cognizant\Desktop\Health-Insurance-Claim\health-insurance-claim\src\test\resources
2025-10-21 08:43:26,604 [Worker-114: Building] INFO  o.a.m.s.f.DefaultMavenResourcesFiltering - Copying 1 resource from src\main\resources to target\classes
2025-10-21 08:43:26,640 [Worker-114: Building] INFO  o.a.m.s.f.DefaultMavenResourcesFiltering - Copying 27 resources from src\main\resources to target\classes
2025-10-21 08:43:27,019 [Worker-114: Building] INFO  o.a.m.s.f.DefaultMavenResourcesFiltering - skip non existing resourceDirectory C:\Users\2440888\OneDrive - Cognizant\Desktop\Health-Insurance-Claim\health-insurance-claim\src\test\resources
2025-10-21 08:48:36,434 [Worker-111: Building] INFO  o.a.m.s.f.DefaultMavenResourcesFiltering - Copying 1 resource from src\main\resources to target\classes
2025-10-21 08:48:36,493 [Worker-111: Building] INFO  o.a.m.s.f.DefaultMavenResourcesFiltering - Copying 27 resources from src\main\resources to target\classes
2025-10-21 08:48:36,832 [Worker-111: Building] INFO  o.a.m.s.f.DefaultMavenResourcesFiltering - skip non existing resourceDirectory C:\Users\2440888\OneDrive - Cognizant\Desktop\Health-Insurance-Claim\health-insurance-claim\src\test\resources
2025-10-21 08:57:45,586 [Worker-114: Building] INFO  o.a.m.s.f.DefaultMavenResourcesFiltering - Copying 1 resource from src\main\resources to target\classes
2025-10-21 08:57:45,657 [Worker-114: Building] INFO  o.a.m.s.f.DefaultMavenResourcesFiltering - Copying 27 resources from src\main\resources to target\classes
2025-10-21 08:57:46,071 [Worker-114: Building] INFO  o.a.m.s.f.DefaultMavenResourcesFiltering - skip non existing resourceDirectory C:\Users\2440888\OneDrive - Cognizant\Desktop\Health-Insurance-Claim\health-insurance-claim\src\test\resources
2025-10-21 08:58:23,185 [Worker-111: Building] INFO  o.a.m.s.f.DefaultMavenResourcesFiltering - Copying 1 resource from src\main\resources to target\classes
2025-10-21 08:58:23,207 [Worker-111: Building] INFO  o.a.m.s.f.DefaultMavenResourcesFiltering - Copying 27 resources from src\main\resources to target\classes
2025-10-21 08:58:23,534 [Worker-111: Building] INFO  o.a.m.s.f.DefaultMavenResourcesFiltering - skip non existing resourceDirectory C:\Users\2440888\OneDrive - Cognizant\Desktop\Health-Insurance-Claim\health-insurance-claim\src\test\resources
2025-10-21 09:03:34,131 [Worker-108: Building] INFO  o.a.m.s.f.DefaultMavenResourcesFiltering - Copying 0 resource from src\main\resources to target\classes
2025-10-21 09:03:34,390 [Worker-108: Building] INFO  o.a.m.s.f.DefaultMavenResourcesFiltering - Copying 1 resource from src\main\resources to target\classes
2025-10-21 09:03:34,416 [Worker-108: Building] INFO  o.a.m.s.f.DefaultMavenResourcesFiltering - skip non existing resourceDirectory C:\Users\2440888\OneDrive - Cognizant\Desktop\Health-Insurance-Claim\health-insurance-claim\src\test\resources
2025-10-21 09:25:47,854 [Worker-108: Building] INFO  o.a.m.s.f.DefaultMavenResourcesFiltering - Copying 1 resource from src\main\resources to target\classes
2025-10-21 09:25:47,907 [Worker-108: Building] INFO  o.a.m.s.f.DefaultMavenResourcesFiltering - Copying 27 resources from src\main\resources to target\classes
2025-10-21 09:25:48,322 [Worker-108: Building] INFO  o.a.m.s.f.DefaultMavenResourcesFiltering - skip non existing resourceDirectory C:\Users\2440888\OneDrive - Cognizant\Desktop\Health-Insurance-Claim\health-insurance-claim\src\test\resources
2025-10-21 09:27:19,231 [Worker-105: Building] INFO  o.a.m.s.f.DefaultMavenResourcesFiltering - Copying 1 resource from src\main\resources to target\classes
2025-10-21 09:27:19,264 [Worker-105: Building] INFO  o.a.m.s.f.DefaultMavenResourcesFiltering - Copying 27 resources from src\main\resources to target\classes
2025-10-21 09:27:19,606 [Worker-105: Building] INFO  o.a.m.s.f.DefaultMavenResourcesFiltering - skip non existing resourceDirectory C:\Users\2440888\OneDrive - Cognizant\Desktop\Health-Insurance-Claim\health-insurance-claim\src\test\resources
2025-10-21 09:31:10,670 [Worker-113: Building] INFO  o.a.m.s.f.DefaultMavenResourcesFiltering - Copying 1 resource from src\main\resources to target\classes
2025-10-21 09:31:10,714 [Worker-113: Building] INFO  o.a.m.s.f.DefaultMavenResourcesFiltering - Copying 27 resources from src\main\resources to target\classes
2025-10-21 09:31:11,176 [Worker-113: Building] INFO  o.a.m.s.f.DefaultMavenResourcesFiltering - skip non existing resourceDirectory C:\Users\2440888\OneDrive - Cognizant\Desktop\Health-Insurance-Claim\health-insurance-claim\src\test\resources
2025-10-21 09:33:08,632 [Worker-115: Building] INFO  o.e.m.c.i.l.LifecycleMappingFactory - Using org.eclipse.m2e.jdt.JarLifecycleMapping lifecycle mapping for MavenProject: com.example.genc:department-service:0.0.1-SNAPSHOT @ C:\Users\2440888\OneDrive - Cognizant\Desktop\Health-Insurance-Claim\security\pom.xml.
2025-10-21 09:33:17,772 [Worker-115: Building] INFO  o.a.m.s.f.DefaultMavenResourcesFiltering - Copying 1 resource from src\main\resources to target\classes
2025-10-21 09:33:17,796 [Worker-115: Building] INFO  o.a.m.s.f.DefaultMavenResourcesFiltering - Copying 0 resource from src\main\resources to target\classes
2025-10-21 09:33:17,800 [Worker-115: Building] INFO  o.a.m.s.f.DefaultMavenResourcesFiltering - skip non existing resourceDirectory C:\Users\2440888\OneDrive - Cognizant\Desktop\Health-Insurance-Claim\security\src\test\resources
2025-10-21 09:33:19,495 [Worker-114: Building] INFO  o.a.m.s.f.DefaultMavenResourcesFiltering - Copying 1 resource from src\main\resources to target\classes
2025-10-21 09:33:19,499 [Worker-114: Building] INFO  o.a.m.s.f.DefaultMavenResourcesFiltering - Copying 0 resource from src\main\resources to target\classes
2025-10-21 09:33:19,504 [Worker-114: Building] INFO  o.a.m.s.f.DefaultMavenResourcesFiltering - skip non existing resourceDirectory C:\Users\2440888\OneDrive - Cognizant\Desktop\Health-Insurance-Claim\security\src\test\resources
2025-10-21 09:34:46,937 [Worker-114: Building] INFO  o.a.m.s.f.DefaultMavenResourcesFiltering - Copying 1 resource from src\main\resources to target\classes
2025-10-21 09:34:46,971 [Worker-114: Building] INFO  o.a.m.s.f.DefaultMavenResourcesFiltering - Copying 0 resource from src\main\resources to target\classes
2025-10-21 09:34:46,976 [Worker-114: Building] INFO  o.a.m.s.f.DefaultMavenResourcesFiltering - skip non existing resourceDirectory C:\Users\2440888\OneDrive - Cognizant\Desktop\Health-Insurance-Claim\employee-service\src\test\resources
2025-10-21 09:36:56,374 [Worker-116: Building] INFO  o.e.m.c.i.l.LifecycleMappingFactory - Using org.eclipse.m2e.jdt.JarLifecycleMapping lifecycle mapping for MavenProject: com.example.genc:department-service:0.0.1-SNAPSHOT @ C:\Users\2440888\OneDrive - Cognizant\Desktop\Health-Insurance-Claim\security\pom.xml.
2025-10-21 09:37:03,914 [Worker-116: Building] INFO  o.e.m.c.i.e.AbstractTransferListenerAdapter - Downloading https://repo.maven.apache.org/maven2/org/springframework/security/spring-security-test/6.5.5/spring-security-test-6.5.5.pom
2025-10-21 09:37:03,960 [Worker-116: Building] INFO  o.e.m.c.i.e.AbstractTransferListenerAdapter - Downloaded https://repo.maven.apache.org/maven2/org/springframework/security/spring-security-test/6.5.5/spring-security-test-6.5.5.pom
2025-10-21 09:37:04,492 [Worker-116: Building] INFO  o.e.m.c.i.e.AbstractTransferListenerAdapter - Downloading https://repo.maven.apache.org/maven2/org/springframework/security/spring-security-test/6.5.5/spring-security-test-6.5.5.jar
2025-10-21 09:37:04,701 [Worker-116: Building] INFO  o.e.m.c.i.e.AbstractTransferListenerAdapter - Downloaded https://repo.maven.apache.org/maven2/org/springframework/security/spring-security-test/6.5.5/spring-security-test-6.5.5.jar
2025-10-21 09:37:07,222 [Worker-116: Building] INFO  o.a.m.s.f.DefaultMavenResourcesFiltering - Copying 0 resource from src\main\resources to target\classes
2025-10-21 09:37:07,224 [Worker-116: Building] INFO  o.a.m.s.f.DefaultMavenResourcesFiltering - Copying 0 resource from src\main\resources to target\classes
2025-10-21 09:37:07,227 [Worker-116: Building] INFO  o.a.m.s.f.DefaultMavenResourcesFiltering - skip non existing resourceDirectory C:\Users\2440888\OneDrive - Cognizant\Desktop\Health-Insurance-Claim\security\src\test\resources
2025-10-21 09:37:07,547 [Worker-113: Download sources and javadoc] INFO  o.e.m.c.i.e.AbstractTransferListenerAdapter - Downloading https://repo.maven.apache.org/maven2/org/springframework/security/spring-security-test/6.5.5/spring-security-test-6.5.5-sources.jar
2025-10-21 09:37:07,591 [Worker-114: Updating Maven Project] INFO  o.e.m.c.i.p.ProjectConfigurationManager - Update started
2025-10-21 09:37:07,668 [Worker-113: Download sources and javadoc] INFO  o.e.m.c.i.e.AbstractTransferListenerAdapter - Downloaded https://repo.maven.apache.org/maven2/org/springframework/security/spring-security-test/6.5.5/spring-security-test-6.5.5-sources.jar
2025-10-21 09:37:07,678 [Worker-113: Download sources and javadoc] INFO  o.e.m.j.internal.DownloadSourcesJob - Downloaded sources for org.springframework.security:spring-security-test:6.5.5
2025-10-21 09:37:10,083 [Worker-114: Updating Maven Project] INFO  o.e.m.c.i.l.LifecycleMappingFactory - Using org.eclipse.m2e.jdt.JarLifecycleMapping lifecycle mapping for MavenProject: com.example.genc:department-service:0.0.1-SNAPSHOT @ C:\Users\2440888\OneDrive - Cognizant\Desktop\Health-Insurance-Claim\security\pom.xml.
2025-10-21 09:37:18,487 [Worker-114: Updating Maven Project] INFO  o.e.m.j.i.AbstractJavaProjectConfigurator - Adding source folder /security/src/main/java
2025-10-21 09:37:18,491 [Worker-114: Updating Maven Project] INFO  o.e.m.j.i.AbstractJavaProjectConfigurator - Adding resource folder /security/src/main/resources
2025-10-21 09:37:18,497 [Worker-114: Updating Maven Project] INFO  o.e.m.j.i.AbstractJavaProjectConfigurator - Adding resource folder /security/src/main/resources
2025-10-21 09:37:18,499 [Worker-114: Updating Maven Project] INFO  o.e.m.j.i.AbstractJavaProjectConfigurator - Adding source folder /security/src/test/java
2025-10-21 09:37:18,502 [Worker-114: Updating Maven Project] INFO  o.e.m.j.i.AbstractJavaProjectConfigurator - Adding resource folder /security/src/test/resources
2025-10-21 09:37:19,216 [Worker-114: Updating Maven Project] INFO  o.e.m.c.i.p.ProjectConfigurationManager - Update completed for 1 poms: local refresh takes 0.00 sec, refresh facades takes 10.00 sec, update config takes 0.00 sec 
2025-10-21 09:37:20,477 [Worker-119: Building] INFO  o.a.m.s.f.DefaultMavenResourcesFiltering - Copying 1 resource from src\main\resources to target\classes
2025-10-21 09:37:20,528 [Worker-119: Building] INFO  o.a.m.s.f.DefaultMavenResourcesFiltering - Copying 0 resource from src\main\resources to target\classes
2025-10-21 09:37:20,537 [Worker-119: Building] INFO  o.a.m.s.f.DefaultMavenResourcesFiltering - skip non existing resourceDirectory C:\Users\2440888\OneDrive - Cognizant\Desktop\Health-Insurance-Claim\security\src\test\resources
2025-10-21 09:37:21,793 [Worker-114: Building] INFO  o.a.m.s.f.DefaultMavenResourcesFiltering - Copying 1 resource from src\main\resources to target\classes
2025-10-21 09:37:21,807 [Worker-114: Building] INFO  o.a.m.s.f.DefaultMavenResourcesFiltering - Copying 0 resource from src\main\resources to target\classes
2025-10-21 09:37:21,813 [Worker-114: Building] INFO  o.a.m.s.f.DefaultMavenResourcesFiltering - skip non existing resourceDirectory C:\Users\2440888\OneDrive - Cognizant\Desktop\Health-Insurance-Claim\security\src\test\resources
2025-10-21 09:40:36,888 [Worker-115: Building] INFO  o.a.m.s.f.DefaultMavenResourcesFiltering - Copying 1 resource from src\main\resources to target\classes
2025-10-21 09:40:36,918 [Worker-115: Building] INFO  o.a.m.s.f.DefaultMavenResourcesFiltering - Copying 0 resource from src\main\resources to target\classes
2025-10-21 09:40:36,922 [Worker-115: Building] INFO  o.a.m.s.f.DefaultMavenResourcesFiltering - skip non existing resourceDirectory C:\Users\2440888\OneDrive - Cognizant\Desktop\Health-Insurance-Claim\security\src\test\resources
2025-10-21 09:44:31,064 [Worker-112: Building] INFO  o.a.m.s.f.DefaultMavenResourcesFiltering - Copying 1 resource from src\main\resources to target\classes
2025-10-21 09:44:31,084 [Worker-112: Building] INFO  o.a.m.s.f.DefaultMavenResourcesFiltering - Copying 0 resource from src\main\resources to target\classes
2025-10-21 09:44:31,086 [Worker-112: Building] INFO  o.a.m.s.f.DefaultMavenResourcesFiltering - skip non existing resourceDirectory C:\Users\2440888\OneDrive - Cognizant\Desktop\Health-Insurance-Claim\security\src\test\resources
2025-10-21 09:45:42,853 [Worker-117: Building] INFO  o.a.m.s.f.DefaultMavenResourcesFiltering - Copying 1 resource from src\main\resources to target\classes
2025-10-21 09:45:42,874 [Worker-117: Building] INFO  o.a.m.s.f.DefaultMavenResourcesFiltering - Copying 0 resource from src\main\resources to target\classes
2025-10-21 09:45:42,877 [Worker-117: Building] INFO  o.a.m.s.f.DefaultMavenResourcesFiltering - skip non existing resourceDirectory C:\Users\2440888\OneDrive - Cognizant\Desktop\Health-Insurance-Claim\security\src\test\resources
2025-10-21 09:46:18,371 [Worker-115: Building] INFO  o.a.m.s.f.DefaultMavenResourcesFiltering - Copying 1 resource from src\main\resources to target\classes
2025-10-21 09:46:18,405 [Worker-115: Building] INFO  o.a.m.s.f.DefaultMavenResourcesFiltering - Copying 0 resource from src\main\resources to target\classes
2025-10-21 09:46:18,415 [Worker-115: Building] INFO  o.a.m.s.f.DefaultMavenResourcesFiltering - skip non existing resourceDirectory C:\Users\2440888\OneDrive - Cognizant\Desktop\Health-Insurance-Claim\security\src\test\resources
2025-10-21 09:46:43,342 [Worker-119: Building] INFO  o.a.m.s.f.DefaultMavenResourcesFiltering - Copying 1 resource from src\main\resources to target\classes
2025-10-21 09:46:43,355 [Worker-119: Building] INFO  o.a.m.s.f.DefaultMavenResourcesFiltering - Copying 0 resource from src\main\resources to target\classes
2025-10-21 09:46:43,358 [Worker-119: Building] INFO  o.a.m.s.f.DefaultMavenResourcesFiltering - skip non existing resourceDirectory C:\Users\2440888\OneDrive - Cognizant\Desktop\Health-Insurance-Claim\security\src\test\resources
2025-10-21 09:47:38,502 [Worker-111: Building] INFO  o.e.m.c.i.l.LifecycleMappingFactory - Using org.eclipse.m2e.jdt.JarLifecycleMapping lifecycle mapping for MavenProject: com.example.genc:security:0.0.1-SNAPSHOT @ C:\Users\2440888\OneDrive - Cognizant\Desktop\Health-Insurance-Claim\security\pom.xml.
2025-10-21 09:47:41,306 [Worker-111: Building] INFO  o.a.m.s.f.DefaultMavenResourcesFiltering - Copying 0 resource from src\main\resources to target\classes
2025-10-21 09:47:41,308 [Worker-111: Building] INFO  o.a.m.s.f.DefaultMavenResourcesFiltering - Copying 0 resource from src\main\resources to target\classes
2025-10-21 09:47:41,314 [Worker-111: Building] INFO  o.a.m.s.f.DefaultMavenResourcesFiltering - skip non existing resourceDirectory C:\Users\2440888\OneDrive - Cognizant\Desktop\Health-Insurance-Claim\security\src\test\resources
2025-10-21 09:47:56,561 [Worker-103: Building] INFO  o.a.m.s.f.DefaultMavenResourcesFiltering - Copying 1 resource from src\main\resources to target\classes
2025-10-21 09:47:56,596 [Worker-103: Building] INFO  o.a.m.s.f.DefaultMavenResourcesFiltering - Copying 0 resource from src\main\resources to target\classes
2025-10-21 09:47:56,598 [Worker-103: Building] INFO  o.a.m.s.f.DefaultMavenResourcesFiltering - skip non existing resourceDirectory C:\Users\2440888\OneDrive - Cognizant\Desktop\Health-Insurance-Claim\security\src\test\resources
2025-10-21 09:48:19,168 [Worker-108: Building] INFO  o.a.m.s.f.DefaultMavenResourcesFiltering - Copying 1 resource from src\main\resources to target\classes
2025-10-21 09:48:19,192 [Worker-108: Building] INFO  o.a.m.s.f.DefaultMavenResourcesFiltering - Copying 0 resource from src\main\resources to target\classes
2025-10-21 09:48:19,198 [Worker-108: Building] INFO  o.a.m.s.f.DefaultMavenResourcesFiltering - skip non existing resourceDirectory C:\Users\2440888\OneDrive - Cognizant\Desktop\Health-Insurance-Claim\security\src\test\resources
2025-10-21 09:50:21,869 [Worker-116: Building] INFO  o.e.m.c.i.l.LifecycleMappingFactory - Using org.eclipse.m2e.jdt.JarLifecycleMapping lifecycle mapping for MavenProject: com.example.genc:security:0.0.1-SNAPSHOT @ C:\Users\2440888\OneDrive - Cognizant\Desktop\Health-Insurance-Claim\security\pom.xml.
2025-10-21 09:50:27,939 [Worker-116: Building] INFO  o.a.m.s.f.DefaultMavenResourcesFiltering - Copying 0 resource from src\main\resources to target\classes
2025-10-21 09:50:27,941 [Worker-116: Building] INFO  o.a.m.s.f.DefaultMavenResourcesFiltering - Copying 0 resource from src\main\resources to target\classes
2025-10-21 09:50:27,945 [Worker-116: Building] INFO  o.a.m.s.f.DefaultMavenResourcesFiltering - skip non existing resourceDirectory C:\Users\2440888\OneDrive - Cognizant\Desktop\Health-Insurance-Claim\security\src\test\resources
2025-10-21 09:50:29,527 [Worker-118: Building] INFO  o.a.m.s.f.DefaultMavenResourcesFiltering - Copying 1 resource from src\main\resources to target\classes
2025-10-21 09:50:29,546 [Worker-118: Building] INFO  o.a.m.s.f.DefaultMavenResourcesFiltering - Copying 0 resource from src\main\resources to target\classes
2025-10-21 09:50:29,552 [Worker-118: Building] INFO  o.a.m.s.f.DefaultMavenResourcesFiltering - skip non existing resourceDirectory C:\Users\2440888\OneDrive - Cognizant\Desktop\Health-Insurance-Claim\security\src\test\resources
2025-10-21 09:54:35,500 [Worker-112: Building] INFO  o.a.m.s.f.DefaultMavenResourcesFiltering - Copying 1 resource from src\main\resources to target\classes
2025-10-21 09:54:35,552 [Worker-112: Building] INFO  o.a.m.s.f.DefaultMavenResourcesFiltering - Copying 0 resource from src\main\resources to target\classes
2025-10-21 09:54:35,556 [Worker-112: Building] INFO  o.a.m.s.f.DefaultMavenResourcesFiltering - skip non existing resourceDirectory C:\Users\2440888\OneDrive - Cognizant\Desktop\Health-Insurance-Claim\security\src\test\resources
2025-10-21 09:55:31,676 [Worker-118: Building] INFO  o.a.m.s.f.DefaultMavenResourcesFiltering - Copying 1 resource from src\main\resources to target\classes
2025-10-21 09:55:31,702 [Worker-118: Building] INFO  o.a.m.s.f.DefaultMavenResourcesFiltering - Copying 0 resource from src\main\resources to target\classes
2025-10-21 09:55:31,706 [Worker-118: Building] INFO  o.a.m.s.f.DefaultMavenResourcesFiltering - skip non existing resourceDirectory C:\Users\2440888\OneDrive - Cognizant\Desktop\Health-Insurance-Claim\security\src\test\resources
2025-10-21 09:59:22,313 [Worker-119: Building] INFO  o.a.m.s.f.DefaultMavenResourcesFiltering - Copying 1 resource from src\main\resources to target\classes
2025-10-21 09:59:22,352 [Worker-119: Building] INFO  o.a.m.s.f.DefaultMavenResourcesFiltering - Copying 27 resources from src\main\resources to target\classes
2025-10-21 09:59:22,747 [Worker-119: Building] INFO  o.a.m.s.f.DefaultMavenResourcesFiltering - skip non existing resourceDirectory C:\Users\2440888\OneDrive - Cognizant\Desktop\Health-Insurance-Claim\health-insurance-claim\src\test\resources
2025-10-21 09:59:29,028 [Worker-111: Building] INFO  o.a.m.s.f.DefaultMavenResourcesFiltering - Copying 1 resource from src\main\resources to target\classes
2025-10-21 09:59:29,041 [Worker-111: Building] INFO  o.a.m.s.f.DefaultMavenResourcesFiltering - Copying 27 resources from src\main\resources to target\classes
2025-10-21 09:59:29,098 [Worker-111: Building] INFO  o.a.m.s.f.DefaultMavenResourcesFiltering - skip non existing resourceDirectory C:\Users\2440888\OneDrive - Cognizant\Desktop\Health-Insurance-Claim\health-insurance-claim\src\test\resources
2025-10-21 09:59:31,920 [Worker-115: Building] INFO  o.a.m.s.f.DefaultMavenResourcesFiltering - Copying 1 resource from src\main\resources to target\classes
2025-10-21 09:59:31,934 [Worker-115: Building] INFO  o.a.m.s.f.DefaultMavenResourcesFiltering - Copying 27 resources from src\main\resources to target\classes
2025-10-21 09:59:31,956 [Worker-115: Building] INFO  o.a.m.s.f.DefaultMavenResourcesFiltering - skip non existing resourceDirectory C:\Users\2440888\OneDrive - Cognizant\Desktop\Health-Insurance-Claim\health-insurance-claim\src\test\resources
2025-10-21 09:59:37,402 [Worker-118: Building] INFO  o.a.m.s.f.DefaultMavenResourcesFiltering - Copying 1 resource from src\main\resources to target\classes
2025-10-21 09:59:37,442 [Worker-118: Building] INFO  o.a.m.s.f.DefaultMavenResourcesFiltering - Copying 27 resources from src\main\resources to target\classes
2025-10-21 09:59:37,769 [Worker-118: Building] INFO  o.a.m.s.f.DefaultMavenResourcesFiltering - skip non existing resourceDirectory C:\Users\2440888\OneDrive - Cognizant\Desktop\Health-Insurance-Claim\health-insurance-claim\src\test\resources
2025-10-21 10:02:02,225 [Worker-108: Building] INFO  o.a.m.s.f.DefaultMavenResourcesFiltering - Copying 1 resource from src\main\resources to target\classes
2025-10-21 10:02:02,277 [Worker-108: Building] INFO  o.a.m.s.f.DefaultMavenResourcesFiltering - Copying 27 resources from src\main\resources to target\classes
2025-10-21 10:02:02,684 [Worker-108: Building] INFO  o.a.m.s.f.DefaultMavenResourcesFiltering - skip non existing resourceDirectory C:\Users\2440888\OneDrive - Cognizant\Desktop\Health-Insurance-Claim\health-insurance-claim\src\test\resources
2025-10-21 10:04:02,176 [Worker-118: Building] INFO  o.a.m.s.f.DefaultMavenResourcesFiltering - Copying 0 resource from src\main\resources to target\classes
2025-10-21 10:04:02,372 [Worker-118: Building] INFO  o.a.m.s.f.DefaultMavenResourcesFiltering - Copying 1 resource from src\main\resources to target\classes
2025-10-21 10:04:02,389 [Worker-118: Building] INFO  o.a.m.s.f.DefaultMavenResourcesFiltering - skip non existing resourceDirectory C:\Users\2440888\OneDrive - Cognizant\Desktop\Health-Insurance-Claim\health-insurance-claim\src\test\resources
2025-10-21 10:05:14,037 [Worker-103: Building] INFO  o.a.m.s.f.DefaultMavenResourcesFiltering - Copying 0 resource from src\main\resources to target\classes
2025-10-21 10:05:14,233 [Worker-103: Building] INFO  o.a.m.s.f.DefaultMavenResourcesFiltering - Copying 1 resource from src\main\resources to target\classes
2025-10-21 10:05:14,251 [Worker-103: Building] INFO  o.a.m.s.f.DefaultMavenResourcesFiltering - skip non existing resourceDirectory C:\Users\2440888\OneDrive - Cognizant\Desktop\Health-Insurance-Claim\health-insurance-claim\src\test\resources
2025-10-21 10:06:42,206 [Worker-116: Building] INFO  o.a.m.s.f.DefaultMavenResourcesFiltering - Copying 0 resource from src\main\resources to target\classes
2025-10-21 10:06:42,457 [Worker-116: Building] INFO  o.a.m.s.f.DefaultMavenResourcesFiltering - Copying 1 resource from src\main\resources to target\classes
2025-10-21 10:06:42,471 [Worker-116: Building] INFO  o.a.m.s.f.DefaultMavenResourcesFiltering - skip non existing resourceDirectory C:\Users\2440888\OneDrive - Cognizant\Desktop\Health-Insurance-Claim\health-insurance-claim\src\test\resources
2025-10-21 10:17:38,342 [Worker-77: Building] INFO  o.a.m.s.f.DefaultMavenResourcesFiltering - Copying 1 resource from src\main\resources to target\classes
2025-10-21 10:17:38,382 [Worker-77: Building] INFO  o.a.m.s.f.DefaultMavenResourcesFiltering - Copying 27 resources from src\main\resources to target\classes
2025-10-21 10:17:38,802 [Worker-77: Building] INFO  o.a.m.s.f.DefaultMavenResourcesFiltering - skip non existing resourceDirectory C:\Users\2440888\OneDrive - Cognizant\Desktop\Health-Insurance-Claim\health-insurance-claim\src\test\resources
2025-10-21 10:17:55,694 [Worker-120: Building] INFO  o.a.m.s.f.DefaultMavenResourcesFiltering - Copying 1 resource from src\main\resources to target\classes
2025-10-21 10:17:55,728 [Worker-120: Building] INFO  o.a.m.s.f.DefaultMavenResourcesFiltering - Copying 27 resources from src\main\resources to target\classes
2025-10-21 10:17:56,180 [Worker-120: Building] INFO  o.a.m.s.f.DefaultMavenResourcesFiltering - skip non existing resourceDirectory C:\Users\2440888\OneDrive - Cognizant\Desktop\Health-Insurance-Claim\health-insurance-claim\src\test\resources
2025-10-21 10:19:35,606 [Worker-120: Building] INFO  o.a.m.s.f.DefaultMavenResourcesFiltering - Copying 1 resource from src\main\resources to target\classes
2025-10-21 10:19:35,627 [Worker-120: Building] INFO  o.a.m.s.f.DefaultMavenResourcesFiltering - Copying 27 resources from src\main\resources to target\classes
2025-10-21 10:19:36,047 [Worker-120: Building] INFO  o.a.m.s.f.DefaultMavenResourcesFiltering - skip non existing resourceDirectory C:\Users\2440888\OneDrive - Cognizant\Desktop\Health-Insurance-Claim\health-insurance-claim\src\test\resources
2025-10-21 10:20:07,430 [Worker-113: Building] INFO  o.a.m.s.f.DefaultMavenResourcesFiltering - Copying 1 resource from src\main\resources to target\classes
2025-10-21 10:20:07,458 [Worker-113: Building] INFO  o.a.m.s.f.DefaultMavenResourcesFiltering - Copying 27 resources from src\main\resources to target\classes
2025-10-21 10:20:07,855 [Worker-113: Building] INFO  o.a.m.s.f.DefaultMavenResourcesFiltering - skip non existing resourceDirectory C:\Users\2440888\OneDrive - Cognizant\Desktop\Health-Insurance-Claim\health-insurance-claim\src\test\resources
2025-10-21 10:20:32,196 [Worker-118: Building] INFO  o.a.m.s.f.DefaultMavenResourcesFiltering - Copying 1 resource from src\main\resources to target\classes
2025-10-21 10:20:32,219 [Worker-118: Building] INFO  o.a.m.s.f.DefaultMavenResourcesFiltering - Copying 27 resources from src\main\resources to target\classes
2025-10-21 10:20:32,608 [Worker-118: Building] INFO  o.a.m.s.f.DefaultMavenResourcesFiltering - skip non existing resourceDirectory C:\Users\2440888\OneDrive - Cognizant\Desktop\Health-Insurance-Claim\health-insurance-claim\src\test\resources
2025-10-21 10:20:59,409 [Worker-115: Building] INFO  o.a.m.s.f.DefaultMavenResourcesFiltering - Copying 1 resource from src\main\resources to target\classes
2025-10-21 10:20:59,454 [Worker-115: Building] INFO  o.a.m.s.f.DefaultMavenResourcesFiltering - Copying 27 resources from src\main\resources to target\classes
2025-10-21 10:20:59,811 [Worker-115: Building] INFO  o.a.m.s.f.DefaultMavenResourcesFiltering - skip non existing resourceDirectory C:\Users\2440888\OneDrive - Cognizant\Desktop\Health-Insurance-Claim\health-insurance-claim\src\test\resources
2025-10-21 10:24:04,217 [Worker-113: Building] INFO  o.a.m.s.f.DefaultMavenResourcesFiltering - Copying 1 resource from src\main\resources to target\classes
2025-10-21 10:24:04,246 [Worker-113: Building] INFO  o.a.m.s.f.DefaultMavenResourcesFiltering - Copying 27 resources from src\main\resources to target\classes
2025-10-21 10:24:04,683 [Worker-113: Building] INFO  o.a.m.s.f.DefaultMavenResourcesFiltering - skip non existing resourceDirectory C:\Users\2440888\OneDrive - Cognizant\Desktop\Health-Insurance-Claim\health-insurance-claim\src\test\resources
2025-10-21 10:24:20,533 [Worker-111: Building] INFO  o.a.m.s.f.DefaultMavenResourcesFiltering - Copying 1 resource from src\main\resources to target\classes
2025-10-21 10:24:20,587 [Worker-111: Building] INFO  o.a.m.s.f.DefaultMavenResourcesFiltering - Copying 27 resources from src\main\resources to target\classes
2025-10-21 10:24:21,050 [Worker-111: Building] INFO  o.a.m.s.f.DefaultMavenResourcesFiltering - skip non existing resourceDirectory C:\Users\2440888\OneDrive - Cognizant\Desktop\Health-Insurance-Claim\health-insurance-claim\src\test\resources
2025-10-21 10:24:47,650 [Worker-108: Building] INFO  o.a.m.s.f.DefaultMavenResourcesFiltering - Copying 1 resource from src\main\resources to target\classes
2025-10-21 10:24:47,680 [Worker-108: Building] INFO  o.a.m.s.f.DefaultMavenResourcesFiltering - Copying 27 resources from src\main\resources to target\classes
2025-10-21 10:24:48,032 [Worker-108: Building] INFO  o.a.m.s.f.DefaultMavenResourcesFiltering - skip non existing resourceDirectory C:\Users\2440888\OneDrive - Cognizant\Desktop\Health-Insurance-Claim\health-insurance-claim\src\test\resources
2025-10-21 10:24:59,768 [Worker-108: Building] INFO  o.a.m.s.f.DefaultMavenResourcesFiltering - Copying 1 resource from src\main\resources to target\classes
2025-10-21 10:24:59,791 [Worker-108: Building] INFO  o.a.m.s.f.DefaultMavenResourcesFiltering - Copying 27 resources from src\main\resources to target\classes
2025-10-21 10:25:00,221 [Worker-108: Building] INFO  o.a.m.s.f.DefaultMavenResourcesFiltering - skip non existing resourceDirectory C:\Users\2440888\OneDrive - Cognizant\Desktop\Health-Insurance-Claim\health-insurance-claim\src\test\resources
2025-10-21 10:36:31,857 [Worker-118: Building] INFO  o.a.m.s.f.DefaultMavenResourcesFiltering - Copying 1 resource from src\main\resources to target\classes
2025-10-21 10:36:31,889 [Worker-118: Building] INFO  o.a.m.s.f.DefaultMavenResourcesFiltering - Copying 27 resources from src\main\resources to target\classes
2025-10-21 10:36:32,342 [Worker-118: Building] INFO  o.a.m.s.f.DefaultMavenResourcesFiltering - skip non existing resourceDirectory C:\Users\2440888\OneDrive - Cognizant\Desktop\Health-Insurance-Claim\health-insurance-claim\src\test\resources
2025-10-21 10:36:42,741 [Worker-118: Building] INFO  o.a.m.s.f.DefaultMavenResourcesFiltering - Copying 1 resource from src\main\resources to target\classes
2025-10-21 10:36:42,767 [Worker-118: Building] INFO  o.a.m.s.f.DefaultMavenResourcesFiltering - Copying 27 resources from src\main\resources to target\classes
2025-10-21 10:36:43,167 [Worker-118: Building] INFO  o.a.m.s.f.DefaultMavenResourcesFiltering - skip non existing resourceDirectory C:\Users\2440888\OneDrive - Cognizant\Desktop\Health-Insurance-Claim\health-insurance-claim\src\test\resources
2025-10-21 10:38:58,015 [Worker-77: Building] INFO  o.a.m.s.f.DefaultMavenResourcesFiltering - Copying 1 resource from src\main\resources to target\classes
2025-10-21 10:38:58,041 [Worker-77: Building] INFO  o.a.m.s.f.DefaultMavenResourcesFiltering - Copying 27 resources from src\main\resources to target\classes
2025-10-21 10:38:58,438 [Worker-77: Building] INFO  o.a.m.s.f.DefaultMavenResourcesFiltering - skip non existing resourceDirectory C:\Users\2440888\OneDrive - Cognizant\Desktop\Health-Insurance-Claim\health-insurance-claim\src\test\resources
2025-10-21 10:59:53,369 [Worker-112: Building] INFO  o.a.m.s.f.DefaultMavenResourcesFiltering - Copying 0 resource from src\main\resources to target\classes
2025-10-21 10:59:53,371 [Worker-112: Building] INFO  o.a.m.s.f.DefaultMavenResourcesFiltering - Copying 0 resource from src\main\resources to target\classes
2025-10-21 10:59:53,374 [Worker-112: Building] INFO  o.a.m.s.f.DefaultMavenResourcesFiltering - skip non existing resourceDirectory C:\Users\2440888\OneDrive - Cognizant\Desktop\Health-Insurance-Claim\employee-service\src\test\resources
2025-10-21 11:00:13,426 [Worker-113: Building] INFO  o.a.m.s.f.DefaultMavenResourcesFiltering - Copying 1 resource from src\main\resources to target\classes
2025-10-21 11:00:13,481 [Worker-113: Building] INFO  o.a.m.s.f.DefaultMavenResourcesFiltering - Copying 0 resource from src\main\resources to target\classes
2025-10-21 11:00:13,487 [Worker-113: Building] INFO  o.a.m.s.f.DefaultMavenResourcesFiltering - skip non existing resourceDirectory C:\Users\2440888\OneDrive - Cognizant\Desktop\Health-Insurance-Claim\employee-service\src\test\resources
